state,workload,method,query,repetition,query_ms,process_wall_ms,input_bytes,resident_before,resident_after,result_sha256,returncode,oracle_cache_changed
warm,job,oracle,01a,1,33.0,67.24567711353302,0,2051026944,2051026944,e7065e4a0485c309ca7ef6b9ad5bc6488a0410e221b5ff5e851d83b076362e8c,0,False
warm,job,oracle,01a,2,38.0,71.79730106145144,0,2051026944,2051026944,e7065e4a0485c309ca7ef6b9ad5bc6488a0410e221b5ff5e851d83b076362e8c,0,False
warm,job,oracle,01b,1,50.0,82.66895171254873,0,2051026944,2051026944,63e7ff6ca95db01f980f53019064ef5c05abefce36ddc1ae826606d6700e05a2,0,False
warm,job,oracle,01b,2,51.0,84.97331384569407,0,2051026944,2051026944,63e7ff6ca95db01f980f53019064ef5c05abefce36ddc1ae826606d6700e05a2,0,False
warm,job,oracle,01c,1,31.0,66.14881008863449,0,2051026944,2051026944,562ccb4669a9545591e526e12e48425c9d371b97676786de271ff1916bb00975,0,False
warm,job,oracle,01c,2,34.0,70.13290282338858,0,2051026944,2051026944,562ccb4669a9545591e526e12e48425c9d371b97676786de271ff1916bb00975,0,False
warm,job,oracle,01d,1,43.0,76.67615357786417,0,2051026944,2051026944,ebbff3a0d3dd3460834f75c49960fe41522df58d69c7ebf6d21d53f5d2fbd180,0,False
warm,job,oracle,01d,2,43.0,79.014060087502,0,2051026944,2051026944,ebbff3a0d3dd3460834f75c49960fe41522df58d69c7ebf6d21d53f5d2fbd180,0,False
warm,job,oracle,02a,1,91.0,129.33677807450294,0,2051026944,2051026944,bc793ee74323079d529abc8c57a719f8d298e62681f5baa03a3ed35e2ff476e1,0,False
warm,job,oracle,02a,2,91.0,128.70360910892487,0,2051026944,2051026944,bc793ee74323079d529abc8c57a719f8d298e62681f5baa03a3ed35e2ff476e1,0,False
warm,job,oracle,02b,1,90.0,127.78282910585403,0,2051026944,2051026944,bc793ee74323079d529abc8c57a719f8d298e62681f5baa03a3ed35e2ff476e1,0,False
warm,job,oracle,02b,2,90.0,127.16478854417801,0,2051026944,2051026944,bc793ee74323079d529abc8c57a719f8d298e62681f5baa03a3ed35e2ff476e1,0,False
warm,job,oracle,02c,1,21.0,57.08599463105202,0,2051026944,2051026944,21726c10dcf9e11a1bc65ffab39bb4df9a068d87d16f1946d8f54d44860395a5,0,False
warm,job,oracle,02c,2,21.0,63.50724399089813,0,2051026944,2051026944,21726c10dcf9e11a1bc65ffab39bb4df9a068d87d16f1946d8f54d44860395a5,0,False
warm,job,oracle,02d,1,114.0,154.8547875136137,0,2051026944,2051026944,ca9731ea3665f8905a44b12a036069283eaf0b70c50ba26bbb0163a08001d6db,0,False
warm,job,oracle,02d,2,109.0,145.4821564257145,0,2051026944,2051026944,ca9731ea3665f8905a44b12a036069283eaf0b70c50ba26bbb0163a08001d6db,0,False
warm,job,oracle,03a,1,432.0,492.1551803126931,0,2051026944,2051026944,153462472e8905ad14fd53ecd85bab8acf031d7da4d8c472a40a3753c918fe9c,0,False
warm,job,oracle,03a,2,400.0,453.9635684341192,0,2051026944,2051026944,153462472e8905ad14fd53ecd85bab8acf031d7da4d8c472a40a3753c918fe9c,0,False
warm,job,oracle,03b,1,577.0,645.4356759786606,0,2051026944,2051026944,5823d637688446f6e08446bb34161b73c127c00affc4b476e9b0840a067992ad,0,False
warm,job,oracle,03b,2,537.0,591.4610568434,0,2051026944,2051026944,5823d637688446f6e08446bb34161b73c127c00affc4b476e9b0840a067992ad,0,False
warm,job,oracle,03c,1,523.0,588.702604174614,0,2051026944,2051026944,a712928b5c545c4dd092a8a7bfd6431bb1b54dfa836b7821ff7b5bf8eb89eb8a,0,False
warm,job,oracle,03c,2,533.0,602.4740375578403,0,2051026944,2051026944,a712928b5c545c4dd092a8a7bfd6431bb1b54dfa836b7821ff7b5bf8eb89eb8a,0,False
warm,job,oracle,04a,1,104.0,141.55035745352507,0,2051026944,2051026944,ddb80bff6eb2aebdc70be08cc145f28a6cb9ea0e18462e8d7b1baa56d4b5d23b,0,False
warm,job,oracle,04a,2,104.0,141.29966218024492,0,2051026944,2051026944,ddb80bff6eb2aebdc70be08cc145f28a6cb9ea0e18462e8d7b1baa56d4b5d23b,0,False
warm,job,oracle,04b,1,77.0,111.67038138955832,0,2051026944,2051026944,523538c7776564e7ed390467ce8a7cd0e8389ea9c424d0e1f887da64c739b557,0,False
warm,job,oracle,04b,2,76.0,121.79627269506454,0,2051026944,2051026944,523538c7776564e7ed390467ce8a7cd0e8389ea9c424d0e1f887da64c739b557,0,False
warm,job,oracle,04c,1,110.0,146.3649356737733,0,2051026944,2051026944,83f0cda97ee9ccb075b05c9b4132515d93cfafe002ef5baf7e337221f1304565,0,False
warm,job,oracle,04c,2,110.0,146.7879330739379,0,2051026944,2051026944,83f0cda97ee9ccb075b05c9b4132515d93cfafe002ef5baf7e337221f1304565,0,False
warm,job,oracle,05a,1,3.0,39.07040972262621,0,2051026944,2051026944,21726c10dcf9e11a1bc65ffab39bb4df9a068d87d16f1946d8f54d44860395a5,0,False
warm,job,oracle,05a,2,3.0,34.86047126352787,0,2051026944,2051026944,21726c10dcf9e11a1bc65ffab39bb4df9a068d87d16f1946d8f54d44860395a5,0,False
warm,job,oracle,05b,1,3.0,35.12916900217533,0,2051026944,2051026944,21726c10dcf9e11a1bc65ffab39bb4df9a068d87d16f1946d8f54d44860395a5,0,False
warm,job,oracle,05b,2,4.0,38.39677944779396,0,2051026944,2051026944,21726c10dcf9e11a1bc65ffab39bb4df9a068d87d16f1946d8f54d44860395a5,0,False
warm,job,oracle,05c,1,336.0,380.48812095075846,0,2051026944,2051026944,0a44fcc5bef54de451146dd745d4d781a3380418a3c12f5815155dba103852f8,0,False
warm,job,oracle,05c,2,345.0,390.1557885110378,0,2051026944,2051026944,0a44fcc5bef54de451146dd745d4d781a3380418a3c12f5815155dba103852f8,0,False
warm,job,oracle,06a,1,245.0,280.80360870808363,0,2051026944,2051026944,cf310956cc4f000731fef95254b0dfd93426ecd7233b52acdac68b464d3d8145,0,False
warm,job,oracle,06a,2,246.0,285.1801738142967,0,2051026944,2051026944,cf310956cc4f000731fef95254b0dfd93426ecd7233b52acdac68b464d3d8145,0,False
warm,job,oracle,06b,1,255.0,296.5662246569991,0,2051026944,2051026944,b4a02d69e1c21434a3dfc3acedede1e4dda199f7066ad4c928822e8b7ea60735,0,False
warm,job,oracle,06b,2,255.0,294.61192805320024,0,2051026944,2051026944,b4a02d69e1c21434a3dfc3acedede1e4dda199f7066ad4c928822e8b7ea60735,0,False
warm,job,oracle,06c,1,250.0,290.19307158887386,0,2051026944,2051026944,602cf449fd5db5c02abb4d93217cbcfb1a376d067aa2741782059554b327ec66,0,False
warm,job,oracle,06c,2,251.0,286.71835362911224,0,2051026944,2051026944,602cf449fd5db5c02abb4d93217cbcfb1a376d067aa2741782059554b327ec66,0,False
warm,job,oracle,06d,1,267.0,308.002233505249,0,2051026944,2051026944,9a9ee192e30a2f15657b1e9167674da6b93ad923e9ab1dd4b739d44171396d8e,0,False
warm,job,oracle,06d,2,266.0,303.09706926345825,0,2051026944,2051026944,9a9ee192e30a2f15657b1e9167674da6b93ad923e9ab1dd4b739d44171396d8e,0,False
warm,job,oracle,06e,1,245.0,281.73211961984634,0,2051026944,2051026944,cf310956cc4f000731fef95254b0dfd93426ecd7233b52acdac68b464d3d8145,0,False
warm,job,oracle,06e,2,250.0,289.26305938512087,0,2051026944,2051026944,cf310956cc4f000731fef95254b0dfd93426ecd7233b52acdac68b464d3d8145,0,False
warm,job,oracle,06f,1,522.0,564.3426813185215,0,2051026944,2051026944,e4a64849d1f6928d6e8361ed308dae1e3819474d48c3a29a6dfa27d82fff1908,0,False
warm,job,oracle,06f,2,520.0,563.7329537421465,0,2051026944,2051026944,e4a64849d1f6928d6e8361ed308dae1e3819474d48c3a29a6dfa27d82fff1908,0,False
warm,job,oracle,07a,1,205.0,245.5186117440462,0,2051026944,2051026944,08741fe3bcce22e88389f67304210ef54b78298b7322a3d34c0133c680a95d2b,0,False
warm,job,oracle,07a,2,205.0,244.01045124977827,0,2051026944,2051026944,08741fe3bcce22e88389f67304210ef54b78298b7322a3d34c0133c680a95d2b,0,False
warm,job,oracle,07b,1,136.0,174.29720982909203,0,2051026944,2051026944,6a942eeb51fb268cf3508ce35d269c80439e4679fd64d6152670806a1d13b84b,0,False
warm,job,oracle,07b,2,137.0,173.390437848866,0,2051026944,2051026944,6a942eeb51fb268cf3508ce35d269c80439e4679fd64d6152670806a1d13b84b,0,False
warm,job,oracle,07c,1,850.0,919.3843994289637,0,2051026944,2051026944,ea1d6d27f02203c5685bda10c3e3802698af63bdf664dfdf2bea727c6dd5670c,0,False
warm,job,oracle,07c,2,888.0,947.8550786152482,0,2051026944,2051026944,ea1d6d27f02203c5685bda10c3e3802698af63bdf664dfdf2bea727c6dd5670c,0,False
warm,job,oracle,08a,1,358.0,424.8299365863204,0,2051026944,2051026944,82d80bc79518fce643c8cb8b25066d30449435af2260dd5d5130a84a6fbbf710,0,False
warm,job,oracle,08a,2,358.0,397.75769133120775,0,2051026944,2051026944,82d80bc79518fce643c8cb8b25066d30449435af2260dd5d5130a84a6fbbf710,0,False
warm,job,oracle,08b,1,295.0,337.03395538032055,0,2051026944,2051026944,18fc8befbe97194bb0dd0938fccaf37f393f6de2218ebde02f13c90e195d8dd0,0,False
warm,job,oracle,08b,2,295.0,337.30214182287455,0,2051026944,2051026944,18fc8befbe97194bb0dd0938fccaf37f393f6de2218ebde02f13c90e195d8dd0,0,False
warm,job,oracle,08c,1,794.0,850.7734788581729,0,2051026944,2051026944,7465829d867dd355db1eccde557ebf271ae12a72c816573a22efe46278831014,0,False
warm,job,oracle,08c,2,790.0,859.6620438620448,0,2051026944,2051026944,7465829d867dd355db1eccde557ebf271ae12a72c816573a22efe46278831014,0,False
warm,job,oracle,08d,1,227.0,268.57482828199863,0,2051026944,2051026944,30be15026c3210110c0445cfe84716b68d95bfc15fdf5e032a18f40bc001205a,0,False
warm,job,oracle,08d,2,225.0,266.061550937593,0,2051026944,2051026944,30be15026c3210110c0445cfe84716b68d95bfc15fdf5e032a18f40bc001205a,0,False
warm,job,oracle,09a,1,459.0,502.8210896998644,0,2051026944,2051026944,2d514cc6a3833e1894724993543e6ce79601fd41a1c3863be4b52e6fbb07849d,0,False
warm,job,oracle,09a,2,430.0,472.834556363523,0,2051026944,2051026944,2d514cc6a3833e1894724993543e6ce79601fd41a1c3863be4b52e6fbb07849d,0,False
warm,job,oracle,09b,1,426.0,469.8548773303628,0,2051026944,2051026944,edf89578cbaedd8aef3f84b6a08b2ec20528f53f87d3951a7786bc8a20366c62,0,False
warm,job,oracle,09b,2,424.0,466.0178069025278,0,2051026944,2051026944,edf89578cbaedd8aef3f84b6a08b2ec20528f53f87d3951a7786bc8a20366c62,0,False
warm,job,oracle,09c,1,438.0,479.0752464905381,0,2051026944,2051026944,dda7dae742f7fc0d1fb9bfc4609eee02da0dbca4760c238b79e66bea0ae1f058,0,False
warm,job,oracle,09c,2,438.0,478.7176363170147,0,2051026944,2051026944,dda7dae742f7fc0d1fb9bfc4609eee02da0dbca4760c238b79e66bea0ae1f058,0,False
warm,job,oracle,09d,1,664.0,705.76161891222,0,2051026944,2051026944,d63b63c0a973d52de0ee2e3fefab4473a0da6db29ef718b8966a02091acf5790,0,False
warm,job,oracle,09d,2,665.0,708.9241975918412,0,2051026944,2051026944,d63b63c0a973d52de0ee2e3fefab4473a0da6db29ef718b8966a02091acf5790,0,False
warm,job,oracle,10a,1,448.0,490.7832993194461,0,2051026944,2051026944,f2420b69488a1f88d1fc4ce7e4377bdcc29a9d80a23f0f4c6d652867187b4273,0,False
warm,job,oracle,10a,2,442.0,485.50429474562407,0,2051026944,2051026944,f2420b69488a1f88d1fc4ce7e4377bdcc29a9d80a23f0f4c6d652867187b4273,0,False
warm,job,oracle,10b,1,256.0,294.7411360219121,0,2051026944,2051026944,c8833f4b90af0029c8e3899bd120360cb70a0771d4a3ca840e2a2cd697e07a33,0,False
warm,job,oracle,10b,2,258.0,296.60707991570234,0,2051026944,2051026944,c8833f4b90af0029c8e3899bd120360cb70a0771d4a3ca840e2a2cd697e07a33,0,False
warm,job,oracle,10c,1,1038.0,1084.9978988990188,0,2051026944,2051026944,64bec1355ab6fa5d48fd78d86f0a54536c63a290f48b0c34b236b1ab6679b9d9,0,False
warm,job,oracle,10c,2,1074.0,1132.1470700204372,0,2051026944,2051026944,64bec1355ab6fa5d48fd78d86f0a54536c63a290f48b0c34b236b1ab6679b9d9,0,False
warm,job,oracle,11a,1,36.0,71.68649509549141,0,2051026944,2051026944,75aef14b7b200510998732f66bf24b5eb353a77d15b16d358bff021a433c32ad,0,False
warm,job,oracle,11a,2,37.0,77.1962022408843,0,2051026944,2051026944,75aef14b7b200510998732f66bf24b5eb353a77d15b16d358bff021a433c32ad,0,False
warm,job,oracle,11b,1,161.0,196.50870747864246,0,2051026944,2051026944,fcae141de9c9e5fa0f5988e485096c9c00b1640e64fffdfeaa2a7c84c5bde5f6,0,False
warm,job,oracle,11b,2,160.0,208.3717007189989,0,2051026944,2051026944,fcae141de9c9e5fa0f5988e485096c9c00b1640e64fffdfeaa2a7c84c5bde5f6,0,False
warm,job,oracle,11c,1,51.0,86.46287303417921,0,2051026944,2051026944,13579a62e4c5df28771ad00eb6fb65c4f1e9d372b2abbb37fb8dd637b81ee964,0,False
warm,job,oracle,11c,2,50.0,84.26571451127529,0,2051026944,2051026944,13579a62e4c5df28771ad00eb6fb65c4f1e9d372b2abbb37fb8dd637b81ee964,0,False
warm,job,oracle,11d,1,41.0,77.24757585674524,0,2051026944,2051026944,765a32eeb9d4b8a1e5ddb591407860e7fe93f4d1918d3b1a0f6a3c66fe2e858a,0,False
warm,job,oracle,11d,2,42.0,76.66666619479656,0,2051026944,2051026944,765a32eeb9d4b8a1e5ddb591407860e7fe93f4d1918d3b1a0f6a3c66fe2e858a,0,False
warm,job,oracle,12a,1,107.0,144.6638209745288,0,2051026944,2051026944,02c6bcaa6a3333b31881aaacd682070a6fc21572445569086b5e2aab06ca69cf,0,False
warm,job,oracle,12a,2,107.0,144.3664999678731,0,2051026944,2051026944,02c6bcaa6a3333b31881aaacd682070a6fc21572445569086b5e2aab06ca69cf,0,False
warm,job,oracle,12b,1,100.0,144.48306243866682,0,2051026944,2051026944,75049d679134f8dadd2fcb4dd808286ffde11e0cd485eab3f05ede5fe04ba3e9,0,False
warm,job,oracle,12b,2,98.0,136.5649988874793,0,2051026944,2051026944,75049d679134f8dadd2fcb4dd808286ffde11e0cd485eab3f05ede5fe04ba3e9,0,False
warm,job,oracle,12c,1,131.0,176.00471805781126,0,2051026944,2051026944,61c1ba0c98c3c0a6c9ce5f81482b81183a9352a065a407e62323a315acc5c9c4,0,False
warm,job,oracle,12c,2,132.0,182.0379151031375,0,2051026944,2051026944,61c1ba0c98c3c0a6c9ce5f81482b81183a9352a065a407e62323a315acc5c9c4,0,False
warm,job,oracle,13a,1,110.0,150.17017349600792,0,2051026944,2051026944,b7c682bf7a69cc780c482fe1f4cd19a65f7a24b616c366483521e8ca4362fe3f,0,False
warm,job,oracle,13a,2,114.0,154.01442721486092,0,2051026944,2051026944,b7c682bf7a69cc780c482fe1f4cd19a65f7a24b616c366483521e8ca4362fe3f,0,False
warm,job,oracle,13b,1,129.0,168.41059271246195,0,2051026944,2051026944,c564e4ae333be542642c853c5b2d8ba6571ca6f72736d6eee61b7c82162343cf,0,False
warm,job,oracle,13b,2,130.0,166.6143210604787,0,2051026944,2051026944,c564e4ae333be542642c853c5b2d8ba6571ca6f72736d6eee61b7c82162343cf,0,False
warm,job,oracle,13c,1,98.0,132.42272567003965,0,2051026944,2051026944,afdff1d06f6c699a12638dac25850eb84e981ea0edd8098770d7bee393a8237b,0,False
warm,job,oracle,13c,2,97.0,135.70147566497326,0,2051026944,2051026944,afdff1d06f6c699a12638dac25850eb84e981ea0edd8098770d7bee393a8237b,0,False
warm,job,oracle,13d,1,189.0,226.80737171322107,0,2051026944,2051026944,6dc3ecd52a645ca986b1c68a4a01a9e18efdf4146ed0da1d55adeaac2bd23dc3,0,False
warm,job,oracle,13d,2,181.0,217.01391227543354,0,2051026944,2051026944,6dc3ecd52a645ca986b1c68a4a01a9e18efdf4146ed0da1d55adeaac2bd23dc3,0,False
warm,job,oracle,14a,1,115.0,166.76952224224806,0,2051026944,2051026944,2c66657ce156258fe44f31397c940d51d9ccf529d3c970d1697af21e272246b8,0,False
warm,job,oracle,14a,2,107.0,145.38870751857758,0,2051026944,2051026944,2c66657ce156258fe44f31397c940d51d9ccf529d3c970d1697af21e272246b8,0,False
warm,job,oracle,14b,1,130.0,166.9340981170535,0,2051026944,2051026944,3166468f404e5eafe69cb2483a06d1a5c6fb80e1c21de5391b0ccdafcd854adb,0,False
warm,job,oracle,14b,2,134.0,170.62654625624418,0,2051026944,2051026944,3166468f404e5eafe69cb2483a06d1a5c6fb80e1c21de5391b0ccdafcd854adb,0,False
warm,job,oracle,14c,1,142.0,181.56154453754425,0,2051026944,2051026944,2c66657ce156258fe44f31397c940d51d9ccf529d3c970d1697af21e272246b8,0,False
warm,job,oracle,14c,2,137.0,176.25390458852053,0,2051026944,2051026944,2c66657ce156258fe44f31397c940d51d9ccf529d3c970d1697af21e272246b8,0,False
warm,job,oracle,15a,1,298.0,339.7189360111952,0,2051026944,2051026944,f6485a645d13c274907f4443b97500b9116d3d5383a594bba4ad8ddd83248358,0,False
warm,job,oracle,15a,2,265.0,306.37005157768726,0,2051026944,2051026944,f6485a645d13c274907f4443b97500b9116d3d5383a594bba4ad8ddd83248358,0,False
warm,job,oracle,15b,1,387.0,438.6073676869273,0,2051026944,2051026944,5e79daf7a3d7c64aba2fa23d8cceebdecd74606e680509dc349bd07b49d47104,0,False
warm,job,oracle,15b,2,363.0,405.365907587111,0,2051026944,2051026944,5e79daf7a3d7c64aba2fa23d8cceebdecd74606e680509dc349bd07b49d47104,0,False
warm,job,oracle,15c,1,268.0,307.6612437143922,0,2051026944,2051026944,883f58a0f34091fd3c2bb5971c6c8bcb69f9e7466c9f0b62088e42e16eb1816a,0,False
warm,job,oracle,15c,2,269.0,310.54200045764446,0,2051026944,2051026944,883f58a0f34091fd3c2bb5971c6c8bcb69f9e7466c9f0b62088e42e16eb1816a,0,False
warm,job,oracle,15d,1,207.0,247.8104205802083,0,2051026944,2051026944,16c2aeb5e00e4a6aa35b7e486776c3eee7e34cc94c947bbcf0a93921fa8aa6ba,0,False
warm,job,oracle,15d,2,200.0,237.37346567213535,0,2051026944,2051026944,16c2aeb5e00e4a6aa35b7e486776c3eee7e34cc94c947bbcf0a93921fa8aa6ba,0,False
warm,job,oracle,16a,1,363.0,407.0129366591573,0,2051026944,2051026944,0c45a9e7b66310b6b11be784beb30c75f4c8eed8661a90cf963d2e4091a7d1c8,0,False
warm,job,oracle,16a,2,361.0,402.3397983983159,0,2051026944,2051026944,0c45a9e7b66310b6b11be784beb30c75f4c8eed8661a90cf963d2e4091a7d1c8,0,False
warm,job,oracle,16b,1,1182.0,1249.304773285985,0,2051026944,2051026944,9e2a1c07b046e60cf708259c9243e3fd9632bc8c6f48d9ea589c868f38d28ed7,0,False
warm,job,oracle,16b,2,1209.0,1280.550486408174,0,2051026944,2051026944,9e2a1c07b046e60cf708259c9243e3fd9632bc8c6f48d9ea589c868f38d28ed7,0,False
warm,job,oracle,16c,1,456.0,498.8518515601754,0,2051026944,2051026944,d0bee8e7de4d68c979f73590c12e8b02a85f2c755a10b3c309488e6dcbfe5740,0,False
warm,job,oracle,16c,2,462.0,509.83209256082773,0,2051026944,2051026944,d0bee8e7de4d68c979f73590c12e8b02a85f2c755a10b3c309488e6dcbfe5740,0,False
warm,job,oracle,16d,1,443.0,485.0844768807292,0,2051026944,2051026944,d0bee8e7de4d68c979f73590c12e8b02a85f2c755a10b3c309488e6dcbfe5740,0,False
warm,job,oracle,16d,2,442.0,487.1885608881712,0,2051026944,2051026944,d0bee8e7de4d68c979f73590c12e8b02a85f2c755a10b3c309488e6dcbfe5740,0,False
warm,job,oracle,17a,1,355.0,397.77931198477745,0,2051026944,2051026944,7fe9c0a6b11f6430f4ae93ba9c5ff48bb030edbb92563715b7c0e707ae2ed161,0,False
warm,job,oracle,17a,2,365.0,406.155489385128,0,2051026944,2051026944,7fe9c0a6b11f6430f4ae93ba9c5ff48bb030edbb92563715b7c0e707ae2ed161,0,False
warm,job,oracle,17b,1,330.0,368.45369543880224,0,2051026944,2051026944,15d568773ef08f416db819a9a7c2d9a3ea64f7dfe14dd59cb79c3e498a901950,0,False
warm,job,oracle,17b,2,330.0,370.51224056631327,0,2051026944,2051026944,15d568773ef08f416db819a9a7c2d9a3ea64f7dfe14dd59cb79c3e498a901950,0,False
warm,job,oracle,17c,1,331.0,371.985400095582,0,2051026944,2051026944,0a884c1a69183318c60d10407f267ae08c3224cb8fcaf81101e8395da797fb76,0,False
warm,job,oracle,17c,2,331.0,372.37856816500425,0,2051026944,2051026944,0a884c1a69183318c60d10407f267ae08c3224cb8fcaf81101e8395da797fb76,0,False
warm,job,oracle,17d,1,529.0,577.098598703742,0,2051026944,2051026944,3fdb8c95209ce2ebb49425ec504bd23dc223cf3d516119bccf006b60f0c2f681,0,False
warm,job,oracle,17d,2,495.0,537.8117067739367,0,2051026944,2051026944,3fdb8c95209ce2ebb49425ec504bd23dc223cf3d516119bccf006b60f0c2f681,0,False
warm,job,oracle,17e,1,651.0,697.6317940279841,0,2051026944,2051026944,a2ee465ab850ed008e06898aea4f520f80721dc49d77bee2fbd9642414dc8d32,0,False
warm,job,oracle,17e,2,656.0,702.0773384720087,0,2051026944,2051026944,a2ee465ab850ed008e06898aea4f520f80721dc49d77bee2fbd9642414dc8d32,0,False
warm,job,oracle,17f,1,646.0,694.0725296735764,0,2051026944,2051026944,e557f8ea5a5ba7f51aa243f64a576a3a30208bb63763efa120b8a428ee987bce,0,False
warm,job,oracle,17f,2,647.0,695.0498204678297,0,2051026944,2051026944,e557f8ea5a5ba7f51aa243f64a576a3a30208bb63763efa120b8a428ee987bce,0,False
warm,job,oracle,18a,1,481.0,544.3416312336922,0,2051026944,2051026944,d21acd2aa56a5d8370777029957408dee7173b82774191d7ddd090d823de8a9d,0,False
warm,job,oracle,18a,2,483.0,529.8018408939242,0,2051026944,2051026944,d21acd2aa56a5d8370777029957408dee7173b82774191d7ddd090d823de8a9d,0,False
warm,job,oracle,18b,1,522.0,573.4509034082294,0,2051026944,2051026944,5af7d07710dab90620e41e6d23846eaf69924560681748a3e0b9ad6daeea763b,0,False
warm,job,oracle,18b,2,527.0,574.9089075252414,0,2051026944,2051026944,5af7d07710dab90620e41e6d23846eaf69924560681748a3e0b9ad6daeea763b,0,False
warm,job,oracle,18c,1,829.0,875.214952044189,0,2051026944,2051026944,0cd2afcf0fee2a3719202e03505115ac80013017a45bb0e841defa6908280df4,0,False
warm,job,oracle,18c,2,851.0,907.5423600152135,0,2051026944,2051026944,0cd2afcf0fee2a3719202e03505115ac80013017a45bb0e841defa6908280df4,0,False
warm,job,oracle,19a,1,364.0,409.4728287309408,0,2051026944,2051026944,1ae5f1fccd9725d8e9d1d2060c5603cc7cf7115143520ccf703d325148da07dd,0,False
warm,job,oracle,19a,2,356.0,402.3441541939974,0,2051026944,2051026944,1ae5f1fccd9725d8e9d1d2060c5603cc7cf7115143520ccf703d325148da07dd,0,False
warm,job,oracle,19b,1,354.0,397.19258714467287,0,2051026944,2051026944,6e5674983d7c62fbdb68f0b116f6c4311e4c77093a2e8cebac29f771a5d03153,0,False
warm,job,oracle,19b,2,363.0,407.6579920947552,0,2051026944,2051026944,6e5674983d7c62fbdb68f0b116f6c4311e4c77093a2e8cebac29f771a5d03153,0,False
warm,job,oracle,19c,1,508.0,553.8121517747641,0,2051026944,2051026944,77b8f0442dcb79b47184820142d029c0236f5aa25a1ffd3816ba355499f140b8,0,False
warm,job,oracle,19c,2,506.0,551.4449756592512,0,2051026944,2051026944,77b8f0442dcb79b47184820142d029c0236f5aa25a1ffd3816ba355499f140b8,0,False
warm,job,oracle,19d,1,678.0,725.6179507821798,0,2051026944,2051026944,4144ae8243c6cb654983fd1c4e6c0dd1d7f2d913f583f4c499207ead79d69b54,0,False
warm,job,oracle,19d,2,698.0,769.6664920076728,0,2051026944,2051026944,4144ae8243c6cb654983fd1c4e6c0dd1d7f2d913f583f4c499207ead79d69b54,0,False
warm,job,oracle,20a,1,765.0,810.0045761093497,0,2051026944,2051026944,c9e65e31a6a24fc26ac9fc3a935f3ddf49bff072795dca0c90dad03e760a19e0,0,False
warm,job,oracle,20a,2,770.0,819.302492775023,0,2051026944,2051026944,c9e65e31a6a24fc26ac9fc3a935f3ddf49bff072795dca0c90dad03e760a19e0,0,False
warm,job,oracle,20b,1,558.0,602.9828898608685,0,2051026944,2051026944,c826f8325b6868f0a8c323bacb3abd3ae7477c2327ea08b458cb23d71938d9c2,0,False
warm,job,oracle,20b,2,557.0,599.7868031263351,0,2051026944,2051026944,c826f8325b6868f0a8c323bacb3abd3ae7477c2327ea08b458cb23d71938d9c2,0,False
warm,job,oracle,20c,1,790.0,849.6888093650341,0,2051026944,2051026944,f47dd0ede140b6bd1dbb11728a938bd7a90e0d809bca65638635da44e14c32da,0,False
warm,job,oracle,20c,2,788.0,842.8448811173439,0,2051026944,2051026944,f47dd0ede140b6bd1dbb11728a938bd7a90e0d809bca65638635da44e14c32da,0,False
warm,job,oracle,21a,1,79.0,116.66529253125191,0,2051026944,2051026944,b220b434b6646e98101048b3ea2ad64da2f3485fd18cf1c1f83239c47494a1b3,0,False
warm,job,oracle,21a,2,77.0,115.83021935075521,0,2051026944,2051026944,b220b434b6646e98101048b3ea2ad64da2f3485fd18cf1c1f83239c47494a1b3,0,False
warm,job,oracle,21b,1,79.0,118.50563064217567,0,2051026944,2051026944,6fdabe24b063c3e05d3efffaecfdb8b7b4a1291947821a3285f3aa05934a0ea8,0,False
warm,job,oracle,21b,2,78.0,114.56670798361301,0,2051026944,2051026944,6fdabe24b063c3e05d3efffaecfdb8b7b4a1291947821a3285f3aa05934a0ea8,0,False
warm,job,oracle,21c,1,79.0,116.48090556263924,0,2051026944,2051026944,75aef14b7b200510998732f66bf24b5eb353a77d15b16d358bff021a433c32ad,0,False
warm,job,oracle,21c,2,79.0,113.5464496910572,0,2051026944,2051026944,75aef14b7b200510998732f66bf24b5eb353a77d15b16d358bff021a433c32ad,0,False
warm,job,oracle,22a,1,201.0,239.6973678842187,0,2051026944,2051026944,49d165dc0eee66dd596a6c56a9654c307563385e859a8174e8214a4eb79829f5,0,False
warm,job,oracle,22a,2,201.0,241.39726627618074,0,2051026944,2051026944,49d165dc0eee66dd596a6c56a9654c307563385e859a8174e8214a4eb79829f5,0,False
warm,job,oracle,22b,1,202.0,244.0333142876625,0,2051026944,2051026944,c2cf5802dc659bfe123d02dbc80870fc22abf7a3dd789966592efd2a0189223b,0,False
warm,job,oracle,22b,2,202.0,244.3817611783743,0,2051026944,2051026944,c2cf5802dc659bfe123d02dbc80870fc22abf7a3dd789966592efd2a0189223b,0,False
warm,job,oracle,22c,1,234.0,288.3102325722575,0,2051026944,2051026944,ec582ce64fb40f07ac072ab1c979fe8fad6bfd0b711dee98405d16c93c5388bf,0,False
warm,job,oracle,22c,2,221.0,260.38080267608166,0,2051026944,2051026944,ec582ce64fb40f07ac072ab1c979fe8fad6bfd0b711dee98405d16c93c5388bf,0,False
warm,job,oracle,22d,1,187.0,225.3316706046462,0,2051026944,2051026944,e53f77190a8d5cc94dc638c6a152324366e9c8775ba34c4ab45d8273097141e1,0,False
warm,job,oracle,22d,2,185.0,223.05394150316715,0,2051026944,2051026944,e53f77190a8d5cc94dc638c6a152324366e9c8775ba34c4ab45d8273097141e1,0,False
warm,job,oracle,23a,1,242.0,279.55874893814325,0,2051026944,2051026944,1638adb7b1e5c1c3fae7cd491d58a339abd218fb0de4747342bc9f4725340967,0,False
warm,job,oracle,23a,2,284.0,327.145722694695,0,2051026944,2051026944,1638adb7b1e5c1c3fae7cd491d58a339abd218fb0de4747342bc9f4725340967,0,False
warm,job,oracle,23b,1,371.0,419.91069819778204,0,2051026944,2051026944,de0d7c792d956183c4a59443ab2d175cb2efd27b44eaac44274afc65b1ee3ada,0,False
warm,job,oracle,23b,2,358.0,400.30946116894484,0,2051026944,2051026944,de0d7c792d956183c4a59443ab2d175cb2efd27b44eaac44274afc65b1ee3ada,0,False
warm,job,oracle,23c,1,241.0,281.76666982471943,0,2051026944,2051026944,e10fab510282ed90b22716dccfbc19163745b966d49507296786897392685fb6,0,False
warm,job,oracle,23c,2,240.0,276.71846468001604,0,2051026944,2051026944,e10fab510282ed90b22716dccfbc19163745b966d49507296786897392685fb6,0,False
warm,job,oracle,24a,1,483.0,546.2096193805337,0,2051026944,2051026944,30e1ca86921ccc8248427e9ed99656518436b8c5490b535dd6d34cab98aaf5e7,0,False
warm,job,oracle,24a,2,456.0,503.2321223989129,0,2051026944,2051026944,30e1ca86921ccc8248427e9ed99656518436b8c5490b535dd6d34cab98aaf5e7,0,False
warm,job,oracle,24b,1,393.0,438.3411156013608,0,2051026944,2051026944,767718d918d9b17aeb7d1b87efbdcedc6b4f6b60133ef3e448e7cf4597b23881,0,False
warm,job,oracle,24b,2,392.0,435.6119828298688,0,2051026944,2051026944,767718d918d9b17aeb7d1b87efbdcedc6b4f6b60133ef3e448e7cf4597b23881,0,False
warm,job,oracle,25a,1,771.0,817.8941458463669,0,2051026944,2051026944,d21eaf7ef62fa4e701443b6a2cdc1fe0e176dd5453d5d3ed0bfc40ec5e01b56b,0,False
warm,job,oracle,25a,2,777.0,822.965957224369,0,2051026944,2051026944,d21eaf7ef62fa4e701443b6a2cdc1fe0e176dd5453d5d3ed0bfc40ec5e01b56b,0,False
warm,job,oracle,25b,1,338.0,382.35716708004475,0,2051026944,2051026944,b26c073dc32fce2cb85546b60c8510a32d46c536bcfb2a9e27b0ebbabfbd81fa,0,False
warm,job,oracle,25b,2,335.0,377.90956534445286,0,2051026944,2051026944,b26c073dc32fce2cb85546b60c8510a32d46c536bcfb2a9e27b0ebbabfbd81fa,0,False
warm,job,oracle,25c,1,834.0,881.6861901432276,0,2051026944,2051026944,956e59b9c5855bea01d2ef1a35073ad2635bb94698b44a53b98dd8c92f141848,0,False
warm,job,oracle,25c,2,840.0,888.105665333569,0,2051026944,2051026944,956e59b9c5855bea01d2ef1a35073ad2635bb94698b44a53b98dd8c92f141848,0,False
warm,job,oracle,26a,1,794.0,862.6015745103359,0,2051026944,2051026944,7f8a02b86273b236f5bb9ba9ac9bae28e25cef4e624a61bc9f8c15e52a14b705,0,False
warm,job,oracle,26a,2,768.0,813.9472277835011,0,2051026944,2051026944,7f8a02b86273b236f5bb9ba9ac9bae28e25cef4e624a61bc9f8c15e52a14b705,0,False
warm,job,oracle,26b,1,715.0,779.1454568505287,0,2051026944,2051026944,7c669de000f60c5ac1b3091bf9ed3a0b3323e57f16d776a5f4517c264be99a5a,0,False
warm,job,oracle,26b,2,693.0,739.8912599310279,0,2051026944,2051026944,7c669de000f60c5ac1b3091bf9ed3a0b3323e57f16d776a5f4517c264be99a5a,0,False
warm,job,oracle,26c,1,757.0,810.2473579347134,0,2051026944,2051026944,22b8c3533187d30ccb3d865e9faecd1464f965a1ff32abf4e62fb941bf8346c8,0,False
warm,job,oracle,26c,2,731.0,776.1686434969306,0,2051026944,2051026944,22b8c3533187d30ccb3d865e9faecd1464f965a1ff32abf4e62fb941bf8346c8,0,False
warm,job,oracle,27a,1,72.0,110.87934300303459,0,2051026944,2051026944,ea776b4cb43066a5ee13ee751c614973becdcd37d77ccf979558e12219b8c8ca,0,False
warm,job,oracle,27a,2,71.0,113.33981342613697,0,2051026944,2051026944,ea776b4cb43066a5ee13ee751c614973becdcd37d77ccf979558e12219b8c8ca,0,False
warm,job,oracle,27b,1,58.0,93.97473186254501,0,2051026944,2051026944,2830e9f1def171e0a695b76715594bd362de67d5bba65e8ba8cf250400b716fe,0,False
warm,job,oracle,27b,2,58.0,93.64657197147608,0,2051026944,2051026944,2830e9f1def171e0a695b76715594bd362de67d5bba65e8ba8cf250400b716fe,0,False
warm,job,oracle,27c,1,73.0,110.01428216695786,0,2051026944,2051026944,ea776b4cb43066a5ee13ee751c614973becdcd37d77ccf979558e12219b8c8ca,0,False
warm,job,oracle,27c,2,76.0,117.15363897383213,0,2051026944,2051026944,ea776b4cb43066a5ee13ee751c614973becdcd37d77ccf979558e12219b8c8ca,0,False
warm,job,oracle,28a,1,208.0,249.62544068694115,0,2051026944,2051026944,f35e15e5ead599b31abf448417f863da86610d3177a787980355ce7404b9206d,0,False
warm,job,oracle,28a,2,195.0,235.43972056359053,0,2051026944,2051026944,f35e15e5ead599b31abf448417f863da86610d3177a787980355ce7404b9206d,0,False
warm,job,oracle,28b,1,138.0,177.5952223688364,0,2051026944,2051026944,834d65c81a3e5f0b36520def841bf2be3131c6e7d132e3719ca307512fda0f14,0,False
warm,job,oracle,28b,2,138.0,175.069872289896,0,2051026944,2051026944,834d65c81a3e5f0b36520def841bf2be3131c6e7d132e3719ca307512fda0f14,0,False
warm,job,oracle,28c,1,198.0,235.42406875640154,0,2051026944,2051026944,f3678553b4c587b6dffa443561fc8a1bbd44a408476201160c0c812b963a0f53,0,False
warm,job,oracle,28c,2,221.0,265.2506288141012,0,2051026944,2051026944,f3678553b4c587b6dffa443561fc8a1bbd44a408476201160c0c812b963a0f53,0,False
warm,job,oracle,29a,1,377.0,418.2437574490905,0,2051026944,2051026944,512354bf2bc70a0dd2dfc36c81daf6b950b76ab693ed35b4a0c867a43f77368f,0,False
warm,job,oracle,29a,2,385.0,431.08455650508404,0,2051026944,2051026944,512354bf2bc70a0dd2dfc36c81daf6b950b76ab693ed35b4a0c867a43f77368f,0,False
warm,job,oracle,29b,1,572.0,618.7802022323012,0,2051026944,2051026944,512354bf2bc70a0dd2dfc36c81daf6b950b76ab693ed35b4a0c867a43f77368f,0,False
warm,job,oracle,29b,2,590.0,644.4680551066995,0,2051026944,2051026944,512354bf2bc70a0dd2dfc36c81daf6b950b76ab693ed35b4a0c867a43f77368f,0,False
warm,job,oracle,29c,1,394.0,437.4181069433689,0,2051026944,2051026944,99eac0225db341ba2d73204cdbd6fef775fbec98308bc4939ee1ebfad1b38c0b,0,False
warm,job,oracle,29c,2,414.0,462.990858592093,0,2051026944,2051026944,99eac0225db341ba2d73204cdbd6fef775fbec98308bc4939ee1ebfad1b38c0b,0,False
warm,job,oracle,30a,1,645.0,692.5466479733586,0,2051026944,2051026944,a96523021fefab47fbe2dfbf0141d0a3a300b2a5b78aa2baa14896b37841916e,0,False
warm,job,oracle,30a,2,674.0,730.5668573826551,0,2051026944,2051026944,a96523021fefab47fbe2dfbf0141d0a3a300b2a5b78aa2baa14896b37841916e,0,False
warm,job,oracle,30b,1,498.0,547.3261950537562,0,2051026944,2051026944,c7c3c6257fdb2a3ab79d0def5064b051fe6794274560464f3b7e1eb5187ad7c1,0,False
warm,job,oracle,30b,2,485.0,530.0018331035972,0,2051026944,2051026944,c7c3c6257fdb2a3ab79d0def5064b051fe6794274560464f3b7e1eb5187ad7c1,0,False
warm,job,oracle,30c,1,788.0,837.452944368124,0,2051026944,2051026944,167828a045d6cd466177ce1d400a446f3c819d47293c9c70e4bf17465632821a,0,False
warm,job,oracle,30c,2,779.0,825.7676996290684,0,2051026944,2051026944,167828a045d6cd466177ce1d400a446f3c819d47293c9c70e4bf17465632821a,0,False
warm,job,oracle,31a,1,634.0,679.6077638864517,0,2051026944,2051026944,255f84793ebb9cc23de0166fb22b6c11cc0520f038d818f21fa8609dd9669ef7,0,False
warm,job,oracle,31a,2,633.0,689.0746299177408,0,2051026944,2051026944,255f84793ebb9cc23de0166fb22b6c11cc0520f038d818f21fa8609dd9669ef7,0,False
warm,job,oracle,31b,1,489.0,534.3258213251829,0,2051026944,2051026944,4dd25675b042522f24ffb936a21cafbaecf66727118a2dd79079326061f7b3e7,0,False
warm,job,oracle,31b,2,476.0,523.2307398691773,0,2051026944,2051026944,4dd25675b042522f24ffb936a21cafbaecf66727118a2dd79079326061f7b3e7,0,False
warm,job,oracle,31c,1,682.0,727.6207720860839,0,2051026944,2051026944,77d4bd293175101fcd0e3ae1a25b058d7e5663547f4b50493f546e7358c6bd31,0,False
warm,job,oracle,31c,2,680.0,726.476164534688,0,2051026944,2051026944,77d4bd293175101fcd0e3ae1a25b058d7e5663547f4b50493f546e7358c6bd31,0,False
warm,job,oracle,32a,1,8.0,41.96670278906822,0,2051026944,2051026944,391e9f7cc58a0915e4240408ec8de3e947b3ed1197141757d94613ddcfeb945b,0,False
warm,job,oracle,32a,2,8.0,42.31016244739294,0,2051026944,2051026944,391e9f7cc58a0915e4240408ec8de3e947b3ed1197141757d94613ddcfeb945b,0,False
warm,job,oracle,32b,1,58.0,96.15506045520306,0,2051026944,2051026944,d463c9a0009b055de45f087a75a3b20a09dcc453647a52733898abe173a47680,0,False
warm,job,oracle,32b,2,61.0,96.8312295153737,0,2051026944,2051026944,d463c9a0009b055de45f087a75a3b20a09dcc453647a52733898abe173a47680,0,False
warm,job,oracle,33a,1,88.0,123.47409036010504,0,2051026944,2051026944,6aebb009f054fda36f3cf13cb2aed940fcf421e3cd58cd2d573e77d1885334b4,0,False
warm,job,oracle,33a,2,89.0,123.6666589975357,0,2051026944,2051026944,6aebb009f054fda36f3cf13cb2aed940fcf421e3cd58cd2d573e77d1885334b4,0,False
warm,job,oracle,33b,1,55.0,89.57609161734581,0,2051026944,2051026944,a8b0343c954c029f8a09e06261c0b4c455a65d03729edeb2d6bbb99afedf6805,0,False
warm,job,oracle,33b,2,56.0,94.96263414621353,0,2051026944,2051026944,a8b0343c954c029f8a09e06261c0b4c455a65d03729edeb2d6bbb99afedf6805,0,False
warm,job,oracle,33c,1,91.0,127.14593671262264,0,2051026944,2051026944,f2339b2fdfeb22ba2188c6ee4f06f939deb73b2b74ce62eaffd55a01dab45b51,0,False
warm,job,oracle,33c,2,92.0,130.57230692356825,0,2051026944,2051026944,f2339b2fdfeb22ba2188c6ee4f06f939deb73b2b74ce62eaffd55a01dab45b51,0,False
warm,job,prepared,01a,1,40.0,236.33725196123123,0,2051026944,2051026944,e7065e4a0485c309ca7ef6b9ad5bc6488a0410e221b5ff5e851d83b076362e8c,0,False
warm,job,prepared,01a,2,38.0,233.67662727832794,0,2051026944,2051026944,e7065e4a0485c309ca7ef6b9ad5bc6488a0410e221b5ff5e851d83b076362e8c,0,False
warm,job,prepared,01b,1,21.0,238.0312392488122,0,2051026944,2051026944,63e7ff6ca95db01f980f53019064ef5c05abefce36ddc1ae826606d6700e05a2,0,False
warm,job,prepared,01b,2,23.0,217.1312915161252,0,2051026944,2051026944,63e7ff6ca95db01f980f53019064ef5c05abefce36ddc1ae826606d6700e05a2,0,False
warm,job,prepared,01c,1,23.0,216.95792861282825,0,2051026944,2051026944,562ccb4669a9545591e526e12e48425c9d371b97676786de271ff1916bb00975,0,False
warm,job,prepared,01c,2,24.0,218.08129362761974,0,2051026944,2051026944,562ccb4669a9545591e526e12e48425c9d371b97676786de271ff1916bb00975,0,False
warm,job,prepared,01d,1,23.0,213.94893527030945,0,2051026944,2051026944,ebbff3a0d3dd3460834f75c49960fe41522df58d69c7ebf6d21d53f5d2fbd180,0,False
warm,job,prepared,01d,2,24.0,221.4827686548233,0,2051026944,2051026944,ebbff3a0d3dd3460834f75c49960fe41522df58d69c7ebf6d21d53f5d2fbd180,0,False
warm,job,prepared,02a,1,86.0,281.14495892077684,0,2051026944,2051026944,bc793ee74323079d529abc8c57a719f8d298e62681f5baa03a3ed35e2ff476e1,0,False
warm,job,prepared,02a,2,86.0,284.7696654498577,0,2051026944,2051026944,bc793ee74323079d529abc8c57a719f8d298e62681f5baa03a3ed35e2ff476e1,0,False
warm,job,prepared,02b,1,84.0,278.6330971866846,0,2051026944,2051026944,bc793ee74323079d529abc8c57a719f8d298e62681f5baa03a3ed35e2ff476e1,0,False
warm,job,prepared,02b,2,84.0,280.9332674369216,0,2051026944,2051026944,bc793ee74323079d529abc8c57a719f8d298e62681f5baa03a3ed35e2ff476e1,0,False
warm,job,prepared,02c,1,25.0,219.12250388413668,0,2051026944,2051026944,21726c10dcf9e11a1bc65ffab39bb4df9a068d87d16f1946d8f54d44860395a5,0,False
warm,job,prepared,02c,2,27.0,220.4207731410861,0,2051026944,2051026944,21726c10dcf9e11a1bc65ffab39bb4df9a068d87d16f1946d8f54d44860395a5,0,False
warm,job,prepared,02d,1,99.0,291.96798149496317,0,2051026944,2051026944,ca9731ea3665f8905a44b12a036069283eaf0b70c50ba26bbb0163a08001d6db,0,False
warm,job,prepared,02d,2,103.0,295.8423597738147,0,2051026944,2051026944,ca9731ea3665f8905a44b12a036069283eaf0b70c50ba26bbb0163a08001d6db,0,False
warm,job,prepared,03a,1,367.0,568.749699741602,0,2051026944,2051026944,153462472e8905ad14fd53ecd85bab8acf031d7da4d8c472a40a3753c918fe9c,0,False
warm,job,prepared,03a,2,342.0,537.7545189112425,0,2051026944,2051026944,153462472e8905ad14fd53ecd85bab8acf031d7da4d8c472a40a3753c918fe9c,0,False
warm,job,prepared,03b,1,484.0,683.187073096633,0,2051026944,2051026944,5823d637688446f6e08446bb34161b73c127c00affc4b476e9b0840a067992ad,0,False
warm,job,prepared,03b,2,484.0,727.043941617012,0,2051026944,2051026944,5823d637688446f6e08446bb34161b73c127c00affc4b476e9b0840a067992ad,0,False
warm,job,prepared,03c,1,405.0,608.1352941691875,0,2051026944,2051026944,a712928b5c545c4dd092a8a7bfd6431bb1b54dfa836b7821ff7b5bf8eb89eb8a,0,False
warm,job,prepared,03c,2,420.0,619.1138094291091,0,2051026944,2051026944,a712928b5c545c4dd092a8a7bfd6431bb1b54dfa836b7821ff7b5bf8eb89eb8a,0,False
warm,job,prepared,04a,1,87.0,280.5029768496752,0,2051026944,2051026944,ddb80bff6eb2aebdc70be08cc145f28a6cb9ea0e18462e8d7b1baa56d4b5d23b,0,False
warm,job,prepared,04a,2,87.0,281.05141688138247,0,2051026944,2051026944,ddb80bff6eb2aebdc70be08cc145f28a6cb9ea0e18462e8d7b1baa56d4b5d23b,0,False
warm,job,prepared,04b,1,74.0,265.49007184803486,0,2051026944,2051026944,523538c7776564e7ed390467ce8a7cd0e8389ea9c424d0e1f887da64c739b557,0,False
warm,job,prepared,04b,2,75.0,270.3820029273629,0,2051026944,2051026944,523538c7776564e7ed390467ce8a7cd0e8389ea9c424d0e1f887da64c739b557,0,False
warm,job,prepared,04c,1,95.0,288.7021731585264,0,2051026944,2051026944,83f0cda97ee9ccb075b05c9b4132515d93cfafe002ef5baf7e337221f1304565,0,False
warm,job,prepared,04c,2,100.0,297.50023037195206,0,2051026944,2051026944,83f0cda97ee9ccb075b05c9b4132515d93cfafe002ef5baf7e337221f1304565,0,False
warm,job,prepared,05a,1,37.0,240.10185524821281,0,2051026944,2051026944,21726c10dcf9e11a1bc65ffab39bb4df9a068d87d16f1946d8f54d44860395a5,0,False
warm,job,prepared,05a,2,36.0,228.9123386144638,0,2051026944,2051026944,21726c10dcf9e11a1bc65ffab39bb4df9a068d87d16f1946d8f54d44860395a5,0,False
warm,job,prepared,05b,1,37.0,233.85896161198616,0,2051026944,2051026944,21726c10dcf9e11a1bc65ffab39bb4df9a068d87d16f1946d8f54d44860395a5,0,False
warm,job,prepared,05b,2,36.0,231.86253290623426,0,2051026944,2051026944,21726c10dcf9e11a1bc65ffab39bb4df9a068d87d16f1946d8f54d44860395a5,0,False
warm,job,prepared,05c,1,272.0,469.43162847310305,0,2051026944,2051026944,0a44fcc5bef54de451146dd745d4d781a3380418a3c12f5815155dba103852f8,0,False
warm,job,prepared,05c,2,293.0,487.12795320898294,0,2051026944,2051026944,0a44fcc5bef54de451146dd745d4d781a3380418a3c12f5815155dba103852f8,0,False
warm,job,prepared,06a,1,241.0,438.7814709916711,0,2051026944,2051026944,cf310956cc4f000731fef95254b0dfd93426ecd7233b52acdac68b464d3d8145,0,False
warm,job,prepared,06a,2,243.0,444.45765390992165,0,2051026944,2051026944,cf310956cc4f000731fef95254b0dfd93426ecd7233b52acdac68b464d3d8145,0,False
warm,job,prepared,06b,1,247.0,438.8886634260416,0,2051026944,2051026944,b4a02d69e1c21434a3dfc3acedede1e4dda199f7066ad4c928822e8b7ea60735,0,False
warm,job,prepared,06b,2,248.0,447.8980181738734,0,2051026944,2051026944,b4a02d69e1c21434a3dfc3acedede1e4dda199f7066ad4c928822e8b7ea60735,0,False
warm,job,prepared,06c,1,248.0,442.9640769958496,0,2051026944,2051026944,602cf449fd5db5c02abb4d93217cbcfb1a376d067aa2741782059554b327ec66,0,False
warm,job,prepared,06c,2,251.0,449.06351156532764,0,2051026944,2051026944,602cf449fd5db5c02abb4d93217cbcfb1a376d067aa2741782059554b327ec66,0,False
warm,job,prepared,06d,1,260.0,454.0543518960476,0,2051026944,2051026944,9a9ee192e30a2f15657b1e9167674da6b93ad923e9ab1dd4b739d44171396d8e,0,False
warm,job,prepared,06d,2,262.0,456.8114308640361,0,2051026944,2051026944,9a9ee192e30a2f15657b1e9167674da6b93ad923e9ab1dd4b739d44171396d8e,0,False
warm,job,prepared,06e,1,242.0,447.8059532120824,0,2051026944,2051026944,cf310956cc4f000731fef95254b0dfd93426ecd7233b52acdac68b464d3d8145,0,False
warm,job,prepared,06e,2,243.0,439.65372908860445,0,2051026944,2051026944,cf310956cc4f000731fef95254b0dfd93426ecd7233b52acdac68b464d3d8145,0,False
warm,job,prepared,06f,1,494.0,688.9108512550592,0,2051026944,2051026944,e4a64849d1f6928d6e8361ed308dae1e3819474d48c3a29a6dfa27d82fff1908,0,False
warm,job,prepared,06f,2,481.0,679.4605348259211,0,2051026944,2051026944,e4a64849d1f6928d6e8361ed308dae1e3819474d48c3a29a6dfa27d82fff1908,0,False
warm,job,prepared,07a,1,145.0,346.74710780382156,0,2051026944,2051026944,08741fe3bcce22e88389f67304210ef54b78298b7322a3d34c0133c680a95d2b,0,False
warm,job,prepared,07a,2,148.0,343.5408500954509,0,2051026944,2051026944,08741fe3bcce22e88389f67304210ef54b78298b7322a3d34c0133c680a95d2b,0,False
warm,job,prepared,07b,1,100.0,294.57917995750904,0,2051026944,2051026944,6a942eeb51fb268cf3508ce35d269c80439e4679fd64d6152670806a1d13b84b,0,False
warm,job,prepared,07b,2,96.0,294.23558060079813,0,2051026944,2051026944,6a942eeb51fb268cf3508ce35d269c80439e4679fd64d6152670806a1d13b84b,0,False
warm,job,prepared,07c,1,695.0,955.4109536111355,0,2051026944,2051026944,ea1d6d27f02203c5685bda10c3e3802698af63bdf664dfdf2bea727c6dd5670c,0,False
warm,job,prepared,07c,2,664.0,867.196156643331,0,2051026944,2051026944,ea1d6d27f02203c5685bda10c3e3802698af63bdf664dfdf2bea727c6dd5670c,0,False
warm,job,prepared,08a,1,243.0,451.22359599918127,0,2051026944,2051026944,82d80bc79518fce643c8cb8b25066d30449435af2260dd5d5130a84a6fbbf710,0,False
warm,job,prepared,08a,2,236.0,432.43359215557575,0,2051026944,2051026944,82d80bc79518fce643c8cb8b25066d30449435af2260dd5d5130a84a6fbbf710,0,False
warm,job,prepared,08b,1,198.0,450.13725757598877,0,2051026944,2051026944,18fc8befbe97194bb0dd0938fccaf37f393f6de2218ebde02f13c90e195d8dd0,0,False
warm,job,prepared,08b,2,193.0,390.80835599452257,0,2051026944,2051026944,18fc8befbe97194bb0dd0938fccaf37f393f6de2218ebde02f13c90e195d8dd0,0,False
warm,job,prepared,08c,1,726.0,930.4178627207875,0,2051026944,2051026944,7465829d867dd355db1eccde557ebf271ae12a72c816573a22efe46278831014,0,False
warm,job,prepared,08c,2,722.0,920.4480871558189,0,2051026944,2051026944,7465829d867dd355db1eccde557ebf271ae12a72c816573a22efe46278831014,0,False
warm,job,prepared,08d,1,187.0,443.81170999258757,0,2051026944,2051026944,30be15026c3210110c0445cfe84716b68d95bfc15fdf5e032a18f40bc001205a,0,False
warm,job,prepared,08d,2,187.0,380.38920797407627,0,2051026944,2051026944,30be15026c3210110c0445cfe84716b68d95bfc15fdf5e032a18f40bc001205a,0,False
warm,job,prepared,09a,1,341.0,540.6324556097388,0,2051026944,2051026944,2d514cc6a3833e1894724993543e6ce79601fd41a1c3863be4b52e6fbb07849d,0,False
warm,job,prepared,09a,2,332.0,530.5699240416288,0,2051026944,2051026944,2d514cc6a3833e1894724993543e6ce79601fd41a1c3863be4b52e6fbb07849d,0,False
warm,job,prepared,09b,1,312.0,510.9324902296066,0,2051026944,2051026944,edf89578cbaedd8aef3f84b6a08b2ec20528f53f87d3951a7786bc8a20366c62,0,False
warm,job,prepared,09b,2,306.0,503.9301561191678,0,2051026944,2051026944,edf89578cbaedd8aef3f84b6a08b2ec20528f53f87d3951a7786bc8a20366c62,0,False
warm,job,prepared,09c,1,434.0,671.1857924237847,0,2051026944,2051026944,dda7dae742f7fc0d1fb9bfc4609eee02da0dbca4760c238b79e66bea0ae1f058,0,False
warm,job,prepared,09c,2,433.0,630.8103511109948,0,2051026944,2051026944,dda7dae742f7fc0d1fb9bfc4609eee02da0dbca4760c238b79e66bea0ae1f058,0,False
warm,job,prepared,09d,1,645.0,855.9632366523147,0,2051026944,2051026944,d63b63c0a973d52de0ee2e3fefab4473a0da6db29ef718b8966a02091acf5790,0,False
warm,job,prepared,09d,2,641.0,839.1642831265926,0,2051026944,2051026944,d63b63c0a973d52de0ee2e3fefab4473a0da6db29ef718b8966a02091acf5790,0,False
warm,job,prepared,10a,1,431.0,633.0621875822544,0,2051026944,2051026944,f2420b69488a1f88d1fc4ce7e4377bdcc29a9d80a23f0f4c6d652867187b4273,0,False
warm,job,prepared,10a,2,434.0,631.5690828487277,0,2051026944,2051026944,f2420b69488a1f88d1fc4ce7e4377bdcc29a9d80a23f0f4c6d652867187b4273,0,False
warm,job,prepared,10b,1,303.0,498.3539246022701,0,2051026944,2051026944,c8833f4b90af0029c8e3899bd120360cb70a0771d4a3ca840e2a2cd697e07a33,0,False
warm,job,prepared,10b,2,302.0,499.1057626903057,0,2051026944,2051026944,c8833f4b90af0029c8e3899bd120360cb70a0771d4a3ca840e2a2cd697e07a33,0,False
warm,job,prepared,10c,1,1014.9999999999999,1216.464045457542,0,2051026944,2051026944,64bec1355ab6fa5d48fd78d86f0a54536c63a290f48b0c34b236b1ab6679b9d9,0,False
warm,job,prepared,10c,2,1004.0,1201.4046469703317,0,2051026944,2051026944,64bec1355ab6fa5d48fd78d86f0a54536c63a290f48b0c34b236b1ab6679b9d9,0,False
warm,job,prepared,11a,1,30.0,221.0392691195011,0,2051026944,2051026944,75aef14b7b200510998732f66bf24b5eb353a77d15b16d358bff021a433c32ad,0,False
warm,job,prepared,11a,2,29.0,223.25283382087946,0,2051026944,2051026944,75aef14b7b200510998732f66bf24b5eb353a77d15b16d358bff021a433c32ad,0,False
warm,job,prepared,11b,1,137.0,354.65186554938555,0,2051026944,2051026944,fcae141de9c9e5fa0f5988e485096c9c00b1640e64fffdfeaa2a7c84c5bde5f6,0,False
warm,job,prepared,11b,2,135.0,328.50213535130024,0,2051026944,2051026944,fcae141de9c9e5fa0f5988e485096c9c00b1640e64fffdfeaa2a7c84c5bde5f6,0,False
warm,job,prepared,11c,1,41.0,239.48004562407732,0,2051026944,2051026944,13579a62e4c5df28771ad00eb6fb65c4f1e9d372b2abbb37fb8dd637b81ee964,0,False
warm,job,prepared,11c,2,47.0,240.7085606828332,0,2051026944,2051026944,13579a62e4c5df28771ad00eb6fb65c4f1e9d372b2abbb37fb8dd637b81ee964,0,False
warm,job,prepared,11d,1,36.0,230.4110024124384,0,2051026944,2051026944,765a32eeb9d4b8a1e5ddb591407860e7fe93f4d1918d3b1a0f6a3c66fe2e858a,0,False
warm,job,prepared,11d,2,38.0,231.3561113551259,0,2051026944,2051026944,765a32eeb9d4b8a1e5ddb591407860e7fe93f4d1918d3b1a0f6a3c66fe2e858a,0,False
warm,job,prepared,12a,1,114.0,306.22153729200363,0,2051026944,2051026944,02c6bcaa6a3333b31881aaacd682070a6fc21572445569086b5e2aab06ca69cf,0,False
warm,job,prepared,12a,2,113.0,316.1859093233943,0,2051026944,2051026944,02c6bcaa6a3333b31881aaacd682070a6fc21572445569086b5e2aab06ca69cf,0,False
warm,job,prepared,12b,1,36.0,230.5122660472989,0,2051026944,2051026944,75049d679134f8dadd2fcb4dd808286ffde11e0cd485eab3f05ede5fe04ba3e9,0,False
warm,job,prepared,12b,2,37.0,229.37367483973503,0,2051026944,2051026944,75049d679134f8dadd2fcb4dd808286ffde11e0cd485eab3f05ede5fe04ba3e9,0,False
warm,job,prepared,12c,1,134.0,330.7778909802437,0,2051026944,2051026944,61c1ba0c98c3c0a6c9ce5f81482b81183a9352a065a407e62323a315acc5c9c4,0,False
warm,job,prepared,12c,2,131.0,325.4177672788501,0,2051026944,2051026944,61c1ba0c98c3c0a6c9ce5f81482b81183a9352a065a407e62323a315acc5c9c4,0,False
warm,job,prepared,13a,1,103.0,296.69948294758797,0,2051026944,2051026944,b7c682bf7a69cc780c482fe1f4cd19a65f7a24b616c366483521e8ca4362fe3f,0,False
warm,job,prepared,13a,2,103.0,298.97658433765173,0,2051026944,2051026944,b7c682bf7a69cc780c482fe1f4cd19a65f7a24b616c366483521e8ca4362fe3f,0,False
warm,job,prepared,13b,1,127.0,334.0632161125541,0,2051026944,2051026944,c564e4ae333be542642c853c5b2d8ba6571ca6f72736d6eee61b7c82162343cf,0,False
warm,job,prepared,13b,2,128.0,326.50490663945675,0,2051026944,2051026944,c564e4ae333be542642c853c5b2d8ba6571ca6f72736d6eee61b7c82162343cf,0,False
warm,job,prepared,13c,1,81.0,327.72714830935,0,2051026944,2051026944,afdff1d06f6c699a12638dac25850eb84e981ea0edd8098770d7bee393a8237b,0,False
warm,job,prepared,13c,2,80.0,273.45212642103434,0,2051026944,2051026944,afdff1d06f6c699a12638dac25850eb84e981ea0edd8098770d7bee393a8237b,0,False
warm,job,prepared,13d,1,173.0,370.55952940136194,0,2051026944,2051026944,6dc3ecd52a645ca986b1c68a4a01a9e18efdf4146ed0da1d55adeaac2bd23dc3,0,False
warm,job,prepared,13d,2,171.0,370.49376126378775,0,2051026944,2051026944,6dc3ecd52a645ca986b1c68a4a01a9e18efdf4146ed0da1d55adeaac2bd23dc3,0,False
warm,job,prepared,14a,1,96.0,298.2904380187392,0,2051026944,2051026944,2c66657ce156258fe44f31397c940d51d9ccf529d3c970d1697af21e272246b8,0,False
warm,job,prepared,14a,2,96.0,290.876348502934,0,2051026944,2051026944,2c66657ce156258fe44f31397c940d51d9ccf529d3c970d1697af21e272246b8,0,False
warm,job,prepared,14b,1,94.0,292.7762968465686,0,2051026944,2051026944,3166468f404e5eafe69cb2483a06d1a5c6fb80e1c21de5391b0ccdafcd854adb,0,False
warm,job,prepared,14b,2,98.0,292.5871582701802,0,2051026944,2051026944,3166468f404e5eafe69cb2483a06d1a5c6fb80e1c21de5391b0ccdafcd854adb,0,False
warm,job,prepared,14c,1,126.0,344.33569572865963,0,2051026944,2051026944,2c66657ce156258fe44f31397c940d51d9ccf529d3c970d1697af21e272246b8,0,False
warm,job,prepared,14c,2,122.0,331.5683491528034,0,2051026944,2051026944,2c66657ce156258fe44f31397c940d51d9ccf529d3c970d1697af21e272246b8,0,False
warm,job,prepared,15a,1,242.0,434.513159096241,0,2051026944,2051026944,f6485a645d13c274907f4443b97500b9116d3d5383a594bba4ad8ddd83248358,0,False
warm,job,prepared,15a,2,279.0,475.76749976724386,0,2051026944,2051026944,f6485a645d13c274907f4443b97500b9116d3d5383a594bba4ad8ddd83248358,0,False
warm,job,prepared,15b,1,125.0,326.7774758860469,0,2051026944,2051026944,5e79daf7a3d7c64aba2fa23d8cceebdecd74606e680509dc349bd07b49d47104,0,False
warm,job,prepared,15b,2,122.0,313.9027403667569,0,2051026944,2051026944,5e79daf7a3d7c64aba2fa23d8cceebdecd74606e680509dc349bd07b49d47104,0,False
warm,job,prepared,15c,1,247.0,441.14483054727316,0,2051026944,2051026944,883f58a0f34091fd3c2bb5971c6c8bcb69f9e7466c9f0b62088e42e16eb1816a,0,False
warm,job,prepared,15c,2,282.0,476.6047550365329,0,2051026944,2051026944,883f58a0f34091fd3c2bb5971c6c8bcb69f9e7466c9f0b62088e42e16eb1816a,0,False
warm,job,prepared,15d,1,182.0,404.24109157174826,0,2051026944,2051026944,16c2aeb5e00e4a6aa35b7e486776c3eee7e34cc94c947bbcf0a93921fa8aa6ba,0,False
warm,job,prepared,15d,2,182.0,380.09138032794,0,2051026944,2051026944,16c2aeb5e00e4a6aa35b7e486776c3eee7e34cc94c947bbcf0a93921fa8aa6ba,0,False
warm,job,prepared,16a,1,345.0,566.412229090929,0,2051026944,2051026944,0c45a9e7b66310b6b11be784beb30c75f4c8eed8661a90cf963d2e4091a7d1c8,0,False
warm,job,prepared,16a,2,312.0,508.75403825193644,0,2051026944,2051026944,0c45a9e7b66310b6b11be784beb30c75f4c8eed8661a90cf963d2e4091a7d1c8,0,False
warm,job,prepared,16b,1,1113.0,1326.8089033663273,0,2051026944,2051026944,9e2a1c07b046e60cf708259c9243e3fd9632bc8c6f48d9ea589c868f38d28ed7,0,False
warm,job,prepared,16b,2,1096.0,1298.9997593685985,0,2051026944,2051026944,9e2a1c07b046e60cf708259c9243e3fd9632bc8c6f48d9ea589c868f38d28ed7,0,False
warm,job,prepared,16c,1,414.0,622.9510148987174,0,2051026944,2051026944,d0bee8e7de4d68c979f73590c12e8b02a85f2c755a10b3c309488e6dcbfe5740,0,False
warm,job,prepared,16c,2,417.0,612.5344363972545,0,2051026944,2051026944,d0bee8e7de4d68c979f73590c12e8b02a85f2c755a10b3c309488e6dcbfe5740,0,False
warm,job,prepared,16d,1,400.0,602.5005793198943,0,2051026944,2051026944,d0bee8e7de4d68c979f73590c12e8b02a85f2c755a10b3c309488e6dcbfe5740,0,False
warm,job,prepared,16d,2,403.0,602.4318244308233,0,2051026944,2051026944,d0bee8e7de4d68c979f73590c12e8b02a85f2c755a10b3c309488e6dcbfe5740,0,False
warm,job,prepared,17a,1,233.0,433.029823936522,0,2051026944,2051026944,7fe9c0a6b11f6430f4ae93ba9c5ff48bb030edbb92563715b7c0e707ae2ed161,0,False
warm,job,prepared,17a,2,235.0,433.5130173712969,0,2051026944,2051026944,7fe9c0a6b11f6430f4ae93ba9c5ff48bb030edbb92563715b7c0e707ae2ed161,0,False
warm,job,prepared,17b,1,232.0,449.4752511382103,0,2051026944,2051026944,15d568773ef08f416db819a9a7c2d9a3ea64f7dfe14dd59cb79c3e498a901950,0,False
warm,job,prepared,17b,2,233.0,431.57865665853024,0,2051026944,2051026944,15d568773ef08f416db819a9a7c2d9a3ea64f7dfe14dd59cb79c3e498a901950,0,False
warm,job,prepared,17c,1,214.0,411.6387199610472,0,2051026944,2051026944,0a884c1a69183318c60d10407f267ae08c3224cb8fcaf81101e8395da797fb76,0,False
warm,job,prepared,17c,2,213.0,406.1848185956478,0,2051026944,2051026944,0a884c1a69183318c60d10407f267ae08c3224cb8fcaf81101e8395da797fb76,0,False
warm,job,prepared,17d,1,411.0,607.6724389567971,0,2051026944,2051026944,3fdb8c95209ce2ebb49425ec504bd23dc223cf3d516119bccf006b60f0c2f681,0,False
warm,job,prepared,17d,2,418.0,633.9263552799821,0,2051026944,2051026944,3fdb8c95209ce2ebb49425ec504bd23dc223cf3d516119bccf006b60f0c2f681,0,False
warm,job,prepared,17e,1,636.0,846.4668774977326,0,2051026944,2051026944,a2ee465ab850ed008e06898aea4f520f80721dc49d77bee2fbd9642414dc8d32,0,False
warm,job,prepared,17e,2,601.0,799.8303836211562,0,2051026944,2051026944,a2ee465ab850ed008e06898aea4f520f80721dc49d77bee2fbd9642414dc8d32,0,False
warm,job,prepared,17f,1,662.0,870.2234867960215,0,2051026944,2051026944,e557f8ea5a5ba7f51aa243f64a576a3a30208bb63763efa120b8a428ee987bce,0,False
warm,job,prepared,17f,2,638.0,839.7166524082422,0,2051026944,2051026944,e557f8ea5a5ba7f51aa243f64a576a3a30208bb63763efa120b8a428ee987bce,0,False
warm,job,prepared,18a,1,482.0,683.7136531248689,0,2051026944,2051026944,d21acd2aa56a5d8370777029957408dee7173b82774191d7ddd090d823de8a9d,0,False
warm,job,prepared,18a,2,486.0,684.7026282921433,0,2051026944,2051026944,d21acd2aa56a5d8370777029957408dee7173b82774191d7ddd090d823de8a9d,0,False
warm,job,prepared,18b,1,507.0,726.3763546943665,0,2051026944,2051026944,5af7d07710dab90620e41e6d23846eaf69924560681748a3e0b9ad6daeea763b,0,False
warm,job,prepared,18b,2,520.0,734.6447883173823,0,2051026944,2051026944,5af7d07710dab90620e41e6d23846eaf69924560681748a3e0b9ad6daeea763b,0,False
warm,job,prepared,18c,1,790.0,1022.2865734249353,0,2051026944,2051026944,0cd2afcf0fee2a3719202e03505115ac80013017a45bb0e841defa6908280df4,0,False
warm,job,prepared,18c,2,789.0,987.7480119466782,0,2051026944,2051026944,0cd2afcf0fee2a3719202e03505115ac80013017a45bb0e841defa6908280df4,0,False
warm,job,prepared,19a,1,309.0,511.98621466755867,0,2051026944,2051026944,1ae5f1fccd9725d8e9d1d2060c5603cc7cf7115143520ccf703d325148da07dd,0,False
warm,job,prepared,19a,2,251.0,450.80859307199717,0,2051026944,2051026944,1ae5f1fccd9725d8e9d1d2060c5603cc7cf7115143520ccf703d325148da07dd,0,False
warm,job,prepared,19b,1,256.0,459.4111517071724,0,2051026944,2051026944,6e5674983d7c62fbdb68f0b116f6c4311e4c77093a2e8cebac29f771a5d03153,0,False
warm,job,prepared,19b,2,259.0,459.9019093438983,0,2051026944,2051026944,6e5674983d7c62fbdb68f0b116f6c4311e4c77093a2e8cebac29f771a5d03153,0,False
warm,job,prepared,19c,1,467.0,677.5275897234678,0,2051026944,2051026944,77b8f0442dcb79b47184820142d029c0236f5aa25a1ffd3816ba355499f140b8,0,False
warm,job,prepared,19c,2,440.0,640.272899530828,0,2051026944,2051026944,77b8f0442dcb79b47184820142d029c0236f5aa25a1ffd3816ba355499f140b8,0,False
warm,job,prepared,19d,1,660.0,873.7871889024973,0,2051026944,2051026944,4144ae8243c6cb654983fd1c4e6c0dd1d7f2d913f583f4c499207ead79d69b54,0,False
warm,job,prepared,19d,2,669.0,871.2496189400554,0,2051026944,2051026944,4144ae8243c6cb654983fd1c4e6c0dd1d7f2d913f583f4c499207ead79d69b54,0,False
warm,job,prepared,20a,1,645.0,855.9387652203441,0,2051026944,2051026944,c9e65e31a6a24fc26ac9fc3a935f3ddf49bff072795dca0c90dad03e760a19e0,0,False
warm,job,prepared,20a,2,654.0,853.2587494701147,0,2051026944,2051026944,c9e65e31a6a24fc26ac9fc3a935f3ddf49bff072795dca0c90dad03e760a19e0,0,False
warm,job,prepared,20b,1,462.0,655.876561999321,0,2051026944,2051026944,c826f8325b6868f0a8c323bacb3abd3ae7477c2327ea08b458cb23d71938d9c2,0,False
warm,job,prepared,20b,2,461.0,654.486320912838,0,2051026944,2051026944,c826f8325b6868f0a8c323bacb3abd3ae7477c2327ea08b458cb23d71938d9c2,0,False
warm,job,prepared,20c,1,711.0,911.8633782491088,0,2051026944,2051026944,f47dd0ede140b6bd1dbb11728a938bd7a90e0d809bca65638635da44e14c32da,0,False
warm,job,prepared,20c,2,707.0,906.6752940416336,0,2051026944,2051026944,f47dd0ede140b6bd1dbb11728a938bd7a90e0d809bca65638635da44e14c32da,0,False
warm,job,prepared,21a,1,58.0,275.85585229098797,0,2051026944,2051026944,b220b434b6646e98101048b3ea2ad64da2f3485fd18cf1c1f83239c47494a1b3,0,False
warm,job,prepared,21a,2,57.0,253.59955616295338,0,2051026944,2051026944,b220b434b6646e98101048b3ea2ad64da2f3485fd18cf1c1f83239c47494a1b3,0,False
warm,job,prepared,21b,1,54.0,250.0649429857731,0,2051026944,2051026944,6fdabe24b063c3e05d3efffaecfdb8b7b4a1291947821a3285f3aa05934a0ea8,0,False
warm,job,prepared,21b,2,53.0,247.84103594720364,0,2051026944,2051026944,6fdabe24b063c3e05d3efffaecfdb8b7b4a1291947821a3285f3aa05934a0ea8,0,False
warm,job,prepared,21c,1,58.0,255.45089412480593,0,2051026944,2051026944,75aef14b7b200510998732f66bf24b5eb353a77d15b16d358bff021a433c32ad,0,False
warm,job,prepared,21c,2,62.0,255.69481309503317,0,2051026944,2051026944,75aef14b7b200510998732f66bf24b5eb353a77d15b16d358bff021a433c32ad,0,False
warm,job,prepared,22a,1,198.0,394.6793517097831,0,2051026944,2051026944,49d165dc0eee66dd596a6c56a9654c307563385e859a8174e8214a4eb79829f5,0,False
warm,job,prepared,22a,2,181.0,377.7822619304061,0,2051026944,2051026944,49d165dc0eee66dd596a6c56a9654c307563385e859a8174e8214a4eb79829f5,0,False
warm,job,prepared,22b,1,173.0,365.88434036821127,0,2051026944,2051026944,c2cf5802dc659bfe123d02dbc80870fc22abf7a3dd789966592efd2a0189223b,0,False
warm,job,prepared,22b,2,175.0,370.7019668072462,0,2051026944,2051026944,c2cf5802dc659bfe123d02dbc80870fc22abf7a3dd789966592efd2a0189223b,0,False
warm,job,prepared,22c,1,200.0,396.35123033076525,0,2051026944,2051026944,ec582ce64fb40f07ac072ab1c979fe8fad6bfd0b711dee98405d16c93c5388bf,0,False
warm,job,prepared,22c,2,205.0,399.93953239172697,0,2051026944,2051026944,ec582ce64fb40f07ac072ab1c979fe8fad6bfd0b711dee98405d16c93c5388bf,0,False
warm,job,prepared,22d,1,172.0,369.2349251359701,0,2051026944,2051026944,e53f77190a8d5cc94dc638c6a152324366e9c8775ba34c4ab45d8273097141e1,0,False
warm,job,prepared,22d,2,170.0,367.86752101033926,0,2051026944,2051026944,e53f77190a8d5cc94dc638c6a152324366e9c8775ba34c4ab45d8273097141e1,0,False
warm,job,prepared,23a,1,233.0,431.4265875145793,0,2051026944,2051026944,1638adb7b1e5c1c3fae7cd491d58a339abd218fb0de4747342bc9f4725340967,0,False
warm,job,prepared,23a,2,231.0,431.9476159289479,0,2051026944,2051026944,1638adb7b1e5c1c3fae7cd491d58a339abd218fb0de4747342bc9f4725340967,0,False
warm,job,prepared,23b,1,217.0,414.1803365200758,0,2051026944,2051026944,de0d7c792d956183c4a59443ab2d175cb2efd27b44eaac44274afc65b1ee3ada,0,False
warm,job,prepared,23b,2,236.0,432.5729701668024,0,2051026944,2051026944,de0d7c792d956183c4a59443ab2d175cb2efd27b44eaac44274afc65b1ee3ada,0,False
warm,job,prepared,23c,1,262.0,458.4940755739808,0,2051026944,2051026944,e10fab510282ed90b22716dccfbc19163745b966d49507296786897392685fb6,0,False
warm,job,prepared,23c,2,227.0,423.49378298968077,0,2051026944,2051026944,e10fab510282ed90b22716dccfbc19163745b966d49507296786897392685fb6,0,False
warm,job,prepared,24a,1,410.0,611.6644302383065,0,2051026944,2051026944,30e1ca86921ccc8248427e9ed99656518436b8c5490b535dd6d34cab98aaf5e7,0,False
warm,job,prepared,24a,2,395.0,603.864623233676,0,2051026944,2051026944,30e1ca86921ccc8248427e9ed99656518436b8c5490b535dd6d34cab98aaf5e7,0,False
warm,job,prepared,24b,1,336.0,549.4020991027355,0,2051026944,2051026944,767718d918d9b17aeb7d1b87efbdcedc6b4f6b60133ef3e448e7cf4597b23881,0,False
warm,job,prepared,24b,2,333.0,532.0589477196336,0,2051026944,2051026944,767718d918d9b17aeb7d1b87efbdcedc6b4f6b60133ef3e448e7cf4597b23881,0,False
warm,job,prepared,25a,1,735.0,933.9780667796731,0,2051026944,2051026944,d21eaf7ef62fa4e701443b6a2cdc1fe0e176dd5453d5d3ed0bfc40ec5e01b56b,0,False
warm,job,prepared,25a,2,735.0,934.3363847583532,0,2051026944,2051026944,d21eaf7ef62fa4e701443b6a2cdc1fe0e176dd5453d5d3ed0bfc40ec5e01b56b,0,False
warm,job,prepared,25b,1,340.0,536.2322432920337,0,2051026944,2051026944,b26c073dc32fce2cb85546b60c8510a32d46c536bcfb2a9e27b0ebbabfbd81fa,0,False
warm,job,prepared,25b,2,336.0,535.4783087968826,0,2051026944,2051026944,b26c073dc32fce2cb85546b60c8510a32d46c536bcfb2a9e27b0ebbabfbd81fa,0,False
warm,job,prepared,25c,1,804.0,1002.8284899890423,0,2051026944,2051026944,956e59b9c5855bea01d2ef1a35073ad2635bb94698b44a53b98dd8c92f141848,0,False
warm,job,prepared,25c,2,806.0,1007.4326358735561,0,2051026944,2051026944,956e59b9c5855bea01d2ef1a35073ad2635bb94698b44a53b98dd8c92f141848,0,False
warm,job,prepared,26a,1,704.0,901.6939392313361,0,2051026944,2051026944,7f8a02b86273b236f5bb9ba9ac9bae28e25cef4e624a61bc9f8c15e52a14b705,0,False
warm,job,prepared,26a,2,702.0,927.629642188549,0,2051026944,2051026944,7f8a02b86273b236f5bb9ba9ac9bae28e25cef4e624a61bc9f8c15e52a14b705,0,False
warm,job,prepared,26b,1,603.0,802.2109735757113,0,2051026944,2051026944,7c669de000f60c5ac1b3091bf9ed3a0b3323e57f16d776a5f4517c264be99a5a,0,False
warm,job,prepared,26b,2,601.0,820.3354589641094,0,2051026944,2051026944,7c669de000f60c5ac1b3091bf9ed3a0b3323e57f16d776a5f4517c264be99a5a,0,False
warm,job,prepared,26c,1,683.0,882.3981778696179,0,2051026944,2051026944,22b8c3533187d30ccb3d865e9faecd1464f965a1ff32abf4e62fb941bf8346c8,0,False
warm,job,prepared,26c,2,681.0,879.9863867461681,0,2051026944,2051026944,22b8c3533187d30ccb3d865e9faecd1464f965a1ff32abf4e62fb941bf8346c8,0,False
warm,job,prepared,27a,1,54.0,252.50448007136583,0,2051026944,2051026944,ea776b4cb43066a5ee13ee751c614973becdcd37d77ccf979558e12219b8c8ca,0,False
warm,job,prepared,27a,2,56.0,248.7147394567728,0,2051026944,2051026944,ea776b4cb43066a5ee13ee751c614973becdcd37d77ccf979558e12219b8c8ca,0,False
warm,job,prepared,27b,1,52.0,245.64271327108145,0,2051026944,2051026944,2830e9f1def171e0a695b76715594bd362de67d5bba65e8ba8cf250400b716fe,0,False
warm,job,prepared,27b,2,55.0,246.8376038596034,0,2051026944,2051026944,2830e9f1def171e0a695b76715594bd362de67d5bba65e8ba8cf250400b716fe,0,False
warm,job,prepared,27c,1,57.0,252.31687724590302,0,2051026944,2051026944,ea776b4cb43066a5ee13ee751c614973becdcd37d77ccf979558e12219b8c8ca,0,False
warm,job,prepared,27c,2,55.0,250.00557396560907,0,2051026944,2051026944,ea776b4cb43066a5ee13ee751c614973becdcd37d77ccf979558e12219b8c8ca,0,False
warm,job,prepared,28a,1,150.0,344.89287808537483,0,2051026944,2051026944,f35e15e5ead599b31abf448417f863da86610d3177a787980355ce7404b9206d,0,False
warm,job,prepared,28a,2,153.0,351.0837396606803,0,2051026944,2051026944,f35e15e5ead599b31abf448417f863da86610d3177a787980355ce7404b9206d,0,False
warm,job,prepared,28b,1,130.0,326.146655716002,0,2051026944,2051026944,834d65c81a3e5f0b36520def841bf2be3131c6e7d132e3719ca307512fda0f14,0,False
warm,job,prepared,28b,2,120.0,315.84081146866083,0,2051026944,2051026944,834d65c81a3e5f0b36520def841bf2be3131c6e7d132e3719ca307512fda0f14,0,False
warm,job,prepared,28c,1,168.0,361.67697608470917,0,2051026944,2051026944,f3678553b4c587b6dffa443561fc8a1bbd44a408476201160c0c812b963a0f53,0,False
warm,job,prepared,28c,2,164.0,362.8026209771633,0,2051026944,2051026944,f3678553b4c587b6dffa443561fc8a1bbd44a408476201160c0c812b963a0f53,0,False
warm,job,prepared,29a,1,336.0,533.5665317252278,0,2051026944,2051026944,512354bf2bc70a0dd2dfc36c81daf6b950b76ab693ed35b4a0c867a43f77368f,0,False
warm,job,prepared,29a,2,481.0,682.5296655297279,0,2051026944,2051026944,512354bf2bc70a0dd2dfc36c81daf6b950b76ab693ed35b4a0c867a43f77368f,0,False
warm,job,prepared,29b,1,354.0,552.8613720089197,0,2051026944,2051026944,512354bf2bc70a0dd2dfc36c81daf6b950b76ab693ed35b4a0c867a43f77368f,0,False
warm,job,prepared,29b,2,332.0,532.6201189309359,0,2051026944,2051026944,512354bf2bc70a0dd2dfc36c81daf6b950b76ab693ed35b4a0c867a43f77368f,0,False
warm,job,prepared,29c,1,343.0,543.2288069278002,0,2051026944,2051026944,99eac0225db341ba2d73204cdbd6fef775fbec98308bc4939ee1ebfad1b38c0b,0,False
warm,job,prepared,29c,2,353.0,555.8519139885902,0,2051026944,2051026944,99eac0225db341ba2d73204cdbd6fef775fbec98308bc4939ee1ebfad1b38c0b,0,False
warm,job,prepared,30a,1,592.0,791.8609818443656,0,2051026944,2051026944,a96523021fefab47fbe2dfbf0141d0a3a300b2a5b78aa2baa14896b37841916e,0,False
warm,job,prepared,30a,2,589.0,789.167826063931,0,2051026944,2051026944,a96523021fefab47fbe2dfbf0141d0a3a300b2a5b78aa2baa14896b37841916e,0,False
warm,job,prepared,30b,1,416.0,614.0805771574378,0,2051026944,2051026944,c7c3c6257fdb2a3ab79d0def5064b051fe6794274560464f3b7e1eb5187ad7c1,0,False
warm,job,prepared,30b,2,433.0,630.554205738008,0,2051026944,2051026944,c7c3c6257fdb2a3ab79d0def5064b051fe6794274560464f3b7e1eb5187ad7c1,0,False
warm,job,prepared,30c,1,754.0,954.3036231771111,0,2051026944,2051026944,167828a045d6cd466177ce1d400a446f3c819d47293c9c70e4bf17465632821a,0,False
warm,job,prepared,30c,2,761.0,960.0760452449322,0,2051026944,2051026944,167828a045d6cd466177ce1d400a446f3c819d47293c9c70e4bf17465632821a,0,False
warm,job,prepared,31a,1,556.0,756.2827775254846,0,2051026944,2051026944,255f84793ebb9cc23de0166fb22b6c11cc0520f038d818f21fa8609dd9669ef7,0,False
warm,job,prepared,31a,2,559.0,758.2236342132092,0,2051026944,2051026944,255f84793ebb9cc23de0166fb22b6c11cc0520f038d818f21fa8609dd9669ef7,0,False
warm,job,prepared,31b,1,332.0,535.0319249555469,0,2051026944,2051026944,4dd25675b042522f24ffb936a21cafbaecf66727118a2dd79079326061f7b3e7,0,False
warm,job,prepared,31b,2,349.0,555.4102649912238,0,2051026944,2051026944,4dd25675b042522f24ffb936a21cafbaecf66727118a2dd79079326061f7b3e7,0,False
warm,job,prepared,31c,1,581.0,779.047280550003,0,2051026944,2051026944,77d4bd293175101fcd0e3ae1a25b058d7e5663547f4b50493f546e7358c6bd31,0,False
warm,job,prepared,31c,2,600.0,800.4598030820489,0,2051026944,2051026944,77d4bd293175101fcd0e3ae1a25b058d7e5663547f4b50493f546e7358c6bd31,0,False
warm,job,prepared,32a,1,9.0,208.04893132299185,0,2051026944,2051026944,391e9f7cc58a0915e4240408ec8de3e947b3ed1197141757d94613ddcfeb945b,0,False
warm,job,prepared,32a,2,10.0,212.58410532027483,0,2051026944,2051026944,391e9f7cc58a0915e4240408ec8de3e947b3ed1197141757d94613ddcfeb945b,0,False
warm,job,prepared,32b,1,55.0,250.42283348739147,0,2051026944,2051026944,d463c9a0009b055de45f087a75a3b20a09dcc453647a52733898abe173a47680,0,False
warm,job,prepared,32b,2,54.0,246.98126129806042,0,2051026944,2051026944,d463c9a0009b055de45f087a75a3b20a09dcc453647a52733898abe173a47680,0,False
warm,job,prepared,33a,1,68.0,264.1588607802987,0,2051026944,2051026944,6aebb009f054fda36f3cf13cb2aed940fcf421e3cd58cd2d573e77d1885334b4,0,False
warm,job,prepared,33a,2,65.0,257.817504927516,0,2051026944,2051026944,6aebb009f054fda36f3cf13cb2aed940fcf421e3cd58cd2d573e77d1885334b4,0,False
warm,job,prepared,33b,1,72.0,264.0283303335309,0,2051026944,2051026944,a8b0343c954c029f8a09e06261c0b4c455a65d03729edeb2d6bbb99afedf6805,0,False
warm,job,prepared,33b,2,64.0,257.25623592734337,0,2051026944,2051026944,a8b0343c954c029f8a09e06261c0b4c455a65d03729edeb2d6bbb99afedf6805,0,False
warm,job,prepared,33c,1,63.0,259.3174586072564,0,2051026944,2051026944,f2339b2fdfeb22ba2188c6ee4f06f939deb73b2b74ce62eaffd55a01dab45b51,0,False
warm,job,prepared,33c,2,64.0,254.05836943536997,0,2051026944,2051026944,f2339b2fdfeb22ba2188c6ee4f06f939deb73b2b74ce62eaffd55a01dab45b51,0,False
warm,job,instant,01a,1,45.0,124.66398533433676,0,2051026944,2051026944,e7065e4a0485c309ca7ef6b9ad5bc6488a0410e221b5ff5e851d83b076362e8c,0,False
warm,job,instant,01a,2,46.0,119.34943497180939,0,2051026944,2051026944,e7065e4a0485c309ca7ef6b9ad5bc6488a0410e221b5ff5e851d83b076362e8c,0,False
warm,job,instant,01b,1,33.0,112.31487896293402,0,2051026944,2051026944,63e7ff6ca95db01f980f53019064ef5c05abefce36ddc1ae826606d6700e05a2,0,False
warm,job,instant,01b,2,35.0,109.55883283168077,0,2051026944,2051026944,63e7ff6ca95db01f980f53019064ef5c05abefce36ddc1ae826606d6700e05a2,0,False
warm,job,instant,01c,1,37.0,111.69618275016546,0,2051026944,2051026944,562ccb4669a9545591e526e12e48425c9d371b97676786de271ff1916bb00975,0,False
warm,job,instant,01c,2,36.0,110.92145089060068,0,2051026944,2051026944,562ccb4669a9545591e526e12e48425c9d371b97676786de271ff1916bb00975,0,False
warm,job,instant,01d,1,37.0,109.95555948466063,0,2051026944,2051026944,ebbff3a0d3dd3460834f75c49960fe41522df58d69c7ebf6d21d53f5d2fbd180,0,False
warm,job,instant,01d,2,37.0,113.96906990557909,0,2051026944,2051026944,ebbff3a0d3dd3460834f75c49960fe41522df58d69c7ebf6d21d53f5d2fbd180,0,False
warm,job,instant,02a,1,78.0,156.4853461459279,0,2051026944,2051026944,bc793ee74323079d529abc8c57a719f8d298e62681f5baa03a3ed35e2ff476e1,0,False
warm,job,instant,02a,2,82.0,154.86631635576487,0,2051026944,2051026944,bc793ee74323079d529abc8c57a719f8d298e62681f5baa03a3ed35e2ff476e1,0,False
warm,job,instant,02b,1,76.0,151.83690376579762,0,2051026944,2051026944,bc793ee74323079d529abc8c57a719f8d298e62681f5baa03a3ed35e2ff476e1,0,False
warm,job,instant,02b,2,76.0,149.29110277444124,0,2051026944,2051026944,bc793ee74323079d529abc8c57a719f8d298e62681f5baa03a3ed35e2ff476e1,0,False
warm,job,instant,02c,1,39.0,114.17922377586365,0,2051026944,2051026944,21726c10dcf9e11a1bc65ffab39bb4df9a068d87d16f1946d8f54d44860395a5,0,False
warm,job,instant,02c,2,40.0,119.14309300482273,0,2051026944,2051026944,21726c10dcf9e11a1bc65ffab39bb4df9a068d87d16f1946d8f54d44860395a5,0,False
warm,job,instant,02d,1,95.0,173.49321860820055,0,2051026944,2051026944,ca9731ea3665f8905a44b12a036069283eaf0b70c50ba26bbb0163a08001d6db,0,False
warm,job,instant,02d,2,93.0,183.15698020160198,0,2051026944,2051026944,ca9731ea3665f8905a44b12a036069283eaf0b70c50ba26bbb0163a08001d6db,0,False
warm,job,instant,03a,1,316.0,398.208424448967,0,2051026944,2051026944,153462472e8905ad14fd53ecd85bab8acf031d7da4d8c472a40a3753c918fe9c,0,False
warm,job,instant,03a,2,305.0,384.6126729622483,0,2051026944,2051026944,153462472e8905ad14fd53ecd85bab8acf031d7da4d8c472a40a3753c918fe9c,0,False
warm,job,instant,03b,1,475.0,552.7990376576781,0,2051026944,2051026944,5823d637688446f6e08446bb34161b73c127c00affc4b476e9b0840a067992ad,0,False
warm,job,instant,03b,2,473.0,567.9173627868295,0,2051026944,2051026944,5823d637688446f6e08446bb34161b73c127c00affc4b476e9b0840a067992ad,0,False
warm,job,instant,03c,1,397.0,480.8553149923682,0,2051026944,2051026944,a712928b5c545c4dd092a8a7bfd6431bb1b54dfa836b7821ff7b5bf8eb89eb8a,0,False
warm,job,instant,03c,2,406.0,492.2991003841162,0,2051026944,2051026944,a712928b5c545c4dd092a8a7bfd6431bb1b54dfa836b7821ff7b5bf8eb89eb8a,0,False
warm,job,instant,04a,1,82.0,161.47003136575222,0,2051026944,2051026944,ddb80bff6eb2aebdc70be08cc145f28a6cb9ea0e18462e8d7b1baa56d4b5d23b,0,False
warm,job,instant,04a,2,82.0,158.10809191316366,0,2051026944,2051026944,ddb80bff6eb2aebdc70be08cc145f28a6cb9ea0e18462e8d7b1baa56d4b5d23b,0,False
warm,job,instant,04b,1,75.0,150.64994618296623,0,2051026944,2051026944,523538c7776564e7ed390467ce8a7cd0e8389ea9c424d0e1f887da64c739b557,0,False
warm,job,instant,04b,2,75.0,174.57928508520126,0,2051026944,2051026944,523538c7776564e7ed390467ce8a7cd0e8389ea9c424d0e1f887da64c739b557,0,False
warm,job,instant,04c,1,90.0,163.61069958657026,0,2051026944,2051026944,83f0cda97ee9ccb075b05c9b4132515d93cfafe002ef5baf7e337221f1304565,0,False
warm,job,instant,04c,2,90.0,176.51948239654303,0,2051026944,2051026944,83f0cda97ee9ccb075b05c9b4132515d93cfafe002ef5baf7e337221f1304565,0,False
warm,job,instant,05a,1,69.0,148.02270289510489,0,2051026944,2051026944,21726c10dcf9e11a1bc65ffab39bb4df9a068d87d16f1946d8f54d44860395a5,0,False
warm,job,instant,05a,2,64.0,139.84039146453142,0,2051026944,2051026944,21726c10dcf9e11a1bc65ffab39bb4df9a068d87d16f1946d8f54d44860395a5,0,False
warm,job,instant,05b,1,65.0,143.07042956352234,0,2051026944,2051026944,21726c10dcf9e11a1bc65ffab39bb4df9a068d87d16f1946d8f54d44860395a5,0,False
warm,job,instant,05b,2,64.0,148.03142938762903,0,2051026944,2051026944,21726c10dcf9e11a1bc65ffab39bb4df9a068d87d16f1946d8f54d44860395a5,0,False
warm,job,instant,05c,1,266.0,353.4649247303605,0,2051026944,2051026944,0a44fcc5bef54de451146dd745d4d781a3380418a3c12f5815155dba103852f8,0,False
warm,job,instant,05c,2,273.0,353.94595470279455,0,2051026944,2051026944,0a44fcc5bef54de451146dd745d4d781a3380418a3c12f5815155dba103852f8,0,False
warm,job,instant,06a,1,245.0,323.23010452091694,0,2051026944,2051026944,cf310956cc4f000731fef95254b0dfd93426ecd7233b52acdac68b464d3d8145,0,False
warm,job,instant,06a,2,246.0,325.93143451958895,0,2051026944,2051026944,cf310956cc4f000731fef95254b0dfd93426ecd7233b52acdac68b464d3d8145,0,False
warm,job,instant,06b,1,244.0,321.46669551730156,0,2051026944,2051026944,b4a02d69e1c21434a3dfc3acedede1e4dda199f7066ad4c928822e8b7ea60735,0,False
warm,job,instant,06b,2,245.0,327.8837064281106,0,2051026944,2051026944,b4a02d69e1c21434a3dfc3acedede1e4dda199f7066ad4c928822e8b7ea60735,0,False
warm,job,instant,06c,1,242.0,324.95478447526693,0,2051026944,2051026944,602cf449fd5db5c02abb4d93217cbcfb1a376d067aa2741782059554b327ec66,0,False
warm,job,instant,06c,2,240.0,319.53052151948214,0,2051026944,2051026944,602cf449fd5db5c02abb4d93217cbcfb1a376d067aa2741782059554b327ec66,0,False
warm,job,instant,06d,1,249.0,330.4090267047286,0,2051026944,2051026944,9a9ee192e30a2f15657b1e9167674da6b93ad923e9ab1dd4b739d44171396d8e,0,False
warm,job,instant,06d,2,269.0,350.22600181400776,0,2051026944,2051026944,9a9ee192e30a2f15657b1e9167674da6b93ad923e9ab1dd4b739d44171396d8e,0,False
warm,job,instant,06e,1,244.0,323.5073098912835,0,2051026944,2051026944,cf310956cc4f000731fef95254b0dfd93426ecd7233b52acdac68b464d3d8145,0,False
warm,job,instant,06e,2,243.0,324.1357197985053,0,2051026944,2051026944,cf310956cc4f000731fef95254b0dfd93426ecd7233b52acdac68b464d3d8145,0,False
warm,job,instant,06f,1,414.0,493.3638880029321,0,2051026944,2051026944,e4a64849d1f6928d6e8361ed308dae1e3819474d48c3a29a6dfa27d82fff1908,0,False
warm,job,instant,06f,2,417.0,498.6909907311201,0,2051026944,2051026944,e4a64849d1f6928d6e8361ed308dae1e3819474d48c3a29a6dfa27d82fff1908,0,False
warm,job,instant,07a,1,158.0,239.6984100341797,0,2051026944,2051026944,08741fe3bcce22e88389f67304210ef54b78298b7322a3d34c0133c680a95d2b,0,False
warm,job,instant,07a,2,160.0,245.36903202533722,0,2051026944,2051026944,08741fe3bcce22e88389f67304210ef54b78298b7322a3d34c0133c680a95d2b,0,False
warm,job,instant,07b,1,125.0,203.6133874207735,0,2051026944,2051026944,6a942eeb51fb268cf3508ce35d269c80439e4679fd64d6152670806a1d13b84b,0,False
warm,job,instant,07b,2,126.0,207.85145089030266,0,2051026944,2051026944,6a942eeb51fb268cf3508ce35d269c80439e4679fd64d6152670806a1d13b84b,0,False
warm,job,instant,07c,1,629.0,717.8100496530533,0,2051026944,2051026944,ea1d6d27f02203c5685bda10c3e3802698af63bdf664dfdf2bea727c6dd5670c,0,False
warm,job,instant,07c,2,624.0,713.7430319562554,0,2051026944,2051026944,ea1d6d27f02203c5685bda10c3e3802698af63bdf664dfdf2bea727c6dd5670c,0,False
warm,job,instant,08a,1,302.0,383.7639642879367,0,2051026944,2051026944,82d80bc79518fce643c8cb8b25066d30449435af2260dd5d5130a84a6fbbf710,0,False
warm,job,instant,08a,2,303.0,389.09896556288004,0,2051026944,2051026944,82d80bc79518fce643c8cb8b25066d30449435af2260dd5d5130a84a6fbbf710,0,False
warm,job,instant,08b,1,208.0,290.90820252895355,0,2051026944,2051026944,18fc8befbe97194bb0dd0938fccaf37f393f6de2218ebde02f13c90e195d8dd0,0,False
warm,job,instant,08b,2,213.0,295.3947726637125,0,2051026944,2051026944,18fc8befbe97194bb0dd0938fccaf37f393f6de2218ebde02f13c90e195d8dd0,0,False
warm,job,instant,08c,1,730.0,810.9342576935887,0,2051026944,2051026944,7465829d867dd355db1eccde557ebf271ae12a72c816573a22efe46278831014,0,False
warm,job,instant,08c,2,735.0,818.9731705933809,0,2051026944,2051026944,7465829d867dd355db1eccde557ebf271ae12a72c816573a22efe46278831014,0,False
warm,job,instant,08d,1,189.0,267.85117387771606,0,2051026944,2051026944,30be15026c3210110c0445cfe84716b68d95bfc15fdf5e032a18f40bc001205a,0,False
warm,job,instant,08d,2,189.0,270.97136713564396,0,2051026944,2051026944,30be15026c3210110c0445cfe84716b68d95bfc15fdf5e032a18f40bc001205a,0,False
warm,job,instant,09a,1,319.0,406.3140619546175,0,2051026944,2051026944,2d514cc6a3833e1894724993543e6ce79601fd41a1c3863be4b52e6fbb07849d,0,False
warm,job,instant,09a,2,322.0,403.61201856285334,0,2051026944,2051026944,2d514cc6a3833e1894724993543e6ce79601fd41a1c3863be4b52e6fbb07849d,0,False
warm,job,instant,09b,1,319.0,402.42445189505816,0,2051026944,2051026944,edf89578cbaedd8aef3f84b6a08b2ec20528f53f87d3951a7786bc8a20366c62,0,False
warm,job,instant,09b,2,307.0,392.7835263311863,0,2051026944,2051026944,edf89578cbaedd8aef3f84b6a08b2ec20528f53f87d3951a7786bc8a20366c62,0,False
warm,job,instant,09c,1,417.0,501.87468715012074,0,2051026944,2051026944,dda7dae742f7fc0d1fb9bfc4609eee02da0dbca4760c238b79e66bea0ae1f058,0,False
warm,job,instant,09c,2,411.0,498.3160635456443,0,2051026944,2051026944,dda7dae742f7fc0d1fb9bfc4609eee02da0dbca4760c238b79e66bea0ae1f058,0,False
warm,job,instant,09d,1,628.0,709.2271279543638,0,2051026944,2051026944,d63b63c0a973d52de0ee2e3fefab4473a0da6db29ef718b8966a02091acf5790,0,False
warm,job,instant,09d,2,628.0,709.7333455458283,0,2051026944,2051026944,d63b63c0a973d52de0ee2e3fefab4473a0da6db29ef718b8966a02091acf5790,0,False
warm,job,instant,10a,1,513.0,594.9874864891171,0,2051026944,2051026944,f2420b69488a1f88d1fc4ce7e4377bdcc29a9d80a23f0f4c6d652867187b4273,0,False
warm,job,instant,10a,2,505.0,583.0103978514671,0,2051026944,2051026944,f2420b69488a1f88d1fc4ce7e4377bdcc29a9d80a23f0f4c6d652867187b4273,0,False
warm,job,instant,10b,1,332.0,412.30618860572577,0,2051026944,2051026944,c8833f4b90af0029c8e3899bd120360cb70a0771d4a3ca840e2a2cd697e07a33,0,False
warm,job,instant,10b,2,333.0,413.812518119812,0,2051026944,2051026944,c8833f4b90af0029c8e3899bd120360cb70a0771d4a3ca840e2a2cd697e07a33,0,False
warm,job,instant,10c,1,934.0,1012.721766717732,0,2051026944,2051026944,64bec1355ab6fa5d48fd78d86f0a54536c63a290f48b0c34b236b1ab6679b9d9,0,False
warm,job,instant,10c,2,940.0,1020.9655230864882,0,2051026944,2051026944,64bec1355ab6fa5d48fd78d86f0a54536c63a290f48b0c34b236b1ab6679b9d9,0,False
warm,job,instant,11a,1,52.0,127.65283323824406,0,2051026944,2051026944,75aef14b7b200510998732f66bf24b5eb353a77d15b16d358bff021a433c32ad,0,False
warm,job,instant,11a,2,57.0,137.00018543750048,0,2051026944,2051026944,75aef14b7b200510998732f66bf24b5eb353a77d15b16d358bff021a433c32ad,0,False
warm,job,instant,11b,1,143.0,219.22652702778578,0,2051026944,2051026944,fcae141de9c9e5fa0f5988e485096c9c00b1640e64fffdfeaa2a7c84c5bde5f6,0,False
warm,job,instant,11b,2,147.0,224.4547577574849,0,2051026944,2051026944,fcae141de9c9e5fa0f5988e485096c9c00b1640e64fffdfeaa2a7c84c5bde5f6,0,False
warm,job,instant,11c,1,66.0,143.1370908394456,0,2051026944,2051026944,13579a62e4c5df28771ad00eb6fb65c4f1e9d372b2abbb37fb8dd637b81ee964,0,False
warm,job,instant,11c,2,71.0,152.42039784789085,0,2051026944,2051026944,13579a62e4c5df28771ad00eb6fb65c4f1e9d372b2abbb37fb8dd637b81ee964,0,False
warm,job,instant,11d,1,57.0,136.13089080899954,0,2051026944,2051026944,765a32eeb9d4b8a1e5ddb591407860e7fe93f4d1918d3b1a0f6a3c66fe2e858a,0,False
warm,job,instant,11d,2,59.0,136.14799734205008,0,2051026944,2051026944,765a32eeb9d4b8a1e5ddb591407860e7fe93f4d1918d3b1a0f6a3c66fe2e858a,0,False
warm,job,instant,12a,1,108.0,186.7488417774439,0,2051026944,2051026944,02c6bcaa6a3333b31881aaacd682070a6fc21572445569086b5e2aab06ca69cf,0,False
warm,job,instant,12a,2,115.0,199.13647882640362,0,2051026944,2051026944,02c6bcaa6a3333b31881aaacd682070a6fc21572445569086b5e2aab06ca69cf,0,False
warm,job,instant,12b,1,63.0,139.4851729273796,0,2051026944,2051026944,75049d679134f8dadd2fcb4dd808286ffde11e0cd485eab3f05ede5fe04ba3e9,0,False
warm,job,instant,12b,2,62.0,139.54014796763659,0,2051026944,2051026944,75049d679134f8dadd2fcb4dd808286ffde11e0cd485eab3f05ede5fe04ba3e9,0,False
warm,job,instant,12c,1,133.0,219.7809936478734,0,2051026944,2051026944,61c1ba0c98c3c0a6c9ce5f81482b81183a9352a065a407e62323a315acc5c9c4,0,False
warm,job,instant,12c,2,136.0,218.53607520461082,0,2051026944,2051026944,61c1ba0c98c3c0a6c9ce5f81482b81183a9352a065a407e62323a315acc5c9c4,0,False
warm,job,instant,13a,1,115.0,194.16057132184505,0,2051026944,2051026944,b7c682bf7a69cc780c482fe1f4cd19a65f7a24b616c366483521e8ca4362fe3f,0,False
warm,job,instant,13a,2,115.0,198.47321044653654,0,2051026944,2051026944,b7c682bf7a69cc780c482fe1f4cd19a65f7a24b616c366483521e8ca4362fe3f,0,False
warm,job,instant,13b,1,139.0,232.2762319818139,0,2051026944,2051026944,c564e4ae333be542642c853c5b2d8ba6571ca6f72736d6eee61b7c82162343cf,0,False
warm,job,instant,13b,2,137.0,223.8965993747115,0,2051026944,2051026944,c564e4ae333be542642c853c5b2d8ba6571ca6f72736d6eee61b7c82162343cf,0,False
warm,job,instant,13c,1,95.0,175.1843523234129,0,2051026944,2051026944,afdff1d06f6c699a12638dac25850eb84e981ea0edd8098770d7bee393a8237b,0,False
warm,job,instant,13c,2,95.0,172.53884486854076,0,2051026944,2051026944,afdff1d06f6c699a12638dac25850eb84e981ea0edd8098770d7bee393a8237b,0,False
warm,job,instant,13d,1,180.0,261.3664334639907,0,2051026944,2051026944,6dc3ecd52a645ca986b1c68a4a01a9e18efdf4146ed0da1d55adeaac2bd23dc3,0,False
warm,job,instant,13d,2,181.0,261.25524565577507,0,2051026944,2051026944,6dc3ecd52a645ca986b1c68a4a01a9e18efdf4146ed0da1d55adeaac2bd23dc3,0,False
warm,job,instant,14a,1,117.0,194.66723036020994,0,2051026944,2051026944,2c66657ce156258fe44f31397c940d51d9ccf529d3c970d1697af21e272246b8,0,False
warm,job,instant,14a,2,112.0,191.03378523141146,0,2051026944,2051026944,2c66657ce156258fe44f31397c940d51d9ccf529d3c970d1697af21e272246b8,0,False
warm,job,instant,14b,1,113.0,191.96460023522377,0,2051026944,2051026944,3166468f404e5eafe69cb2483a06d1a5c6fb80e1c21de5391b0ccdafcd854adb,0,False
warm,job,instant,14b,2,120.0,204.37075942754745,0,2051026944,2051026944,3166468f404e5eafe69cb2483a06d1a5c6fb80e1c21de5391b0ccdafcd854adb,0,False
warm,job,instant,14c,1,125.0,203.51547095924616,0,2051026944,2051026944,2c66657ce156258fe44f31397c940d51d9ccf529d3c970d1697af21e272246b8,0,False
warm,job,instant,14c,2,122.0,199.25118796527386,0,2051026944,2051026944,2c66657ce156258fe44f31397c940d51d9ccf529d3c970d1697af21e272246b8,0,False
warm,job,instant,15a,1,249.0,335.704711265862,0,2051026944,2051026944,f6485a645d13c274907f4443b97500b9116d3d5383a594bba4ad8ddd83248358,0,False
warm,job,instant,15a,2,279.0,360.07546354085207,0,2051026944,2051026944,f6485a645d13c274907f4443b97500b9116d3d5383a594bba4ad8ddd83248358,0,False
warm,job,instant,15b,1,136.0,221.1181716993451,0,2051026944,2051026944,5e79daf7a3d7c64aba2fa23d8cceebdecd74606e680509dc349bd07b49d47104,0,False
warm,job,instant,15b,2,135.0,218.7926834449172,0,2051026944,2051026944,5e79daf7a3d7c64aba2fa23d8cceebdecd74606e680509dc349bd07b49d47104,0,False
warm,job,instant,15c,1,240.0,317.3168580979109,0,2051026944,2051026944,883f58a0f34091fd3c2bb5971c6c8bcb69f9e7466c9f0b62088e42e16eb1816a,0,False
warm,job,instant,15c,2,249.0,332.8879326581955,0,2051026944,2051026944,883f58a0f34091fd3c2bb5971c6c8bcb69f9e7466c9f0b62088e42e16eb1816a,0,False
warm,job,instant,15d,1,180.0,259.59683768451214,0,2051026944,2051026944,16c2aeb5e00e4a6aa35b7e486776c3eee7e34cc94c947bbcf0a93921fa8aa6ba,0,False
warm,job,instant,15d,2,177.0,255.9542441740632,0,2051026944,2051026944,16c2aeb5e00e4a6aa35b7e486776c3eee7e34cc94c947bbcf0a93921fa8aa6ba,0,False
warm,job,instant,16a,1,280.0,356.0233237221837,0,2051026944,2051026944,0c45a9e7b66310b6b11be784beb30c75f4c8eed8661a90cf963d2e4091a7d1c8,0,False
warm,job,instant,16a,2,278.0,360.0992625579238,0,2051026944,2051026944,0c45a9e7b66310b6b11be784beb30c75f4c8eed8661a90cf963d2e4091a7d1c8,0,False
warm,job,instant,16b,1,1073.0,1159.2691345140338,0,2051026944,2051026944,9e2a1c07b046e60cf708259c9243e3fd9632bc8c6f48d9ea589c868f38d28ed7,0,False
warm,job,instant,16b,2,1104.0,1185.360947623849,0,2051026944,2051026944,9e2a1c07b046e60cf708259c9243e3fd9632bc8c6f48d9ea589c868f38d28ed7,0,False
warm,job,instant,16c,1,371.0,457.5567776337266,0,2051026944,2051026944,d0bee8e7de4d68c979f73590c12e8b02a85f2c755a10b3c309488e6dcbfe5740,0,False
warm,job,instant,16c,2,373.0,454.02627158910036,0,2051026944,2051026944,d0bee8e7de4d68c979f73590c12e8b02a85f2c755a10b3c309488e6dcbfe5740,0,False
warm,job,instant,16d,1,359.0,440.74635952711105,0,2051026944,2051026944,d0bee8e7de4d68c979f73590c12e8b02a85f2c755a10b3c309488e6dcbfe5740,0,False
warm,job,instant,16d,2,355.0,436.10759638249874,0,2051026944,2051026944,d0bee8e7de4d68c979f73590c12e8b02a85f2c755a10b3c309488e6dcbfe5740,0,False
warm,job,instant,17a,1,232.0,310.5726055800915,0,2051026944,2051026944,7fe9c0a6b11f6430f4ae93ba9c5ff48bb030edbb92563715b7c0e707ae2ed161,0,False
warm,job,instant,17a,2,232.0,312.52431124448776,0,2051026944,2051026944,7fe9c0a6b11f6430f4ae93ba9c5ff48bb030edbb92563715b7c0e707ae2ed161,0,False
warm,job,instant,17b,1,221.0,300.3996880725026,0,2051026944,2051026944,15d568773ef08f416db819a9a7c2d9a3ea64f7dfe14dd59cb79c3e498a901950,0,False
warm,job,instant,17b,2,220.0,305.821793153882,0,2051026944,2051026944,15d568773ef08f416db819a9a7c2d9a3ea64f7dfe14dd59cb79c3e498a901950,0,False
warm,job,instant,17c,1,200.0,278.60167995095253,0,2051026944,2051026944,0a884c1a69183318c60d10407f267ae08c3224cb8fcaf81101e8395da797fb76,0,False
warm,job,instant,17c,2,200.0,281.7094335332513,0,2051026944,2051026944,0a884c1a69183318c60d10407f267ae08c3224cb8fcaf81101e8395da797fb76,0,False
warm,job,instant,17d,1,364.0,439.51042275875807,0,2051026944,2051026944,3fdb8c95209ce2ebb49425ec504bd23dc223cf3d516119bccf006b60f0c2f681,0,False
warm,job,instant,17d,2,364.0,440.25589525699615,0,2051026944,2051026944,3fdb8c95209ce2ebb49425ec504bd23dc223cf3d516119bccf006b60f0c2f681,0,False
warm,job,instant,17e,1,556.0,654.7700557857752,0,2051026944,2051026944,a2ee465ab850ed008e06898aea4f520f80721dc49d77bee2fbd9642414dc8d32,0,False
warm,job,instant,17e,2,558.0,635.4686124250293,0,2051026944,2051026944,a2ee465ab850ed008e06898aea4f520f80721dc49d77bee2fbd9642414dc8d32,0,False
warm,job,instant,17f,1,590.0,669.7150226682425,0,2051026944,2051026944,e557f8ea5a5ba7f51aa243f64a576a3a30208bb63763efa120b8a428ee987bce,0,False
warm,job,instant,17f,2,587.0,667.3382828012109,0,2051026944,2051026944,e557f8ea5a5ba7f51aa243f64a576a3a30208bb63763efa120b8a428ee987bce,0,False
warm,job,instant,18a,1,450.0,534.8668992519379,0,2051026944,2051026944,d21acd2aa56a5d8370777029957408dee7173b82774191d7ddd090d823de8a9d,0,False
warm,job,instant,18a,2,446.0,531.4334286376834,0,2051026944,2051026944,d21acd2aa56a5d8370777029957408dee7173b82774191d7ddd090d823de8a9d,0,False
warm,job,instant,18b,1,451.0,537.7506827935576,0,2051026944,2051026944,5af7d07710dab90620e41e6d23846eaf69924560681748a3e0b9ad6daeea763b,0,False
warm,job,instant,18b,2,456.0,551.4843314886093,0,2051026944,2051026944,5af7d07710dab90620e41e6d23846eaf69924560681748a3e0b9ad6daeea763b,0,False
warm,job,instant,18c,1,736.0,817.6081897690892,0,2051026944,2051026944,0cd2afcf0fee2a3719202e03505115ac80013017a45bb0e841defa6908280df4,0,False
warm,job,instant,18c,2,730.0,810.4261672124267,0,2051026944,2051026944,0cd2afcf0fee2a3719202e03505115ac80013017a45bb0e841defa6908280df4,0,False
warm,job,instant,19a,1,271.0,356.0744635760784,0,2051026944,2051026944,1ae5f1fccd9725d8e9d1d2060c5603cc7cf7115143520ccf703d325148da07dd,0,False
warm,job,instant,19a,2,261.0,347.968066111207,0,2051026944,2051026944,1ae5f1fccd9725d8e9d1d2060c5603cc7cf7115143520ccf703d325148da07dd,0,False
warm,job,instant,19b,1,281.0,367.0122744515538,0,2051026944,2051026944,6e5674983d7c62fbdb68f0b116f6c4311e4c77093a2e8cebac29f771a5d03153,0,False
warm,job,instant,19b,2,278.0,377.3206723853946,0,2051026944,2051026944,6e5674983d7c62fbdb68f0b116f6c4311e4c77093a2e8cebac29f771a5d03153,0,False
warm,job,instant,19c,1,372.0,459.4329819083214,0,2051026944,2051026944,77b8f0442dcb79b47184820142d029c0236f5aa25a1ffd3816ba355499f140b8,0,False
warm,job,instant,19c,2,389.0,477.21174731850624,0,2051026944,2051026944,77b8f0442dcb79b47184820142d029c0236f5aa25a1ffd3816ba355499f140b8,0,False
warm,job,instant,19d,1,654.0,741.9298039749265,0,2051026944,2051026944,4144ae8243c6cb654983fd1c4e6c0dd1d7f2d913f583f4c499207ead79d69b54,0,False
warm,job,instant,19d,2,660.0,746.4302647858858,0,2051026944,2051026944,4144ae8243c6cb654983fd1c4e6c0dd1d7f2d913f583f4c499207ead79d69b54,0,False
warm,job,instant,20a,1,585.0,662.3041816055775,0,2051026944,2051026944,c9e65e31a6a24fc26ac9fc3a935f3ddf49bff072795dca0c90dad03e760a19e0,0,False
warm,job,instant,20a,2,590.0,671.5306984260678,0,2051026944,2051026944,c9e65e31a6a24fc26ac9fc3a935f3ddf49bff072795dca0c90dad03e760a19e0,0,False
warm,job,instant,20b,1,456.0,536.8651170283556,0,2051026944,2051026944,c826f8325b6868f0a8c323bacb3abd3ae7477c2327ea08b458cb23d71938d9c2,0,False
warm,job,instant,20b,2,457.0,540.4595425352454,0,2051026944,2051026944,c826f8325b6868f0a8c323bacb3abd3ae7477c2327ea08b458cb23d71938d9c2,0,False
warm,job,instant,20c,1,635.0,716.5606459602714,0,2051026944,2051026944,f47dd0ede140b6bd1dbb11728a938bd7a90e0d809bca65638635da44e14c32da,0,False
warm,job,instant,20c,2,632.0,717.951238155365,0,2051026944,2051026944,f47dd0ede140b6bd1dbb11728a938bd7a90e0d809bca65638635da44e14c32da,0,False
warm,job,instant,21a,1,90.0,175.40516704320908,0,2051026944,2051026944,b220b434b6646e98101048b3ea2ad64da2f3485fd18cf1c1f83239c47494a1b3,0,False
warm,job,instant,21a,2,87.0,168.35456900298595,0,2051026944,2051026944,b220b434b6646e98101048b3ea2ad64da2f3485fd18cf1c1f83239c47494a1b3,0,False
warm,job,instant,21b,1,85.0,171.36485408991575,0,2051026944,2051026944,6fdabe24b063c3e05d3efffaecfdb8b7b4a1291947821a3285f3aa05934a0ea8,0,False
warm,job,instant,21b,2,87.0,186.8365714326501,0,2051026944,2051026944,6fdabe24b063c3e05d3efffaecfdb8b7b4a1291947821a3285f3aa05934a0ea8,0,False
warm,job,instant,21c,1,90.0,182.76107218116522,0,2051026944,2051026944,75aef14b7b200510998732f66bf24b5eb353a77d15b16d358bff021a433c32ad,0,False
warm,job,instant,21c,2,93.0,174.62557554244995,0,2051026944,2051026944,75aef14b7b200510998732f66bf24b5eb353a77d15b16d358bff021a433c32ad,0,False
warm,job,instant,22a,1,186.0,269.38401255756617,0,2051026944,2051026944,49d165dc0eee66dd596a6c56a9654c307563385e859a8174e8214a4eb79829f5,0,False
warm,job,instant,22a,2,192.0,273.9101853221655,0,2051026944,2051026944,49d165dc0eee66dd596a6c56a9654c307563385e859a8174e8214a4eb79829f5,0,False
warm,job,instant,22b,1,174.0,253.14072612673044,0,2051026944,2051026944,c2cf5802dc659bfe123d02dbc80870fc22abf7a3dd789966592efd2a0189223b,0,False
warm,job,instant,22b,2,178.0,259.4528254121542,0,2051026944,2051026944,c2cf5802dc659bfe123d02dbc80870fc22abf7a3dd789966592efd2a0189223b,0,False
warm,job,instant,22c,1,199.0,305.56477792561054,0,2051026944,2051026944,ec582ce64fb40f07ac072ab1c979fe8fad6bfd0b711dee98405d16c93c5388bf,0,False
warm,job,instant,22c,2,204.0,288.41190226376057,0,2051026944,2051026944,ec582ce64fb40f07ac072ab1c979fe8fad6bfd0b711dee98405d16c93c5388bf,0,False
warm,job,instant,22d,1,166.0,252.1499376744032,0,2051026944,2051026944,e53f77190a8d5cc94dc638c6a152324366e9c8775ba34c4ab45d8273097141e1,0,False
warm,job,instant,22d,2,166.0,247.75107577443123,0,2051026944,2051026944,e53f77190a8d5cc94dc638c6a152324366e9c8775ba34c4ab45d8273097141e1,0,False
warm,job,instant,23a,1,250.0,330.52681758999825,0,2051026944,2051026944,1638adb7b1e5c1c3fae7cd491d58a339abd218fb0de4747342bc9f4725340967,0,False
warm,job,instant,23a,2,246.0,324.85249172896147,0,2051026944,2051026944,1638adb7b1e5c1c3fae7cd491d58a339abd218fb0de4747342bc9f4725340967,0,False
warm,job,instant,23b,1,127.0,205.51712159067392,0,2051026944,2051026944,de0d7c792d956183c4a59443ab2d175cb2efd27b44eaac44274afc65b1ee3ada,0,False
warm,job,instant,23b,2,125.0,206.44465927034616,0,2051026944,2051026944,de0d7c792d956183c4a59443ab2d175cb2efd27b44eaac44274afc65b1ee3ada,0,False
warm,job,instant,23c,1,258.0,339.2348885536194,0,2051026944,2051026944,e10fab510282ed90b22716dccfbc19163745b966d49507296786897392685fb6,0,False
warm,job,instant,23c,2,250.0,330.9405641630292,0,2051026944,2051026944,e10fab510282ed90b22716dccfbc19163745b966d49507296786897392685fb6,0,False
warm,job,instant,24a,1,382.0,466.77199471741915,0,2051026944,2051026944,30e1ca86921ccc8248427e9ed99656518436b8c5490b535dd6d34cab98aaf5e7,0,False
warm,job,instant,24a,2,381.0,469.569630920887,0,2051026944,2051026944,30e1ca86921ccc8248427e9ed99656518436b8c5490b535dd6d34cab98aaf5e7,0,False
warm,job,instant,24b,1,353.0,436.3772654905915,0,2051026944,2051026944,767718d918d9b17aeb7d1b87efbdcedc6b4f6b60133ef3e448e7cf4597b23881,0,False
warm,job,instant,24b,2,351.0,442.914298735559,0,2051026944,2051026944,767718d918d9b17aeb7d1b87efbdcedc6b4f6b60133ef3e448e7cf4597b23881,0,False
warm,job,instant,25a,1,695.0,777.5524137541652,0,2051026944,2051026944,d21eaf7ef62fa4e701443b6a2cdc1fe0e176dd5453d5d3ed0bfc40ec5e01b56b,0,False
warm,job,instant,25a,2,681.0,761.9878444820642,0,2051026944,2051026944,d21eaf7ef62fa4e701443b6a2cdc1fe0e176dd5453d5d3ed0bfc40ec5e01b56b,0,False
warm,job,instant,25b,1,333.0,422.1325861290097,0,2051026944,2051026944,b26c073dc32fce2cb85546b60c8510a32d46c536bcfb2a9e27b0ebbabfbd81fa,0,False
warm,job,instant,25b,2,326.0,412.0871350169182,0,2051026944,2051026944,b26c073dc32fce2cb85546b60c8510a32d46c536bcfb2a9e27b0ebbabfbd81fa,0,False
warm,job,instant,25c,1,728.0,815.9426907077432,0,2051026944,2051026944,956e59b9c5855bea01d2ef1a35073ad2635bb94698b44a53b98dd8c92f141848,0,False
warm,job,instant,25c,2,734.0,818.4667695313692,0,2051026944,2051026944,956e59b9c5855bea01d2ef1a35073ad2635bb94698b44a53b98dd8c92f141848,0,False
warm,job,instant,26a,1,636.0,717.5630377605557,0,2051026944,2051026944,7f8a02b86273b236f5bb9ba9ac9bae28e25cef4e624a61bc9f8c15e52a14b705,0,False
warm,job,instant,26a,2,633.0,716.6141662746668,0,2051026944,2051026944,7f8a02b86273b236f5bb9ba9ac9bae28e25cef4e624a61bc9f8c15e52a14b705,0,False
warm,job,instant,26b,1,544.0,623.6007073894143,0,2051026944,2051026944,7c669de000f60c5ac1b3091bf9ed3a0b3323e57f16d776a5f4517c264be99a5a,0,False
warm,job,instant,26b,2,543.0,628.1683258712292,0,2051026944,2051026944,7c669de000f60c5ac1b3091bf9ed3a0b3323e57f16d776a5f4517c264be99a5a,0,False
warm,job,instant,26c,1,617.0,692.6302444189787,0,2051026944,2051026944,22b8c3533187d30ccb3d865e9faecd1464f965a1ff32abf4e62fb941bf8346c8,0,False
warm,job,instant,26c,2,625.0,706.2555495649576,0,2051026944,2051026944,22b8c3533187d30ccb3d865e9faecd1464f965a1ff32abf4e62fb941bf8346c8,0,False
warm,job,instant,27a,1,87.0,168.1809425354004,0,2051026944,2051026944,ea776b4cb43066a5ee13ee751c614973becdcd37d77ccf979558e12219b8c8ca,0,False
warm,job,instant,27a,2,91.0,169.30169519037008,0,2051026944,2051026944,ea776b4cb43066a5ee13ee751c614973becdcd37d77ccf979558e12219b8c8ca,0,False
warm,job,instant,27b,1,89.0,170.210893265903,0,2051026944,2051026944,2830e9f1def171e0a695b76715594bd362de67d5bba65e8ba8cf250400b716fe,0,False
warm,job,instant,27b,2,91.0,178.03630698472261,0,2051026944,2051026944,2830e9f1def171e0a695b76715594bd362de67d5bba65e8ba8cf250400b716fe,0,False
warm,job,instant,27c,1,93.0,173.42470027506351,0,2051026944,2051026944,ea776b4cb43066a5ee13ee751c614973becdcd37d77ccf979558e12219b8c8ca,0,False
warm,job,instant,27c,2,90.0,170.17625086009502,0,2051026944,2051026944,ea776b4cb43066a5ee13ee751c614973becdcd37d77ccf979558e12219b8c8ca,0,False
warm,job,instant,28a,1,161.0,241.22063629329205,0,2051026944,2051026944,f35e15e5ead599b31abf448417f863da86610d3177a787980355ce7404b9206d,0,False
warm,job,instant,28a,2,159.0,242.39499401301146,0,2051026944,2051026944,f35e15e5ead599b31abf448417f863da86610d3177a787980355ce7404b9206d,0,False
warm,job,instant,28b,1,133.0,212.41621859371662,0,2051026944,2051026944,834d65c81a3e5f0b36520def841bf2be3131c6e7d132e3719ca307512fda0f14,0,False
warm,job,instant,28b,2,129.0,213.3327005431056,0,2051026944,2051026944,834d65c81a3e5f0b36520def841bf2be3131c6e7d132e3719ca307512fda0f14,0,False
warm,job,instant,28c,1,173.0,253.88291105628014,0,2051026944,2051026944,f3678553b4c587b6dffa443561fc8a1bbd44a408476201160c0c812b963a0f53,0,False
warm,job,instant,28c,2,176.0,259.2059997841716,0,2051026944,2051026944,f3678553b4c587b6dffa443561fc8a1bbd44a408476201160c0c812b963a0f53,0,False
warm,job,instant,29a,1,368.0,458.3303453400731,0,2051026944,2051026944,512354bf2bc70a0dd2dfc36c81daf6b950b76ab693ed35b4a0c867a43f77368f,0,False
warm,job,instant,29a,2,369.0,454.55831475555897,0,2051026944,2051026944,512354bf2bc70a0dd2dfc36c81daf6b950b76ab693ed35b4a0c867a43f77368f,0,False
warm,job,instant,29b,1,356.0,443.1399079039693,0,2051026944,2051026944,512354bf2bc70a0dd2dfc36c81daf6b950b76ab693ed35b4a0c867a43f77368f,0,False
warm,job,instant,29b,2,390.0,480.78027088195086,0,2051026944,2051026944,512354bf2bc70a0dd2dfc36c81daf6b950b76ab693ed35b4a0c867a43f77368f,0,False
warm,job,instant,29c,1,349.0,451.51739846915007,0,2051026944,2051026944,99eac0225db341ba2d73204cdbd6fef775fbec98308bc4939ee1ebfad1b38c0b,0,False
warm,job,instant,29c,2,342.0,432.0695837959647,0,2051026944,2051026944,99eac0225db341ba2d73204cdbd6fef775fbec98308bc4939ee1ebfad1b38c0b,0,False
warm,job,instant,30a,1,529.0,610.3713400661945,0,2051026944,2051026944,a96523021fefab47fbe2dfbf0141d0a3a300b2a5b78aa2baa14896b37841916e,0,False
warm,job,instant,30a,2,531.0,613.0326827988029,0,2051026944,2051026944,a96523021fefab47fbe2dfbf0141d0a3a300b2a5b78aa2baa14896b37841916e,0,False
warm,job,instant,30b,1,407.0,494.9738634750247,0,2051026944,2051026944,c7c3c6257fdb2a3ab79d0def5064b051fe6794274560464f3b7e1eb5187ad7c1,0,False
warm,job,instant,30b,2,400.0,484.4557084143162,0,2051026944,2051026944,c7c3c6257fdb2a3ab79d0def5064b051fe6794274560464f3b7e1eb5187ad7c1,0,False
warm,job,instant,30c,1,687.0,776.276670396328,0,2051026944,2051026944,167828a045d6cd466177ce1d400a446f3c819d47293c9c70e4bf17465632821a,0,False
warm,job,instant,30c,2,685.0,772.6667961105704,0,2051026944,2051026944,167828a045d6cd466177ce1d400a446f3c819d47293c9c70e4bf17465632821a,0,False
warm,job,instant,31a,1,522.0,631.4400536939502,0,2051026944,2051026944,255f84793ebb9cc23de0166fb22b6c11cc0520f038d818f21fa8609dd9669ef7,0,False
warm,job,instant,31a,2,532.0,617.5436098128557,0,2051026944,2051026944,255f84793ebb9cc23de0166fb22b6c11cc0520f038d818f21fa8609dd9669ef7,0,False
warm,job,instant,31b,1,443.0,528.5899974405766,0,2051026944,2051026944,4dd25675b042522f24ffb936a21cafbaecf66727118a2dd79079326061f7b3e7,0,False
warm,job,instant,31b,2,446.0,535.884190350771,0,2051026944,2051026944,4dd25675b042522f24ffb936a21cafbaecf66727118a2dd79079326061f7b3e7,0,False
warm,job,instant,31c,1,547.0,624.8156847432256,0,2051026944,2051026944,77d4bd293175101fcd0e3ae1a25b058d7e5663547f4b50493f546e7358c6bd31,0,False
warm,job,instant,31c,2,549.0,632.7489465475082,0,2051026944,2051026944,77d4bd293175101fcd0e3ae1a25b058d7e5663547f4b50493f546e7358c6bd31,0,False
warm,job,instant,32a,1,30.0,107.29807894676924,0,2051026944,2051026944,391e9f7cc58a0915e4240408ec8de3e947b3ed1197141757d94613ddcfeb945b,0,False
warm,job,instant,32a,2,32.0,127.88078002631664,0,2051026944,2051026944,391e9f7cc58a0915e4240408ec8de3e947b3ed1197141757d94613ddcfeb945b,0,False
warm,job,instant,32b,1,57.0,130.39941899478436,0,2051026944,2051026944,d463c9a0009b055de45f087a75a3b20a09dcc453647a52733898abe173a47680,0,False
warm,job,instant,32b,2,58.0,132.74604734033346,0,2051026944,2051026944,d463c9a0009b055de45f087a75a3b20a09dcc453647a52733898abe173a47680,0,False
warm,job,instant,33a,1,93.0,171.34288046509027,0,2051026944,2051026944,6aebb009f054fda36f3cf13cb2aed940fcf421e3cd58cd2d573e77d1885334b4,0,False
warm,job,instant,33a,2,93.0,173.18349704146385,0,2051026944,2051026944,6aebb009f054fda36f3cf13cb2aed940fcf421e3cd58cd2d573e77d1885334b4,0,False
warm,job,instant,33b,1,104.0,180.66942133009434,0,2051026944,2051026944,a8b0343c954c029f8a09e06261c0b4c455a65d03729edeb2d6bbb99afedf6805,0,False
warm,job,instant,33b,2,94.0,174.17861428111792,0,2051026944,2051026944,a8b0343c954c029f8a09e06261c0b4c455a65d03729edeb2d6bbb99afedf6805,0,False
warm,job,instant,33c,1,93.0,172.74400871247053,0,2051026944,2051026944,f2339b2fdfeb22ba2188c6ee4f06f939deb73b2b74ce62eaffd55a01dab45b51,0,False
warm,job,instant,33c,2,101.0,178.20790689438581,0,2051026944,2051026944,f2339b2fdfeb22ba2188c6ee4f06f939deb73b2b74ce62eaffd55a01dab45b51,0,False
warm,tpch_sf10,oracle,q01,1,1647.0,1711.7580669000745,0,2679123968,2679123968,87526bc855b8be14cfbe592c1930b7782e550df76fc61ac89ff651c012cc83df,0,False
warm,tpch_sf10,oracle,q01,2,1601.0,1655.570013448596,0,2679123968,2679123968,87526bc855b8be14cfbe592c1930b7782e550df76fc61ac89ff651c012cc83df,0,False
warm,tpch_sf10,oracle,q02,1,202.0,242.76677332818508,0,2679123968,2679123968,bf41b62217f6365f5d275641c5c29b1b3ddbe3ffdec88fb0e9fcaa5644109f9f,0,False
warm,tpch_sf10,oracle,q02,2,198.0,238.48983459174633,0,2679123968,2679123968,bf41b62217f6365f5d275641c5c29b1b3ddbe3ffdec88fb0e9fcaa5644109f9f,0,False
warm,tpch_sf10,oracle,q03,1,885.0,945.6832502037287,0,2679123968,2679123968,ab250cea0813f18255d007786af114ae3a1ac93b7214bcd6ef4a101db5a13168,0,False
warm,tpch_sf10,oracle,q03,2,884.0,946.4839678257704,0,2679123968,2679123968,ab250cea0813f18255d007786af114ae3a1ac93b7214bcd6ef4a101db5a13168,0,False
warm,tpch_sf10,oracle,q04,1,981.0,1040.2778256684542,0,2679123968,2679123968,466f36f54fb9ad16f5c23ee9e3cb09ece90ee32a4cb561df5f5f276ca44fb19f,0,False
warm,tpch_sf10,oracle,q04,2,1018.0,1079.455609433353,0,2679123968,2679123968,466f36f54fb9ad16f5c23ee9e3cb09ece90ee32a4cb561df5f5f276ca44fb19f,0,False
warm,tpch_sf10,oracle,q05,1,1076.0,1154.6839056536555,0,2679123968,2679123968,902ebba727979467756178b19ed7cee8a1df80328c7660a38c8d110b925353c0,0,False
warm,tpch_sf10,oracle,q05,2,1027.0,1089.5199300721288,0,2679123968,2679123968,902ebba727979467756178b19ed7cee8a1df80328c7660a38c8d110b925353c0,0,False
warm,tpch_sf10,oracle,q06,1,655.0,706.2408858910203,0,2679123968,2679123968,085140a4231b076ae984bfc445b85a8b4b0deb0c4315eb893f354cf768752734,0,False
warm,tpch_sf10,oracle,q06,2,658.0,715.010080486536,0,2679123968,2679123968,085140a4231b076ae984bfc445b85a8b4b0deb0c4315eb893f354cf768752734,0,False
warm,tpch_sf10,oracle,q07,1,992.0,1061.6978509351611,0,2679123968,2679123968,9b3e6dfd5d1e101c35351837b3eeb67cb89c70ae011d76ff23f4ef22dc623663,0,False
warm,tpch_sf10,oracle,q07,2,1054.0,1132.6828878372908,0,2679123968,2679123968,9b3e6dfd5d1e101c35351837b3eeb67cb89c70ae011d76ff23f4ef22dc623663,0,False
warm,tpch_sf10,oracle,q08,1,1073.0,1137.7352299168706,0,2679123968,2679123968,b486fb0460847b2410b9b658b6b93c7855fd71eba7ce9c609937840ee08e1012,0,False
warm,tpch_sf10,oracle,q08,2,1073.0,1138.689155690372,0,2679123968,2679123968,b486fb0460847b2410b9b658b6b93c7855fd71eba7ce9c609937840ee08e1012,0,False
warm,tpch_sf10,oracle,q09,1,2466.0,2569.2870980128646,0,2679123968,2679123968,5f699bf8b4dda5aeb686b2bbdd9aa7e91c27e88bfaf2983aeb90f46272a9b024,0,False
warm,tpch_sf10,oracle,q09,2,2389.0,2490.1220481842756,0,2679123968,2679123968,5f699bf8b4dda5aeb686b2bbdd9aa7e91c27e88bfaf2983aeb90f46272a9b024,0,False
warm,tpch_sf10,oracle,q10,1,1703.0,1788.1458140909672,0,2679123968,2679123968,8c1e8ac9fa6b922a55adea1e42db2b0c5fbb628875b247d321495f46aaef27bf,0,False
warm,tpch_sf10,oracle,q10,2,1636.0,1707.61286187917,0,2679123968,2679123968,8c1e8ac9fa6b922a55adea1e42db2b0c5fbb628875b247d321495f46aaef27bf,0,False
warm,tpch_sf10,oracle,q11,1,156.0,192.8644785657525,0,2679123968,2679123968,01ba4719c80b6fe911b091a7c05124b64eeece964e09c058ef8f9805daca546b,0,False
warm,tpch_sf10,oracle,q11,2,156.0,194.3555874750018,0,2679123968,2679123968,01ba4719c80b6fe911b091a7c05124b64eeece964e09c058ef8f9805daca546b,0,False
warm,tpch_sf10,oracle,q12,1,1056.0,1109.9698515608907,0,2679123968,2679123968,afd723efe5928ef3f3c8b2f4815ecb0774698064a9710402eda6e706b6653663,0,False
warm,tpch_sf10,oracle,q12,2,1055.0,1112.2544379904866,0,2679123968,2679123968,afd723efe5928ef3f3c8b2f4815ecb0774698064a9710402eda6e706b6653663,0,False
warm,tpch_sf10,oracle,q13,1,2475.0,2529.717373661697,0,2679123968,2679123968,de9be9f23b9d32891c7d4c0b977de68261c8c8135cd55b1cfcd6047495c6cc60,0,False
warm,tpch_sf10,oracle,q13,2,2456.0,2503.8188053295016,0,2679123968,2679123968,de9be9f23b9d32891c7d4c0b977de68261c8c8135cd55b1cfcd6047495c6cc60,0,False
warm,tpch_sf10,oracle,q14,1,918.0,995.4816531389952,0,2679123968,2679123968,ada69c57ebb07c4be175dcfa3b1acab32957969874c42aeaf7937b0d375fdcb6,0,False
warm,tpch_sf10,oracle,q14,2,854.0,912.079724483192,0,2679123968,2679123968,ada69c57ebb07c4be175dcfa3b1acab32957969874c42aeaf7937b0d375fdcb6,0,False
warm,tpch_sf10,oracle,q15,1,762.0,827.3247890174389,0,2679123968,2679123968,a6b4beb0686071a002a93690a28d295ff71920962fa915bea882a313bd5be3f5,0,False
warm,tpch_sf10,oracle,q15,2,724.0,774.6319388970733,0,2679123968,2679123968,a6b4beb0686071a002a93690a28d295ff71920962fa915bea882a313bd5be3f5,0,False
warm,tpch_sf10,oracle,q16,1,390.0,434.946340508759,0,2679123968,2679123968,0be12c4f87e0d7d979745bbdd9931dfa200723da97e437f7998e239b85265500,0,False
warm,tpch_sf10,oracle,q16,2,386.0,426.6901882365346,0,2679123968,2679123968,0be12c4f87e0d7d979745bbdd9931dfa200723da97e437f7998e239b85265500,0,False
warm,tpch_sf10,oracle,q17,1,952.0,1026.3152495026588,0,2679123968,2679123968,80ece3eb71e9582fbdb9648f54938aac3348c8ac574ea496d887da9d470528ce,0,False
warm,tpch_sf10,oracle,q17,2,896.0,950.3788743168116,0,2679123968,2679123968,80ece3eb71e9582fbdb9648f54938aac3348c8ac574ea496d887da9d470528ce,0,False
warm,tpch_sf10,oracle,q18,1,2559.0,2616.192569024861,0,2679123968,2679123968,836476a75e3e834142808170094a4941e2776ed7e71b6b0ace94eb7b13f25a8e,0,False
warm,tpch_sf10,oracle,q18,2,2545.0,2601.300439797342,0,2679123968,2679123968,836476a75e3e834142808170094a4941e2776ed7e71b6b0ace94eb7b13f25a8e,0,False
warm,tpch_sf10,oracle,q19,1,1210.0,1279.6916728839278,0,2679123968,2679123968,9f58bd0331b4048c0c8830ae415e993916c8097e662b4eb3adde5680fdc82c62,0,False
warm,tpch_sf10,oracle,q19,2,1375.0,1439.1320645809174,0,2679123968,2679123968,9f58bd0331b4048c0c8830ae415e993916c8097e662b4eb3adde5680fdc82c62,0,False
warm,tpch_sf10,oracle,q20,1,999.0,1059.4460777938366,0,2679123968,2679123968,55d95cef949d06ab99c591ddb23e2d59e12c6d842c4e1644a8d4ff2b0fd37e4c,0,False
warm,tpch_sf10,oracle,q20,2,996.0,1055.564240552485,0,2679123968,2679123968,55d95cef949d06ab99c591ddb23e2d59e12c6d842c4e1644a8d4ff2b0fd37e4c,0,False
warm,tpch_sf10,oracle,q21,1,2324.0,2385.7155749574304,0,2679123968,2679123968,958be20bb3302948a96fcba0887fd40d7db16300a7599d18cfb5c50e5eefc501,0,False
warm,tpch_sf10,oracle,q21,2,2344.0,2423.113719560206,0,2679123968,2679123968,958be20bb3302948a96fcba0887fd40d7db16300a7599d18cfb5c50e5eefc501,0,False
warm,tpch_sf10,oracle,q22,1,397.0,436.42382230609655,0,2679123968,2679123968,53454ae4dda6a856f19b960eb45c2adf3e325a4f94587699c56e521dd6d3be6a,0,False
warm,tpch_sf10,oracle,q22,2,402.0,444.20942664146423,0,2679123968,2679123968,53454ae4dda6a856f19b960eb45c2adf3e325a4f94587699c56e521dd6d3be6a,0,False
warm,tpch_sf10,prepared,q01,1,1457.0,1653.669098392129,0,2679123968,2679123968,87526bc855b8be14cfbe592c1930b7782e550df76fc61ac89ff651c012cc83df,0,False
warm,tpch_sf10,prepared,q01,2,1454.0,1653.5895224660635,0,2679123968,2679123968,87526bc855b8be14cfbe592c1930b7782e550df76fc61ac89ff651c012cc83df,0,False
warm,tpch_sf10,prepared,q02,1,172.0,365.7800890505314,0,2679123968,2679123968,bf41b62217f6365f5d275641c5c29b1b3ddbe3ffdec88fb0e9fcaa5644109f9f,0,False
warm,tpch_sf10,prepared,q02,2,178.0,371.8420583754778,0,2679123968,2679123968,bf41b62217f6365f5d275641c5c29b1b3ddbe3ffdec88fb0e9fcaa5644109f9f,0,False
warm,tpch_sf10,prepared,q03,1,760.0,961.4040022715926,0,2679123968,2679123968,ab250cea0813f18255d007786af114ae3a1ac93b7214bcd6ef4a101db5a13168,0,False
warm,tpch_sf10,prepared,q03,2,744.0,940.6358618289232,0,2679123968,2679123968,ab250cea0813f18255d007786af114ae3a1ac93b7214bcd6ef4a101db5a13168,0,False
warm,tpch_sf10,prepared,q04,1,802.0,999.3412103503942,0,2679123968,2679123968,466f36f54fb9ad16f5c23ee9e3cb09ece90ee32a4cb561df5f5f276ca44fb19f,0,False
warm,tpch_sf10,prepared,q04,2,803.0,1001.4402428641915,0,2679123968,2679123968,466f36f54fb9ad16f5c23ee9e3cb09ece90ee32a4cb561df5f5f276ca44fb19f,0,False
warm,tpch_sf10,prepared,q05,1,927.0,1130.5494327098131,0,2679123968,2679123968,902ebba727979467756178b19ed7cee8a1df80328c7660a38c8d110b925353c0,0,False
warm,tpch_sf10,prepared,q05,2,935.0,1135.8950110152364,0,2679123968,2679123968,902ebba727979467756178b19ed7cee8a1df80328c7660a38c8d110b925353c0,0,False
warm,tpch_sf10,prepared,q06,1,562.0,763.8906333595514,0,2679123968,2679123968,085140a4231b076ae984bfc445b85a8b4b0deb0c4315eb893f354cf768752734,0,False
warm,tpch_sf10,prepared,q06,2,528.0,731.1642859131098,0,2679123968,2679123968,085140a4231b076ae984bfc445b85a8b4b0deb0c4315eb893f354cf768752734,0,False
warm,tpch_sf10,prepared,q07,1,891.0,1096.5100321918726,0,2679123968,2679123968,9b3e6dfd5d1e101c35351837b3eeb67cb89c70ae011d76ff23f4ef22dc623663,0,False
warm,tpch_sf10,prepared,q07,2,848.0,1054.3080484494567,0,2679123968,2679123968,9b3e6dfd5d1e101c35351837b3eeb67cb89c70ae011d76ff23f4ef22dc623663,0,False
warm,tpch_sf10,prepared,q08,1,990.0,1193.6252936720848,0,2679123968,2679123968,b486fb0460847b2410b9b658b6b93c7855fd71eba7ce9c609937840ee08e1012,0,False
warm,tpch_sf10,prepared,q08,2,984.0,1188.654194585979,0,2679123968,2679123968,b486fb0460847b2410b9b658b6b93c7855fd71eba7ce9c609937840ee08e1012,0,False
warm,tpch_sf10,prepared,q09,1,2085.0,2297.5127352401614,0,2679123968,2679123968,5f699bf8b4dda5aeb686b2bbdd9aa7e91c27e88bfaf2983aeb90f46272a9b024,0,False
warm,tpch_sf10,prepared,q09,2,2044.0,2254.7347713261843,0,2679123968,2679123968,5f699bf8b4dda5aeb686b2bbdd9aa7e91c27e88bfaf2983aeb90f46272a9b024,0,False
warm,tpch_sf10,prepared,q10,1,1597.0,1808.9898964390159,0,2679123968,2679123968,8c1e8ac9fa6b922a55adea1e42db2b0c5fbb628875b247d321495f46aaef27bf,0,False
warm,tpch_sf10,prepared,q10,2,1612.0,1814.98839892447,0,2679123968,2679123968,8c1e8ac9fa6b922a55adea1e42db2b0c5fbb628875b247d321495f46aaef27bf,0,False
warm,tpch_sf10,prepared,q11,1,146.0,338.82303815335035,0,2679123968,2679123968,01ba4719c80b6fe911b091a7c05124b64eeece964e09c058ef8f9805daca546b,0,False
warm,tpch_sf10,prepared,q11,2,147.0,340.4716057702899,0,2679123968,2679123968,01ba4719c80b6fe911b091a7c05124b64eeece964e09c058ef8f9805daca546b,0,False
warm,tpch_sf10,prepared,q12,1,1000.0,1201.9476303830743,0,2679123968,2679123968,afd723efe5928ef3f3c8b2f4815ecb0774698064a9710402eda6e706b6653663,0,False
warm,tpch_sf10,prepared,q12,2,1024.0,1228.195528499782,0,2679123968,2679123968,afd723efe5928ef3f3c8b2f4815ecb0774698064a9710402eda6e706b6653663,0,False
warm,tpch_sf10,prepared,q13,1,2570.0,2765.974801965058,0,2679123968,2679123968,de9be9f23b9d32891c7d4c0b977de68261c8c8135cd55b1cfcd6047495c6cc60,0,False
warm,tpch_sf10,prepared,q13,2,2548.0,2742.1793192625046,0,2679123968,2679123968,de9be9f23b9d32891c7d4c0b977de68261c8c8135cd55b1cfcd6047495c6cc60,0,False
warm,tpch_sf10,prepared,q14,1,743.0,943.8934065401554,0,2679123968,2679123968,ada69c57ebb07c4be175dcfa3b1acab32957969874c42aeaf7937b0d375fdcb6,0,False
warm,tpch_sf10,prepared,q14,2,719.0,920.9692655131221,0,2679123968,2679123968,ada69c57ebb07c4be175dcfa3b1acab32957969874c42aeaf7937b0d375fdcb6,0,False
warm,tpch_sf10,prepared,q15,1,649.0,847.0450202003121,0,2679123968,2679123968,a6b4beb0686071a002a93690a28d295ff71920962fa915bea882a313bd5be3f5,0,False
warm,tpch_sf10,prepared,q15,2,618.0,812.7057235687971,0,2679123968,2679123968,a6b4beb0686071a002a93690a28d295ff71920962fa915bea882a313bd5be3f5,0,False
warm,tpch_sf10,prepared,q16,1,408.0,604.5526070520282,0,2679123968,2679123968,0be12c4f87e0d7d979745bbdd9931dfa200723da97e437f7998e239b85265500,0,False
warm,tpch_sf10,prepared,q16,2,408.0,602.7239244431257,0,2679123968,2679123968,0be12c4f87e0d7d979745bbdd9931dfa200723da97e437f7998e239b85265500,0,False
warm,tpch_sf10,prepared,q17,1,910.0,1108.4456332027912,0,2679123968,2679123968,80ece3eb71e9582fbdb9648f54938aac3348c8ac574ea496d887da9d470528ce,0,False
warm,tpch_sf10,prepared,q17,2,906.0,1109.3402272090316,0,2679123968,2679123968,80ece3eb71e9582fbdb9648f54938aac3348c8ac574ea496d887da9d470528ce,0,False
warm,tpch_sf10,prepared,q18,1,2641.0,2865.410096012056,0,2679123968,2679123968,836476a75e3e834142808170094a4941e2776ed7e71b6b0ace94eb7b13f25a8e,0,False
warm,tpch_sf10,prepared,q18,2,2665.0,2877.7768574655056,0,2679123968,2679123968,836476a75e3e834142808170094a4941e2776ed7e71b6b0ace94eb7b13f25a8e,0,False
warm,tpch_sf10,prepared,q19,1,1151.0,1355.2162004634738,0,2679123968,2679123968,9f58bd0331b4048c0c8830ae415e993916c8097e662b4eb3adde5680fdc82c62,0,False
warm,tpch_sf10,prepared,q19,2,1158.0,1362.2757829725742,0,2679123968,2679123968,9f58bd0331b4048c0c8830ae415e993916c8097e662b4eb3adde5680fdc82c62,0,False
warm,tpch_sf10,prepared,q20,1,1058.0,1259.8283225670457,0,2679123968,2679123968,55d95cef949d06ab99c591ddb23e2d59e12c6d842c4e1644a8d4ff2b0fd37e4c,0,False
warm,tpch_sf10,prepared,q20,2,1064.0,1269.113794900477,0,2679123968,2679123968,55d95cef949d06ab99c591ddb23e2d59e12c6d842c4e1644a8d4ff2b0fd37e4c,0,False
warm,tpch_sf10,prepared,q21,1,1750.0,1961.5007424727082,0,2679123968,2679123968,958be20bb3302948a96fcba0887fd40d7db16300a7599d18cfb5c50e5eefc501,0,False
warm,tpch_sf10,prepared,q21,2,1712.0,1912.6318730413914,0,2679123968,2679123968,958be20bb3302948a96fcba0887fd40d7db16300a7599d18cfb5c50e5eefc501,0,False
warm,tpch_sf10,prepared,q22,1,425.0,624.0786127746105,0,2679123968,2679123968,53454ae4dda6a856f19b960eb45c2adf3e325a4f94587699c56e521dd6d3be6a,0,False
warm,tpch_sf10,prepared,q22,2,432.0,626.3337787240744,0,2679123968,2679123968,53454ae4dda6a856f19b960eb45c2adf3e325a4f94587699c56e521dd6d3be6a,0,False
warm,tpch_sf10,instant,q01,1,1437.0,1528.7822866812348,0,2679123968,2679123968,87526bc855b8be14cfbe592c1930b7782e550df76fc61ac89ff651c012cc83df,0,False
warm,tpch_sf10,instant,q01,2,1442.0,1523.6793216317892,0,2679123968,2679123968,87526bc855b8be14cfbe592c1930b7782e550df76fc61ac89ff651c012cc83df,0,False
warm,tpch_sf10,instant,q02,1,183.0,260.41807048022747,0,2679123968,2679123968,bf41b62217f6365f5d275641c5c29b1b3ddbe3ffdec88fb0e9fcaa5644109f9f,0,False
warm,tpch_sf10,instant,q02,2,182.0,258.66145361214876,0,2679123968,2679123968,bf41b62217f6365f5d275641c5c29b1b3ddbe3ffdec88fb0e9fcaa5644109f9f,0,False
warm,tpch_sf10,instant,q03,1,625.0,707.0245547220111,0,2679123968,2679123968,ab250cea0813f18255d007786af114ae3a1ac93b7214bcd6ef4a101db5a13168,0,False
warm,tpch_sf10,instant,q03,2,634.0,715.3084734454751,0,2679123968,2679123968,ab250cea0813f18255d007786af114ae3a1ac93b7214bcd6ef4a101db5a13168,0,False
warm,tpch_sf10,instant,q04,1,788.0,867.4937933683395,0,2679123968,2679123968,466f36f54fb9ad16f5c23ee9e3cb09ece90ee32a4cb561df5f5f276ca44fb19f,0,False
warm,tpch_sf10,instant,q04,2,802.0,879.7168508172035,0,2679123968,2679123968,466f36f54fb9ad16f5c23ee9e3cb09ece90ee32a4cb561df5f5f276ca44fb19f,0,False
warm,tpch_sf10,instant,q05,1,756.0,839.5175207406282,0,2679123968,2679123968,902ebba727979467756178b19ed7cee8a1df80328c7660a38c8d110b925353c0,0,False
warm,tpch_sf10,instant,q05,2,759.0,843.9553445205092,0,2679123968,2679123968,902ebba727979467756178b19ed7cee8a1df80328c7660a38c8d110b925353c0,0,False
warm,tpch_sf10,instant,q06,1,564.0,641.6329778730869,0,2679123968,2679123968,085140a4231b076ae984bfc445b85a8b4b0deb0c4315eb893f354cf768752734,0,False
warm,tpch_sf10,instant,q06,2,533.0,612.2648613527417,0,2679123968,2679123968,085140a4231b076ae984bfc445b85a8b4b0deb0c4315eb893f354cf768752734,0,False
warm,tpch_sf10,instant,q07,1,730.0,815.0434857234359,0,2679123968,2679123968,9b3e6dfd5d1e101c35351837b3eeb67cb89c70ae011d76ff23f4ef22dc623663,0,False
warm,tpch_sf10,instant,q07,2,730.0,813.4960401803255,0,2679123968,2679123968,9b3e6dfd5d1e101c35351837b3eeb67cb89c70ae011d76ff23f4ef22dc623663,0,False
warm,tpch_sf10,instant,q08,1,792.0,881.5516568720341,0,2679123968,2679123968,b486fb0460847b2410b9b658b6b93c7855fd71eba7ce9c609937840ee08e1012,0,False
warm,tpch_sf10,instant,q08,2,790.0,875.72658713907,0,2679123968,2679123968,b486fb0460847b2410b9b658b6b93c7855fd71eba7ce9c609937840ee08e1012,0,False
warm,tpch_sf10,instant,q09,1,1939.0,2033.6798736825585,0,2679123968,2679123968,5f699bf8b4dda5aeb686b2bbdd9aa7e91c27e88bfaf2983aeb90f46272a9b024,0,False
warm,tpch_sf10,instant,q09,2,1943.0,2040.552887134254,0,2679123968,2679123968,5f699bf8b4dda5aeb686b2bbdd9aa7e91c27e88bfaf2983aeb90f46272a9b024,0,False
warm,tpch_sf10,instant,q10,1,1413.0,1502.4992348626256,0,2679123968,2679123968,8c1e8ac9fa6b922a55adea1e42db2b0c5fbb628875b247d321495f46aaef27bf,0,False
warm,tpch_sf10,instant,q10,2,1405.0,1494.394265115261,0,2679123968,2679123968,8c1e8ac9fa6b922a55adea1e42db2b0c5fbb628875b247d321495f46aaef27bf,0,False
warm,tpch_sf10,instant,q11,1,130.0,205.45956771820784,0,2679123968,2679123968,01ba4719c80b6fe911b091a7c05124b64eeece964e09c058ef8f9805daca546b,0,False
warm,tpch_sf10,instant,q11,2,129.0,212.2826064005494,0,2679123968,2679123968,01ba4719c80b6fe911b091a7c05124b64eeece964e09c058ef8f9805daca546b,0,False
warm,tpch_sf10,instant,q12,1,870.0,954.4482361525297,0,2679123968,2679123968,afd723efe5928ef3f3c8b2f4815ecb0774698064a9710402eda6e706b6653663,0,False
warm,tpch_sf10,instant,q12,2,871.0,952.7998575940728,0,2679123968,2679123968,afd723efe5928ef3f3c8b2f4815ecb0774698064a9710402eda6e706b6653663,0,False
warm,tpch_sf10,instant,q13,1,2465.0,2549.885197542608,0,2679123968,2679123968,de9be9f23b9d32891c7d4c0b977de68261c8c8135cd55b1cfcd6047495c6cc60,0,False
warm,tpch_sf10,instant,q13,2,2473.0,2549.129626713693,0,2679123968,2679123968,de9be9f23b9d32891c7d4c0b977de68261c8c8135cd55b1cfcd6047495c6cc60,0,False
warm,tpch_sf10,instant,q14,1,637.0,719.1383698955178,0,2679123968,2679123968,ada69c57ebb07c4be175dcfa3b1acab32957969874c42aeaf7937b0d375fdcb6,0,False
warm,tpch_sf10,instant,q14,2,636.0,720.1449694111943,0,2679123968,2679123968,ada69c57ebb07c4be175dcfa3b1acab32957969874c42aeaf7937b0d375fdcb6,0,False
warm,tpch_sf10,instant,q15,1,623.0,703.1734036281705,0,2679123968,2679123968,a6b4beb0686071a002a93690a28d295ff71920962fa915bea882a313bd5be3f5,0,False
warm,tpch_sf10,instant,q15,2,634.0,717.563770711422,0,2679123968,2679123968,a6b4beb0686071a002a93690a28d295ff71920962fa915bea882a313bd5be3f5,0,False
warm,tpch_sf10,instant,q16,1,400.0,482.00612515211105,0,2679123968,2679123968,0be12c4f87e0d7d979745bbdd9931dfa200723da97e437f7998e239b85265500,0,False
warm,tpch_sf10,instant,q16,2,400.0,482.4999179691076,0,2679123968,2679123968,0be12c4f87e0d7d979745bbdd9931dfa200723da97e437f7998e239b85265500,0,False
warm,tpch_sf10,instant,q17,1,946.0,1028.8774082437158,0,2679123968,2679123968,80ece3eb71e9582fbdb9648f54938aac3348c8ac574ea496d887da9d470528ce,0,False
warm,tpch_sf10,instant,q17,2,913.0,995.128620415926,0,2679123968,2679123968,80ece3eb71e9582fbdb9648f54938aac3348c8ac574ea496d887da9d470528ce,0,False
warm,tpch_sf10,instant,q18,1,2599.0,2689.160511828959,0,2679123968,2679123968,836476a75e3e834142808170094a4941e2776ed7e71b6b0ace94eb7b13f25a8e,0,False
warm,tpch_sf10,instant,q18,2,2561.0,2663.5914323851466,0,2679123968,2679123968,836476a75e3e834142808170094a4941e2776ed7e71b6b0ace94eb7b13f25a8e,0,False
warm,tpch_sf10,instant,q19,1,1109.0,1194.012296386063,0,2679123968,2679123968,9f58bd0331b4048c0c8830ae415e993916c8097e662b4eb3adde5680fdc82c62,0,False
warm,tpch_sf10,instant,q19,2,1136.0,1223.344118334353,0,2679123968,2679123968,9f58bd0331b4048c0c8830ae415e993916c8097e662b4eb3adde5680fdc82c62,0,False
warm,tpch_sf10,instant,q20,1,959.0,1044.725756160915,0,2679123968,2679123968,55d95cef949d06ab99c591ddb23e2d59e12c6d842c4e1644a8d4ff2b0fd37e4c,0,False
warm,tpch_sf10,instant,q20,2,955.0,1043.9719781279564,0,2679123968,2679123968,55d95cef949d06ab99c591ddb23e2d59e12c6d842c4e1644a8d4ff2b0fd37e4c,0,False
warm,tpch_sf10,instant,q21,1,1628.0,1717.362287454307,0,2679123968,2679123968,958be20bb3302948a96fcba0887fd40d7db16300a7599d18cfb5c50e5eefc501,0,False
warm,tpch_sf10,instant,q21,2,1631.0,1717.3777734860778,0,2679123968,2679123968,958be20bb3302948a96fcba0887fd40d7db16300a7599d18cfb5c50e5eefc501,0,False
warm,tpch_sf10,instant,q22,1,422.0,500.75279269367456,0,2679123968,2679123968,53454ae4dda6a856f19b960eb45c2adf3e325a4f94587699c56e521dd6d3be6a,0,False
warm,tpch_sf10,instant,q22,2,417.0,492.1017559245229,0,2679123968,2679123968,53454ae4dda6a856f19b960eb45c2adf3e325a4f94587699c56e521dd6d3be6a,0,False
warm,appian,oracle,q01,1,1121.0,1169.901393353939,0,592982016,592982016,717f71f3ae7ab741c265821fdadfe1f49104538b8e508d78f6c6aff64476551a,0,False
warm,appian,oracle,q01,2,1119.0,1166.7148303240538,0,592982016,592982016,717f71f3ae7ab741c265821fdadfe1f49104538b8e508d78f6c6aff64476551a,0,False
warm,appian,oracle,q02,1,2790.0,2858.469447121024,0,592982016,592982016,0fb6abf32140aec8c216d9fd0cf5d892428e38bea3eccd795ee9598b3dfcf0ee,0,False
warm,appian,oracle,q02,2,2817.0,2884.600439108908,0,592982016,592982016,0fb6abf32140aec8c216d9fd0cf5d892428e38bea3eccd795ee9598b3dfcf0ee,0,False
warm,appian,oracle,q03,1,2679.0,2744.2791536450386,0,592982016,592982016,0b1170e4078a4f09f353871cfded465d2389313d3327b2bab04dcfff5da97ea3,0,False
warm,appian,oracle,q03,2,2750.0,2818.516792729497,0,592982016,592982016,0b1170e4078a4f09f353871cfded465d2389313d3327b2bab04dcfff5da97ea3,0,False
warm,appian,oracle,q04,1,10770.0,10842.971135862172,0,592982016,592982016,6ed54a3f927dbd75357831fcf551cfef3f06ac4383fe42a8ce79246a4fa4ca53,0,False
warm,appian,oracle,q04,2,10775.0,10847.677712328732,0,592982016,592982016,6ed54a3f927dbd75357831fcf551cfef3f06ac4383fe42a8ce79246a4fa4ca53,0,False
warm,appian,oracle,q05,1,1759.0,1810.592862777412,0,592982016,592982016,235b3c19c2599d2f62b4b8dedf8fafba711051bfa3d12fa101dfc132e7e7fda7,0,False
warm,appian,oracle,q05,2,1763.0,1818.1248474866152,0,592982016,592982016,235b3c19c2599d2f62b4b8dedf8fafba711051bfa3d12fa101dfc132e7e7fda7,0,False
warm,appian,oracle,q06,1,2011.0000000000002,2062.9126830026507,0,592982016,592982016,52a117f58d6d7d8103c69f3fde0bac541cb47e949a9b37f4b4d3808169d7b257,0,False
warm,appian,oracle,q06,2,2031.0000000000002,2088.4176352992654,0,592982016,592982016,52a117f58d6d7d8103c69f3fde0bac541cb47e949a9b37f4b4d3808169d7b257,0,False
warm,appian,oracle,q07,1,1768.0,1831.5788991749287,0,592982016,592982016,a23b059732f34729cc522c12376aa2032ca51437878c5d2c364092761345c407,0,False
warm,appian,oracle,q07,2,1787.0,1851.6491996124387,0,592982016,592982016,a23b059732f34729cc522c12376aa2032ca51437878c5d2c364092761345c407,0,False
warm,appian,oracle,q08,1,16605.0,16753.221415914595,0,592982016,592982016,42fe5b5bb52ddd786c95a3f85454c8f5901e31c3b71ba551f5d7b6ef1a8fc007,0,False
warm,appian,oracle,q08,2,17532.0,17767.007970251143,0,592982016,592982016,42fe5b5bb52ddd786c95a3f85454c8f5901e31c3b71ba551f5d7b6ef1a8fc007,0,False
warm,appian,prepared,q01,1,1288.0,1473.673515021801,0,592982016,592982016,717f71f3ae7ab741c265821fdadfe1f49104538b8e508d78f6c6aff64476551a,0,False
warm,appian,prepared,q01,2,1297.0,1487.0833419263363,0,592982016,592982016,717f71f3ae7ab741c265821fdadfe1f49104538b8e508d78f6c6aff64476551a,0,False
warm,appian,prepared,q02,1,2935.0,3139.308912679553,0,592982016,592982016,0fb6abf32140aec8c216d9fd0cf5d892428e38bea3eccd795ee9598b3dfcf0ee,0,False
warm,appian,prepared,q02,2,2947.0,3142.9711943492293,0,592982016,592982016,0fb6abf32140aec8c216d9fd0cf5d892428e38bea3eccd795ee9598b3dfcf0ee,0,False
warm,appian,prepared,q03,1,2507.0,2706.2767995521426,0,592982016,592982016,0b1170e4078a4f09f353871cfded465d2389313d3327b2bab04dcfff5da97ea3,0,False
warm,appian,prepared,q03,2,2511.0,2705.7627476751804,0,592982016,592982016,0b1170e4078a4f09f353871cfded465d2389313d3327b2bab04dcfff5da97ea3,0,False
warm,appian,prepared,q04,1,10650.0,10852.325356565416,0,592982016,592982016,6ed54a3f927dbd75357831fcf551cfef3f06ac4383fe42a8ce79246a4fa4ca53,0,False
warm,appian,prepared,q04,2,10636.0,10837.820335291326,0,592982016,592982016,6ed54a3f927dbd75357831fcf551cfef3f06ac4383fe42a8ce79246a4fa4ca53,0,False
warm,appian,prepared,q05,1,1988.0,2177.518842741847,0,592982016,592982016,0f99fcafca6ba1bce8c993e056648cfd38713f2a335037acc951cf700429d476,0,False
warm,appian,prepared,q05,2,1968.0,2157.622490078211,0,592982016,592982016,0f99fcafca6ba1bce8c993e056648cfd38713f2a335037acc951cf700429d476,0,False
warm,appian,prepared,q06,1,2458.0,2659.3370139598846,0,592982016,592982016,52a117f58d6d7d8103c69f3fde0bac541cb47e949a9b37f4b4d3808169d7b257,0,False
warm,appian,prepared,q06,2,2463.0,2651.282629929483,0,592982016,592982016,52a117f58d6d7d8103c69f3fde0bac541cb47e949a9b37f4b4d3808169d7b257,0,False
warm,appian,prepared,q07,1,1741.0,1941.8763546273112,0,592982016,592982016,a23b059732f34729cc522c12376aa2032ca51437878c5d2c364092761345c407,0,False
warm,appian,prepared,q07,2,1740.0,1933.2025470212102,0,592982016,592982016,a23b059732f34729cc522c12376aa2032ca51437878c5d2c364092761345c407,0,False
warm,appian,prepared,q08,1,15921.0,16140.986838378012,0,592982016,592982016,a7cc32536b439a5b3763fcc2688da9149ef6976d9ddb8f18625eab6c8918d5e9,0,False
warm,appian,prepared,q08,2,15648.0,15869.42603904754,0,592982016,592982016,a7cc32536b439a5b3763fcc2688da9149ef6976d9ddb8f18625eab6c8918d5e9,0,False
warm,appian,instant,q01,1,1229.0,1309.8436538130045,0,592982016,592982016,717f71f3ae7ab741c265821fdadfe1f49104538b8e508d78f6c6aff64476551a,0,False
warm,appian,instant,q01,2,1250.0,1336.5913182497025,0,592982016,592982016,717f71f3ae7ab741c265821fdadfe1f49104538b8e508d78f6c6aff64476551a,0,False
warm,appian,instant,q02,1,2901.0,2991.0280611366034,0,592982016,592982016,0fb6abf32140aec8c216d9fd0cf5d892428e38bea3eccd795ee9598b3dfcf0ee,0,False
warm,appian,instant,q02,2,2911.0,3003.2056737691164,0,592982016,592982016,0fb6abf32140aec8c216d9fd0cf5d892428e38bea3eccd795ee9598b3dfcf0ee,0,False
warm,appian,instant,q03,1,2457.0,2544.722080230713,0,592982016,592982016,0b1170e4078a4f09f353871cfded465d2389313d3327b2bab04dcfff5da97ea3,0,False
warm,appian,instant,q03,2,2476.0,2562.761189416051,0,592982016,592982016,0b1170e4078a4f09f353871cfded465d2389313d3327b2bab04dcfff5da97ea3,0,False
warm,appian,instant,q04,1,11510.0,11636.375091969967,0,592982016,592982016,6ed54a3f927dbd75357831fcf551cfef3f06ac4383fe42a8ce79246a4fa4ca53,0,False
warm,appian,instant,q04,2,11248.0,11340.124753303826,0,592982016,592982016,6ed54a3f927dbd75357831fcf551cfef3f06ac4383fe42a8ce79246a4fa4ca53,0,False
warm,appian,instant,q05,1,1937.0,2019.398939795792,0,592982016,592982016,0f99fcafca6ba1bce8c993e056648cfd38713f2a335037acc951cf700429d476,0,False
warm,appian,instant,q05,2,1925.0,2004.6452973037958,0,592982016,592982016,0f99fcafca6ba1bce8c993e056648cfd38713f2a335037acc951cf700429d476,0,False
warm,appian,instant,q06,1,2442.0,2523.0279192328453,0,592982016,592982016,52a117f58d6d7d8103c69f3fde0bac541cb47e949a9b37f4b4d3808169d7b257,0,False
warm,appian,instant,q06,2,2427.0,2508.2183070480824,0,592982016,592982016,52a117f58d6d7d8103c69f3fde0bac541cb47e949a9b37f4b4d3808169d7b257,0,False
warm,appian,instant,q07,1,1684.0,1784.1814430430532,0,592982016,592982016,a23b059732f34729cc522c12376aa2032ca51437878c5d2c364092761345c407,0,False
warm,appian,instant,q07,2,1657.0,1751.3255132362247,0,592982016,592982016,a23b059732f34729cc522c12376aa2032ca51437878c5d2c364092761345c407,0,False
warm,appian,instant,q08,1,15802.0,15933.635435067117,0,592982016,592982016,a7cc32536b439a5b3763fcc2688da9149ef6976d9ddb8f18625eab6c8918d5e9,0,False
warm,appian,instant,q08,2,16701.0,16836.244516074657,0,592982016,592982016,a7cc32536b439a5b3763fcc2688da9149ef6976d9ddb8f18625eab6c8918d5e9,0,False
cold,job,oracle,01a,1,60.0,99.22154154628515,24723456,0,24723456,e7065e4a0485c309ca7ef6b9ad5bc6488a0410e221b5ff5e851d83b076362e8c,0,False
cold,job,oracle,01a,2,49.0,85.56932397186756,24723456,0,24723456,e7065e4a0485c309ca7ef6b9ad5bc6488a0410e221b5ff5e851d83b076362e8c,0,False
cold,job,oracle,01a,3,63.0,99.40798208117485,24723456,0,24723456,e7065e4a0485c309ca7ef6b9ad5bc6488a0410e221b5ff5e851d83b076362e8c,0,False
cold,job,oracle,01b,1,64.0,98.79148565232754,17383424,0,17383424,63e7ff6ca95db01f980f53019064ef5c05abefce36ddc1ae826606d6700e05a2,0,False
cold,job,oracle,01b,2,67.0,102.31018532067537,17383424,0,17383424,63e7ff6ca95db01f980f53019064ef5c05abefce36ddc1ae826606d6700e05a2,0,False
cold,job,oracle,01b,3,67.0,102.92989294975996,17383424,0,17383424,63e7ff6ca95db01f980f53019064ef5c05abefce36ddc1ae826606d6700e05a2,0,False
cold,job,oracle,01c,1,43.0,78.35350092500448,16072704,0,16072704,562ccb4669a9545591e526e12e48425c9d371b97676786de271ff1916bb00975,0,False
cold,job,oracle,01c,2,41.0,75.35907533019781,16072704,0,16072704,562ccb4669a9545591e526e12e48425c9d371b97676786de271ff1916bb00975,0,False
cold,job,oracle,01c,3,43.0,79.01951111853123,16072704,0,16072704,562ccb4669a9545591e526e12e48425c9d371b97676786de271ff1916bb00975,0,False
cold,job,oracle,01d,1,56.0,92.5515266135335,13713408,0,13713408,ebbff3a0d3dd3460834f75c49960fe41522df58d69c7ebf6d21d53f5d2fbd180,0,False
cold,job,oracle,01d,2,58.0,92.88415033370256,13713408,0,13713408,ebbff3a0d3dd3460834f75c49960fe41522df58d69c7ebf6d21d53f5d2fbd180,0,False
cold,job,oracle,01d,3,56.0,93.8719380646944,13713408,0,13713408,ebbff3a0d3dd3460834f75c49960fe41522df58d69c7ebf6d21d53f5d2fbd180,0,False
cold,job,oracle,02a,1,137.0,175.73492042720318,69517312,0,69517312,bc793ee74323079d529abc8c57a719f8d298e62681f5baa03a3ed35e2ff476e1,0,False
cold,job,oracle,02a,2,140.0,176.85882188379765,68730880,0,68730880,bc793ee74323079d529abc8c57a719f8d298e62681f5baa03a3ed35e2ff476e1,0,False
cold,job,oracle,02a,3,141.0,179.97056432068348,69255168,0,69255168,bc793ee74323079d529abc8c57a719f8d298e62681f5baa03a3ed35e2ff476e1,0,False
cold,job,oracle,02b,1,141.0,190.01545291393995,68468736,0,68468736,bc793ee74323079d529abc8c57a719f8d298e62681f5baa03a3ed35e2ff476e1,0,False
cold,job,oracle,02b,2,146.0,186.18481140583754,69550080,0,69550080,bc793ee74323079d529abc8c57a719f8d298e62681f5baa03a3ed35e2ff476e1,0,False
cold,job,oracle,02b,3,138.0,177.82280035316944,69255168,0,69255168,bc793ee74323079d529abc8c57a719f8d298e62681f5baa03a3ed35e2ff476e1,0,False
cold,job,oracle,02c,1,28.0,64.8687006905675,11616256,0,11616256,21726c10dcf9e11a1bc65ffab39bb4df9a068d87d16f1946d8f54d44860395a5,0,False
cold,job,oracle,02c,2,27.0,62.260755337774754,11616256,0,11616256,21726c10dcf9e11a1bc65ffab39bb4df9a068d87d16f1946d8f54d44860395a5,0,False
cold,job,oracle,02c,3,28.0,63.67309298366308,11616256,0,11616256,21726c10dcf9e11a1bc65ffab39bb4df9a068d87d16f1946d8f54d44860395a5,0,False
cold,job,oracle,02d,1,165.0,206.6318318247795,68730880,0,68730880,ca9731ea3665f8905a44b12a036069283eaf0b70c50ba26bbb0163a08001d6db,0,False
cold,job,oracle,02d,2,165.0,208.53806380182505,68730880,0,68730880,ca9731ea3665f8905a44b12a036069283eaf0b70c50ba26bbb0163a08001d6db,0,False
cold,job,oracle,02d,3,164.0,207.96738378703594,69517312,0,69517312,ca9731ea3665f8905a44b12a036069283eaf0b70c50ba26bbb0163a08001d6db,0,False
cold,job,oracle,03a,1,725.0,783.1454770639539,475348992,0,475348992,153462472e8905ad14fd53ecd85bab8acf031d7da4d8c472a40a3753c918fe9c,0,False
cold,job,oracle,03a,2,723.0,781.4563391730189,475348992,0,475348992,153462472e8905ad14fd53ecd85bab8acf031d7da4d8c472a40a3753c918fe9c,0,False
cold,job,oracle,03a,3,728.0,789.1423655673862,475348992,0,475348992,153462472e8905ad14fd53ecd85bab8acf031d7da4d8c472a40a3753c918fe9c,0,False
cold,job,oracle,03b,1,819.0,884.201729670167,580960256,0,580960256,5823d637688446f6e08446bb34161b73c127c00affc4b476e9b0840a067992ad,0,False
cold,job,oracle,03b,2,819.0,885.152387432754,580960256,0,580960256,5823d637688446f6e08446bb34161b73c127c00affc4b476e9b0840a067992ad,0,False
cold,job,oracle,03b,3,828.0,897.3937099799514,580960256,0,580960256,5823d637688446f6e08446bb34161b73c127c00affc4b476e9b0840a067992ad,0,False
cold,job,oracle,03c,1,867.0,935.4724017903209,592232448,0,592232448,a712928b5c545c4dd092a8a7bfd6431bb1b54dfa836b7821ff7b5bf8eb89eb8a,0,False
cold,job,oracle,03c,2,864.0,931.0965593904257,592232448,0,592232448,a712928b5c545c4dd092a8a7bfd6431bb1b54dfa836b7821ff7b5bf8eb89eb8a,0,False
cold,job,oracle,03c,3,871.0,937.7270322293043,592232448,0,592232448,a712928b5c545c4dd092a8a7bfd6431bb1b54dfa836b7821ff7b5bf8eb89eb8a,0,False
cold,job,oracle,04a,1,146.0,191.01488590240479,57753600,0,57753600,ddb80bff6eb2aebdc70be08cc145f28a6cb9ea0e18462e8d7b1baa56d4b5d23b,0,False
cold,job,oracle,04a,2,145.0,185.732482932508,57753600,0,57753600,ddb80bff6eb2aebdc70be08cc145f28a6cb9ea0e18462e8d7b1baa56d4b5d23b,0,False
cold,job,oracle,04a,3,153.0,193.22718400508165,57753600,0,57753600,ddb80bff6eb2aebdc70be08cc145f28a6cb9ea0e18462e8d7b1baa56d4b5d23b,0,False
cold,job,oracle,04b,1,94.0,131.36815652251244,30457856,0,30457856,523538c7776564e7ed390467ce8a7cd0e8389ea9c424d0e1f887da64c739b557,0,False
cold,job,oracle,04b,2,95.0,131.61627389490604,30457856,0,30457856,523538c7776564e7ed390467ce8a7cd0e8389ea9c424d0e1f887da64c739b557,0,False
cold,job,oracle,04b,3,99.0,138.72919976711273,30457856,0,30457856,523538c7776564e7ed390467ce8a7cd0e8389ea9c424d0e1f887da64c739b557,0,False
cold,job,oracle,04c,1,165.0,206.51381742209196,64536576,0,64536576,83f0cda97ee9ccb075b05c9b4132515d93cfafe002ef5baf7e337221f1304565,0,False
cold,job,oracle,04c,2,157.0,197.46723771095276,64536576,0,64536576,83f0cda97ee9ccb075b05c9b4132515d93cfafe002ef5baf7e337221f1304565,0,False
cold,job,oracle,04c,3,149.0,188.85323777794838,64536576,0,64536576,83f0cda97ee9ccb075b05c9b4132515d93cfafe002ef5baf7e337221f1304565,0,False
cold,job,oracle,05a,1,3.0,42.414359748363495,2441216,0,2441216,21726c10dcf9e11a1bc65ffab39bb4df9a068d87d16f1946d8f54d44860395a5,0,False
cold,job,oracle,05a,2,3.0,38.926699198782444,2441216,0,2441216,21726c10dcf9e11a1bc65ffab39bb4df9a068d87d16f1946d8f54d44860395a5,0,False
cold,job,oracle,05a,3,3.0,37.97284699976444,2441216,0,2441216,21726c10dcf9e11a1bc65ffab39bb4df9a068d87d16f1946d8f54d44860395a5,0,False
cold,job,oracle,05b,1,3.0,36.37832961976528,2441216,0,2441216,21726c10dcf9e11a1bc65ffab39bb4df9a068d87d16f1946d8f54d44860395a5,0,False
cold,job,oracle,05b,2,3.0,41.587294079363346,2441216,0,2441216,21726c10dcf9e11a1bc65ffab39bb4df9a068d87d16f1946d8f54d44860395a5,0,False
cold,job,oracle,05b,3,3.0,37.04867418855429,2441216,0,2441216,21726c10dcf9e11a1bc65ffab39bb4df9a068d87d16f1946d8f54d44860395a5,0,False
cold,job,oracle,05c,1,677.0,736.4093167707324,396181504,0,396181504,0a44fcc5bef54de451146dd745d4d781a3380418a3c12f5815155dba103852f8,0,False
cold,job,oracle,05c,2,678.0,732.1283798664808,396181504,0,396181504,0a44fcc5bef54de451146dd745d4d781a3380418a3c12f5815155dba103852f8,0,False
cold,job,oracle,05c,3,679.0,732.8700218349695,396181504,0,396181504,0a44fcc5bef54de451146dd745d4d781a3380418a3c12f5815155dba103852f8,0,False
cold,job,oracle,06a,1,299.0,340.06647672504187,76365824,0,76365824,cf310956cc4f000731fef95254b0dfd93426ecd7233b52acdac68b464d3d8145,0,False
cold,job,oracle,06a,2,296.0,336.77474968135357,76365824,0,76365824,cf310956cc4f000731fef95254b0dfd93426ecd7233b52acdac68b464d3d8145,0,False
cold,job,oracle,06a,3,299.0,343.6190206557512,76365824,0,76365824,cf310956cc4f000731fef95254b0dfd93426ecd7233b52acdac68b464d3d8145,0,False
cold,job,oracle,06b,1,317.0,359.7741676494479,90030080,0,90030080,b4a02d69e1c21434a3dfc3acedede1e4dda199f7066ad4c928822e8b7ea60735,0,False
cold,job,oracle,06b,2,317.0,362.28383146226406,90030080,0,90030080,b4a02d69e1c21434a3dfc3acedede1e4dda199f7066ad4c928822e8b7ea60735,0,False
cold,job,oracle,06b,3,323.0,362.8437761217356,90030080,0,90030080,b4a02d69e1c21434a3dfc3acedede1e4dda199f7066ad4c928822e8b7ea60735,0,False
cold,job,oracle,06c,1,306.0,346.19622584432364,78987264,0,78987264,602cf449fd5db5c02abb4d93217cbcfb1a376d067aa2741782059554b327ec66,0,False
cold,job,oracle,06c,2,306.0,349.91147834807634,78987264,0,78987264,602cf449fd5db5c02abb4d93217cbcfb1a376d067aa2741782059554b327ec66,0,False
cold,job,oracle,06c,3,303.0,350.5305349826813,78987264,0,78987264,602cf449fd5db5c02abb4d93217cbcfb1a376d067aa2741782059554b327ec66,0,False
cold,job,oracle,06d,1,331.0,373.42154048383236,89178112,0,89178112,9a9ee192e30a2f15657b1e9167674da6b93ad923e9ab1dd4b739d44171396d8e,0,False
cold,job,oracle,06d,2,326.0,367.5356963649392,89178112,0,89178112,9a9ee192e30a2f15657b1e9167674da6b93ad923e9ab1dd4b739d44171396d8e,0,False
cold,job,oracle,06d,3,330.0,372.350238263607,89178112,0,89178112,9a9ee192e30a2f15657b1e9167674da6b93ad923e9ab1dd4b739d44171396d8e,0,False
cold,job,oracle,06e,1,296.0,337.2253691777587,76365824,0,76365824,cf310956cc4f000731fef95254b0dfd93426ecd7233b52acdac68b464d3d8145,0,False
cold,job,oracle,06e,2,297.0,338.39355781674385,76365824,0,76365824,cf310956cc4f000731fef95254b0dfd93426ecd7233b52acdac68b464d3d8145,0,False
cold,job,oracle,06e,3,303.0,345.11026181280613,76365824,0,76365824,cf310956cc4f000731fef95254b0dfd93426ecd7233b52acdac68b464d3d8145,0,False
cold,job,oracle,06f,1,751.0,802.103734575212,269828096,0,269828096,e4a64849d1f6928d6e8361ed308dae1e3819474d48c3a29a6dfa27d82fff1908,0,False
cold,job,oracle,06f,2,747.0,800.5553614348173,269828096,0,269828096,e4a64849d1f6928d6e8361ed308dae1e3819474d48c3a29a6dfa27d82fff1908,0,False
cold,job,oracle,06f,3,748.0,796.380533836782,269828096,0,269828096,e4a64849d1f6928d6e8361ed308dae1e3819474d48c3a29a6dfa27d82fff1908,0,False
cold,job,oracle,07a,1,313.0,356.3278513029218,88682496,0,88682496,08741fe3bcce22e88389f67304210ef54b78298b7322a3d34c0133c680a95d2b,0,False
cold,job,oracle,07a,2,312.0,354.3261028826237,88682496,0,88682496,08741fe3bcce22e88389f67304210ef54b78298b7322a3d34c0133c680a95d2b,0,False
cold,job,oracle,07a,3,314.0,359.1685174033046,88682496,0,88682496,08741fe3bcce22e88389f67304210ef54b78298b7322a3d34c0133c680a95d2b,0,False
cold,job,oracle,07b,1,201.0,242.78292432427406,55459840,0,55459840,6a942eeb51fb268cf3508ce35d269c80439e4679fd64d6152670806a1d13b84b,0,False
cold,job,oracle,07b,2,196.0,235.10114755481482,55459840,0,55459840,6a942eeb51fb268cf3508ce35d269c80439e4679fd64d6152670806a1d13b84b,0,False
cold,job,oracle,07b,3,199.0,237.80695162713528,55459840,0,55459840,6a942eeb51fb268cf3508ce35d269c80439e4679fd64d6152670806a1d13b84b,0,False
cold,job,oracle,07c,1,1481.0,1556.1673920601606,802205696,0,802205696,ea1d6d27f02203c5685bda10c3e3802698af63bdf664dfdf2bea727c6dd5670c,0,False
cold,job,oracle,07c,2,1438.0,1534.6057480201125,785952768,0,785952768,ea1d6d27f02203c5685bda10c3e3802698af63bdf664dfdf2bea727c6dd5670c,0,False
cold,job,oracle,07c,3,1455.0,1534.4488080590963,775434240,0,775434240,ea1d6d27f02203c5685bda10c3e3802698af63bdf664dfdf2bea727c6dd5670c,0,False
cold,job,oracle,08a,1,469.0,513.8944257050753,118108160,0,118108160,82d80bc79518fce643c8cb8b25066d30449435af2260dd5d5130a84a6fbbf710,0,False
cold,job,oracle,08a,2,461.0,502.0764535292983,118108160,0,118108160,82d80bc79518fce643c8cb8b25066d30449435af2260dd5d5130a84a6fbbf710,0,False
cold,job,oracle,08a,3,467.0,509.9621517583728,118108160,0,118108160,82d80bc79518fce643c8cb8b25066d30449435af2260dd5d5130a84a6fbbf710,0,False
cold,job,oracle,08b,1,379.0,421.3634757325053,108281856,0,108281856,18fc8befbe97194bb0dd0938fccaf37f393f6de2218ebde02f13c90e195d8dd0,0,False
cold,job,oracle,08b,2,379.0,424.47767220437527,108281856,0,108281856,18fc8befbe97194bb0dd0938fccaf37f393f6de2218ebde02f13c90e195d8dd0,0,False
cold,job,oracle,08b,3,378.0,430.3755983710289,108281856,0,108281856,18fc8befbe97194bb0dd0938fccaf37f393f6de2218ebde02f13c90e195d8dd0,0,False
cold,job,oracle,08c,1,870.0,930.0718288868666,92778496,0,92778496,7465829d867dd355db1eccde557ebf271ae12a72c816573a22efe46278831014,0,False
cold,job,oracle,08c,2,868.0,927.2210849449039,91992064,0,91992064,7465829d867dd355db1eccde557ebf271ae12a72c816573a22efe46278831014,0,False
cold,job,oracle,08c,3,858.0,916.8506991118193,91992064,0,91992064,7465829d867dd355db1eccde557ebf271ae12a72c816573a22efe46278831014,0,False
cold,job,oracle,08d,1,297.0,342.0946467667818,78884864,0,78884864,30be15026c3210110c0445cfe84716b68d95bfc15fdf5e032a18f40bc001205a,0,False
cold,job,oracle,08d,2,289.0,336.7719603702426,78917632,0,78917632,30be15026c3210110c0445cfe84716b68d95bfc15fdf5e032a18f40bc001205a,0,False
cold,job,oracle,08d,3,295.0,339.5149391144514,78917632,0,78917632,30be15026c3210110c0445cfe84716b68d95bfc15fdf5e032a18f40bc001205a,0,False
cold,job,oracle,09a,1,616.0,664.6169414743781,207269888,0,207269888,2d514cc6a3833e1894724993543e6ce79601fd41a1c3863be4b52e6fbb07849d,0,False
cold,job,oracle,09a,2,637.0,684.2509303241968,207269888,0,207269888,2d514cc6a3833e1894724993543e6ce79601fd41a1c3863be4b52e6fbb07849d,0,False
cold,job,oracle,09a,3,614.0,662.6501800492406,207269888,0,207269888,2d514cc6a3833e1894724993543e6ce79601fd41a1c3863be4b52e6fbb07849d,0,False
cold,job,oracle,09b,1,614.0,660.2336456999183,175648768,0,175648768,edf89578cbaedd8aef3f84b6a08b2ec20528f53f87d3951a7786bc8a20366c62,0,False
cold,job,oracle,09b,2,608.0,661.490979604423,175648768,0,175648768,edf89578cbaedd8aef3f84b6a08b2ec20528f53f87d3951a7786bc8a20366c62,0,False
cold,job,oracle,09b,3,612.0,657.4855204671621,175386624,0,175386624,edf89578cbaedd8aef3f84b6a08b2ec20528f53f87d3951a7786bc8a20366c62,0,False
cold,job,oracle,09c,1,593.0,645.6962423399091,197505024,0,197505024,dda7dae742f7fc0d1fb9bfc4609eee02da0dbca4760c238b79e66bea0ae1f058,0,False
cold,job,oracle,09c,2,593.0,642.6075967028737,197505024,0,197505024,dda7dae742f7fc0d1fb9bfc4609eee02da0dbca4760c238b79e66bea0ae1f058,0,False
cold,job,oracle,09c,3,599.0,654.3472819030285,197505024,0,197505024,dda7dae742f7fc0d1fb9bfc4609eee02da0dbca4760c238b79e66bea0ae1f058,0,False
cold,job,oracle,09d,1,827.0,880.5912155658007,198029312,0,198029312,d63b63c0a973d52de0ee2e3fefab4473a0da6db29ef718b8966a02091acf5790,0,False
cold,job,oracle,09d,2,825.0,883.1153940409422,197242880,0,197242880,d63b63c0a973d52de0ee2e3fefab4473a0da6db29ef718b8966a02091acf5790,0,False
cold,job,oracle,09d,3,840.0,891.2452012300491,197242880,0,197242880,d63b63c0a973d52de0ee2e3fefab4473a0da6db29ef718b8966a02091acf5790,0,False
cold,job,oracle,10a,1,580.0,625.9495606645942,190005248,0,190005248,f2420b69488a1f88d1fc4ce7e4377bdcc29a9d80a23f0f4c6d652867187b4273,0,False
cold,job,oracle,10a,2,603.0,652.9699750244617,190005248,0,190005248,f2420b69488a1f88d1fc4ce7e4377bdcc29a9d80a23f0f4c6d652867187b4273,0,False
cold,job,oracle,10a,3,595.0,641.4549481123686,190005248,0,190005248,f2420b69488a1f88d1fc4ce7e4377bdcc29a9d80a23f0f4c6d652867187b4273,0,False
cold,job,oracle,10b,1,290.0,329.931921325624,49102848,0,49102848,c8833f4b90af0029c8e3899bd120360cb70a0771d4a3ca840e2a2cd697e07a33,0,False
cold,job,oracle,10b,2,289.0,328.68989277631044,49102848,0,49102848,c8833f4b90af0029c8e3899bd120360cb70a0771d4a3ca840e2a2cd697e07a33,0,False
cold,job,oracle,10b,3,293.0,333.638371899724,49102848,0,49102848,c8833f4b90af0029c8e3899bd120360cb70a0771d4a3ca840e2a2cd697e07a33,0,False
cold,job,oracle,10c,1,1286.0,1341.6709192097187,283000832,0,283000832,64bec1355ab6fa5d48fd78d86f0a54536c63a290f48b0c34b236b1ab6679b9d9,0,False
cold,job,oracle,10c,2,1295.0,1349.3728963658214,283033600,0,283033600,64bec1355ab6fa5d48fd78d86f0a54536c63a290f48b0c34b236b1ab6679b9d9,0,False
cold,job,oracle,10c,3,1299.0,1350.8749781176448,283033600,0,283033600,64bec1355ab6fa5d48fd78d86f0a54536c63a290f48b0c34b236b1ab6679b9d9,0,False
cold,job,oracle,11a,1,48.0,85.42307280004025,15548416,0,15548416,75aef14b7b200510998732f66bf24b5eb353a77d15b16d358bff021a433c32ad,0,False
cold,job,oracle,11a,2,49.0,86.68807055801153,15548416,0,15548416,75aef14b7b200510998732f66bf24b5eb353a77d15b16d358bff021a433c32ad,0,False
cold,job,oracle,11a,3,48.0,82.39229116588831,15548416,0,15548416,75aef14b7b200510998732f66bf24b5eb353a77d15b16d358bff021a433c32ad,0,False
cold,job,oracle,11b,1,193.0,228.99363469332457,50413568,0,50413568,fcae141de9c9e5fa0f5988e485096c9c00b1640e64fffdfeaa2a7c84c5bde5f6,0,False
cold,job,oracle,11b,2,192.0,232.4328813701868,50413568,0,50413568,fcae141de9c9e5fa0f5988e485096c9c00b1640e64fffdfeaa2a7c84c5bde5f6,0,False
cold,job,oracle,11b,3,192.0,233.03765896707773,50413568,0,50413568,fcae141de9c9e5fa0f5988e485096c9c00b1640e64fffdfeaa2a7c84c5bde5f6,0,False
cold,job,oracle,11c,1,62.0,96.54490370303392,16596992,0,16596992,13579a62e4c5df28771ad00eb6fb65c4f1e9d372b2abbb37fb8dd637b81ee964,0,False
cold,job,oracle,11c,2,63.0,100.48072040081024,16596992,0,16596992,13579a62e4c5df28771ad00eb6fb65c4f1e9d372b2abbb37fb8dd637b81ee964,0,False
cold,job,oracle,11c,3,66.0,102.78389602899551,16596992,0,16596992,13579a62e4c5df28771ad00eb6fb65c4f1e9d372b2abbb37fb8dd637b81ee964,0,False
cold,job,oracle,11d,1,59.0,95.0325159355998,16596992,0,16596992,765a32eeb9d4b8a1e5ddb591407860e7fe93f4d1918d3b1a0f6a3c66fe2e858a,0,False
cold,job,oracle,11d,2,56.0,91.7004058137536,16596992,0,16596992,765a32eeb9d4b8a1e5ddb591407860e7fe93f4d1918d3b1a0f6a3c66fe2e858a,0,False
cold,job,oracle,11d,3,53.0,85.976199246943,16596992,0,16596992,765a32eeb9d4b8a1e5ddb591407860e7fe93f4d1918d3b1a0f6a3c66fe2e858a,0,False
cold,job,oracle,12a,1,163.0,206.36360719799995,62210048,0,62210048,02c6bcaa6a3333b31881aaacd682070a6fc21572445569086b5e2aab06ca69cf,0,False
cold,job,oracle,12a,2,158.0,196.10776752233505,62210048,0,62210048,02c6bcaa6a3333b31881aaacd682070a6fc21572445569086b5e2aab06ca69cf,0,False
cold,job,oracle,12a,3,155.0,195.50276920199394,62210048,0,62210048,02c6bcaa6a3333b31881aaacd682070a6fc21572445569086b5e2aab06ca69cf,0,False
cold,job,oracle,12b,1,121.0,159.91241484880447,31571968,0,31571968,75049d679134f8dadd2fcb4dd808286ffde11e0cd485eab3f05ede5fe04ba3e9,0,False
cold,job,oracle,12b,2,120.0,161.68196313083172,31571968,0,31571968,75049d679134f8dadd2fcb4dd808286ffde11e0cd485eab3f05ede5fe04ba3e9,0,False
cold,job,oracle,12b,3,121.0,167.56182070821524,31571968,0,31571968,75049d679134f8dadd2fcb4dd808286ffde11e0cd485eab3f05ede5fe04ba3e9,0,False
cold,job,oracle,12c,1,183.0,225.37274844944477,68239360,0,68239360,61c1ba0c98c3c0a6c9ce5f81482b81183a9352a065a407e62323a315acc5c9c4,0,False
cold,job,oracle,12c,2,189.0,229.99755572527647,68239360,0,68239360,61c1ba0c98c3c0a6c9ce5f81482b81183a9352a065a407e62323a315acc5c9c4,0,False
cold,job,oracle,12c,3,191.0,233.62920712679625,68239360,0,68239360,61c1ba0c98c3c0a6c9ce5f81482b81183a9352a065a407e62323a315acc5c9c4,0,False
cold,job,oracle,13a,1,156.0,197.64890428632498,56967168,0,56967168,b7c682bf7a69cc780c482fe1f4cd19a65f7a24b616c366483521e8ca4362fe3f,0,False
cold,job,oracle,13a,2,155.0,197.64391519129276,56967168,0,56967168,b7c682bf7a69cc780c482fe1f4cd19a65f7a24b616c366483521e8ca4362fe3f,0,False
cold,job,oracle,13a,3,158.0,198.9691611379385,56967168,0,56967168,b7c682bf7a69cc780c482fe1f4cd19a65f7a24b616c366483521e8ca4362fe3f,0,False
cold,job,oracle,13b,1,170.0,209.31851863861084,45432832,0,45432832,c564e4ae333be542642c853c5b2d8ba6571ca6f72736d6eee61b7c82162343cf,0,False
cold,job,oracle,13b,2,171.0,215.6383330002427,45432832,0,45432832,c564e4ae333be542642c853c5b2d8ba6571ca6f72736d6eee61b7c82162343cf,0,False
cold,job,oracle,13b,3,173.0,211.5741642192006,45432832,0,45432832,c564e4ae333be542642c853c5b2d8ba6571ca6f72736d6eee61b7c82162343cf,0,False
cold,job,oracle,13c,1,128.0,165.592348203063,35471360,0,35471360,afdff1d06f6c699a12638dac25850eb84e981ea0edd8098770d7bee393a8237b,0,False
cold,job,oracle,13c,2,124.0,163.96751906722784,35471360,0,35471360,afdff1d06f6c699a12638dac25850eb84e981ea0edd8098770d7bee393a8237b,0,False
cold,job,oracle,13c,3,125.0,160.69852467626333,35471360,0,35471360,afdff1d06f6c699a12638dac25850eb84e981ea0edd8098770d7bee393a8237b,0,False
cold,job,oracle,13d,1,231.0,271.40195667743683,48873472,0,48873472,6dc3ecd52a645ca986b1c68a4a01a9e18efdf4146ed0da1d55adeaac2bd23dc3,0,False
cold,job,oracle,13d,2,226.0,265.6525894999504,48611328,0,48611328,6dc3ecd52a645ca986b1c68a4a01a9e18efdf4146ed0da1d55adeaac2bd23dc3,0,False
cold,job,oracle,13d,3,228.0,268.69949977844954,46252032,0,46252032,6dc3ecd52a645ca986b1c68a4a01a9e18efdf4146ed0da1d55adeaac2bd23dc3,0,False
cold,job,oracle,14a,1,141.0,182.99832101911306,50708480,0,50708480,2c66657ce156258fe44f31397c940d51d9ccf529d3c970d1697af21e272246b8,0,False
cold,job,oracle,14a,2,147.0,186.48627493530512,50937856,0,50937856,2c66657ce156258fe44f31397c940d51d9ccf529d3c970d1697af21e272246b8,0,False
cold,job,oracle,14a,3,144.0,183.94692614674568,50708480,0,50708480,2c66657ce156258fe44f31397c940d51d9ccf529d3c970d1697af21e272246b8,0,False
cold,job,oracle,14b,1,164.0,206.750744022429,45989888,0,45989888,3166468f404e5eafe69cb2483a06d1a5c6fb80e1c21de5391b0ccdafcd854adb,0,False
cold,job,oracle,14b,2,173.0,212.91535533964634,45989888,0,45989888,3166468f404e5eafe69cb2483a06d1a5c6fb80e1c21de5391b0ccdafcd854adb,0,False
cold,job,oracle,14b,3,161.0,200.45512914657593,45989888,0,45989888,3166468f404e5eafe69cb2483a06d1a5c6fb80e1c21de5391b0ccdafcd854adb,0,False
cold,job,oracle,14c,1,188.0,231.24581295996904,73482240,0,73482240,2c66657ce156258fe44f31397c940d51d9ccf529d3c970d1697af21e272246b8,0,False
cold,job,oracle,14c,2,189.0,229.04367931187153,73482240,0,73482240,2c66657ce156258fe44f31397c940d51d9ccf529d3c970d1697af21e272246b8,0,False
cold,job,oracle,14c,3,187.0,228.248443454504,73252864,0,73252864,2c66657ce156258fe44f31397c940d51d9ccf529d3c970d1697af21e272246b8,0,False
cold,job,oracle,15a,1,523.0,573.8863060250878,242368512,0,242368512,f6485a645d13c274907f4443b97500b9116d3d5383a594bba4ad8ddd83248358,0,False
cold,job,oracle,15a,2,508.0,564.2973994836211,242368512,0,242368512,f6485a645d13c274907f4443b97500b9116d3d5383a594bba4ad8ddd83248358,0,False
cold,job,oracle,15a,3,361.0,402.27015409618616,102907904,0,102907904,f6485a645d13c274907f4443b97500b9116d3d5383a594bba4ad8ddd83248358,0,False
cold,job,oracle,15b,1,534.0,588.956999592483,229720064,0,229720064,5e79daf7a3d7c64aba2fa23d8cceebdecd74606e680509dc349bd07b49d47104,0,False
cold,job,oracle,15b,2,516.0,565.3950171545148,229720064,0,229720064,5e79daf7a3d7c64aba2fa23d8cceebdecd74606e680509dc349bd07b49d47104,0,False
cold,job,oracle,15b,3,520.0,568.0286902934313,229720064,0,229720064,5e79daf7a3d7c64aba2fa23d8cceebdecd74606e680509dc349bd07b49d47104,0,False
cold,job,oracle,15c,1,360.0,403.21405604481697,101761024,0,101761024,883f58a0f34091fd3c2bb5971c6c8bcb69f9e7466c9f0b62088e42e16eb1816a,0,False
cold,job,oracle,15c,2,464.0,512.9837151616812,166051840,0,166051840,883f58a0f34091fd3c2bb5971c6c8bcb69f9e7466c9f0b62088e42e16eb1816a,0,False
cold,job,oracle,15c,3,365.0,405.8306459337473,104120320,0,104120320,883f58a0f34091fd3c2bb5971c6c8bcb69f9e7466c9f0b62088e42e16eb1816a,0,False
cold,job,oracle,15d,1,277.0,318.4076016768813,94453760,0,94453760,16c2aeb5e00e4a6aa35b7e486776c3eee7e34cc94c947bbcf0a93921fa8aa6ba,0,False
cold,job,oracle,15d,2,289.0,330.9411909431219,96813056,0,96813056,16c2aeb5e00e4a6aa35b7e486776c3eee7e34cc94c947bbcf0a93921fa8aa6ba,0,False
cold,job,oracle,15d,3,280.0,325.1396743580699,94453760,0,94453760,16c2aeb5e00e4a6aa35b7e486776c3eee7e34cc94c947bbcf0a93921fa8aa6ba,0,False
cold,job,oracle,16a,1,565.0,613.168372772634,229945344,0,229945344,0c45a9e7b66310b6b11be784beb30c75f4c8eed8661a90cf963d2e4091a7d1c8,0,False
cold,job,oracle,16a,2,566.0,614.2026344314218,229945344,0,229945344,0c45a9e7b66310b6b11be784beb30c75f4c8eed8661a90cf963d2e4091a7d1c8,0,False
cold,job,oracle,16a,3,570.0,619.0053876489401,229945344,0,229945344,0c45a9e7b66310b6b11be784beb30c75f4c8eed8661a90cf963d2e4091a7d1c8,0,False
cold,job,oracle,16b,1,1420.0,1491.5662799030542,255799296,0,255799296,9e2a1c07b046e60cf708259c9243e3fd9632bc8c6f48d9ea589c868f38d28ed7,0,False
cold,job,oracle,16b,2,1417.0,1486.555670388043,255799296,0,255799296,9e2a1c07b046e60cf708259c9243e3fd9632bc8c6f48d9ea589c868f38d28ed7,0,False
cold,job,oracle,16b,3,1409.0,1479.389694519341,255799296,0,255799296,9e2a1c07b046e60cf708259c9243e3fd9632bc8c6f48d9ea589c868f38d28ed7,0,False
cold,job,oracle,16c,1,681.0,730.3659385070205,239382528,0,239382528,d0bee8e7de4d68c979f73590c12e8b02a85f2c755a10b3c309488e6dcbfe5740,0,False
cold,job,oracle,16c,2,684.0,734.7661014646292,239382528,0,239382528,d0bee8e7de4d68c979f73590c12e8b02a85f2c755a10b3c309488e6dcbfe5740,0,False
cold,job,oracle,16c,3,680.0,732.0087254047394,239382528,0,239382528,d0bee8e7de4d68c979f73590c12e8b02a85f2c755a10b3c309488e6dcbfe5740,0,False
cold,job,oracle,16d,1,665.0,715.0718355551362,239382528,0,239382528,d0bee8e7de4d68c979f73590c12e8b02a85f2c755a10b3c309488e6dcbfe5740,0,False
cold,job,oracle,16d,2,662.0,714.1656186431646,239382528,0,239382528,d0bee8e7de4d68c979f73590c12e8b02a85f2c755a10b3c309488e6dcbfe5740,0,False
cold,job,oracle,16d,3,660.0,709.1606836766005,239382528,0,239382528,d0bee8e7de4d68c979f73590c12e8b02a85f2c755a10b3c309488e6dcbfe5740,0,False
cold,job,oracle,17a,1,538.0,600.6984049454331,172539904,0,172539904,7fe9c0a6b11f6430f4ae93ba9c5ff48bb030edbb92563715b7c0e707ae2ed161,0,False
cold,job,oracle,17a,2,547.0,610.1359985768795,178077696,0,178077696,7fe9c0a6b11f6430f4ae93ba9c5ff48bb030edbb92563715b7c0e707ae2ed161,0,False
cold,job,oracle,17a,3,564.0,610.8188591897488,181977088,0,181977088,7fe9c0a6b11f6430f4ae93ba9c5ff48bb030edbb92563715b7c0e707ae2ed161,0,False
cold,job,oracle,17b,1,480.0,524.904303252697,162021376,0,162021376,15d568773ef08f416db819a9a7c2d9a3ea64f7dfe14dd59cb79c3e498a901950,0,False
cold,job,oracle,17b,2,476.0,520.8374168723822,162021376,0,162021376,15d568773ef08f416db819a9a7c2d9a3ea64f7dfe14dd59cb79c3e498a901950,0,False
cold,job,oracle,17b,3,491.0,538.4456133469939,162021376,0,162021376,15d568773ef08f416db819a9a7c2d9a3ea64f7dfe14dd59cb79c3e498a901950,0,False
cold,job,oracle,17c,1,519.0,566.6728327050805,190070784,0,190070784,0a884c1a69183318c60d10407f267ae08c3224cb8fcaf81101e8395da797fb76,0,False
cold,job,oracle,17c,2,507.0,555.4358372464776,190070784,0,190070784,0a884c1a69183318c60d10407f267ae08c3224cb8fcaf81101e8395da797fb76,0,False
cold,job,oracle,17c,3,517.0,563.0848743021488,190070784,0,190070784,0a884c1a69183318c60d10407f267ae08c3224cb8fcaf81101e8395da797fb76,0,False
cold,job,oracle,17d,1,739.0,787.6634392887354,252755968,0,252755968,3fdb8c95209ce2ebb49425ec504bd23dc223cf3d516119bccf006b60f0c2f681,0,False
cold,job,oracle,17d,2,739.0,789.9982975795865,252231680,0,252231680,3fdb8c95209ce2ebb49425ec504bd23dc223cf3d516119bccf006b60f0c2f681,0,False
cold,job,oracle,17d,3,702.0,753.0567636713386,252198912,0,252198912,3fdb8c95209ce2ebb49425ec504bd23dc223cf3d516119bccf006b60f0c2f681,0,False
cold,job,oracle,17e,1,872.0,926.2555791065097,252493824,0,252493824,a2ee465ab850ed008e06898aea4f520f80721dc49d77bee2fbd9642414dc8d32,0,False
cold,job,oracle,17e,2,875.0,928.3617744222283,252526592,0,252526592,a2ee465ab850ed008e06898aea4f520f80721dc49d77bee2fbd9642414dc8d32,0,False
cold,job,oracle,17e,3,881.0,939.6082824096084,252493824,0,252493824,a2ee465ab850ed008e06898aea4f520f80721dc49d77bee2fbd9642414dc8d32,0,False
cold,job,oracle,17f,1,892.0,945.5399569123983,251904000,0,251904000,e557f8ea5a5ba7f51aa243f64a576a3a30208bb63763efa120b8a428ee987bce,0,False
cold,job,oracle,17f,2,877.0,930.2914468571544,251871232,0,251871232,e557f8ea5a5ba7f51aa243f64a576a3a30208bb63763efa120b8a428ee987bce,0,False
cold,job,oracle,17f,3,884.0,938.7855669483542,252133376,0,252133376,e557f8ea5a5ba7f51aa243f64a576a3a30208bb63763efa120b8a428ee987bce,0,False
cold,job,oracle,18a,1,775.0,827.2644644603133,294567936,0,294567936,d21acd2aa56a5d8370777029957408dee7173b82774191d7ddd090d823de8a9d,0,False
cold,job,oracle,18a,2,748.0,801.1877462267876,294830080,0,294830080,d21acd2aa56a5d8370777029957408dee7173b82774191d7ddd090d823de8a9d,0,False
cold,job,oracle,18a,3,772.0,822.8771137073636,294830080,0,294830080,d21acd2aa56a5d8370777029957408dee7173b82774191d7ddd090d823de8a9d,0,False
cold,job,oracle,18b,1,822.0,876.7806608229876,319897600,0,319897600,5af7d07710dab90620e41e6d23846eaf69924560681748a3e0b9ad6daeea763b,0,False
cold,job,oracle,18b,2,811.0,865.5406711623073,319897600,0,319897600,5af7d07710dab90620e41e6d23846eaf69924560681748a3e0b9ad6daeea763b,0,False
cold,job,oracle,18b,3,817.0,872.9526195675135,319897600,0,319897600,5af7d07710dab90620e41e6d23846eaf69924560681748a3e0b9ad6daeea763b,0,False
cold,job,oracle,18c,1,1139.0,1193.3797616511583,328024064,0,328024064,0cd2afcf0fee2a3719202e03505115ac80013017a45bb0e841defa6908280df4,0,False
cold,job,oracle,18c,2,1122.0,1178.3789191395044,328024064,0,328024064,0cd2afcf0fee2a3719202e03505115ac80013017a45bb0e841defa6908280df4,0,False
cold,job,oracle,18c,3,1147.0,1206.9835113361478,328024064,0,328024064,0cd2afcf0fee2a3719202e03505115ac80013017a45bb0e841defa6908280df4,0,False
cold,job,oracle,19a,1,593.0,645.0295019894838,209469440,0,209469440,1ae5f1fccd9725d8e9d1d2060c5603cc7cf7115143520ccf703d325148da07dd,0,False
cold,job,oracle,19a,2,533.0,582.4155621230602,174047232,0,174047232,1ae5f1fccd9725d8e9d1d2060c5603cc7cf7115143520ccf703d325148da07dd,0,False
cold,job,oracle,19a,3,590.0,641.8930944055319,209469440,0,209469440,1ae5f1fccd9725d8e9d1d2060c5603cc7cf7115143520ccf703d325148da07dd,0,False
cold,job,oracle,19b,1,487.0,532.5223160907626,130072576,0,130072576,6e5674983d7c62fbdb68f0b116f6c4311e4c77093a2e8cebac29f771a5d03153,0,False
cold,job,oracle,19b,2,472.0,517.0766841620207,130072576,0,130072576,6e5674983d7c62fbdb68f0b116f6c4311e4c77093a2e8cebac29f771a5d03153,0,False
cold,job,oracle,19b,3,469.0,524.2946781218052,130072576,0,130072576,6e5674983d7c62fbdb68f0b116f6c4311e4c77093a2e8cebac29f771a5d03153,0,False
cold,job,oracle,19c,1,586.0,634.8372865468264,188137472,0,188137472,77b8f0442dcb79b47184820142d029c0236f5aa25a1ffd3816ba355499f140b8,0,False
cold,job,oracle,19c,2,576.0,627.6354137808084,188137472,0,188137472,77b8f0442dcb79b47184820142d029c0236f5aa25a1ffd3816ba355499f140b8,0,False
cold,job,oracle,19c,3,588.0,637.3076504096389,190234624,0,190234624,77b8f0442dcb79b47184820142d029c0236f5aa25a1ffd3816ba355499f140b8,0,False
cold,job,oracle,19d,1,851.0,911.8505986407399,162185216,0,162185216,4144ae8243c6cb654983fd1c4e6c0dd1d7f2d913f583f4c499207ead79d69b54,0,False
cold,job,oracle,19d,2,844.0,901.7095314338803,161431552,0,161431552,4144ae8243c6cb654983fd1c4e6c0dd1d7f2d913f583f4c499207ead79d69b54,0,False
cold,job,oracle,19d,3,857.0,925.3767793998122,161398784,0,161398784,4144ae8243c6cb654983fd1c4e6c0dd1d7f2d913f583f4c499207ead79d69b54,0,False
cold,job,oracle,20a,1,1030.0,1084.8994264379144,312426496,0,312426496,c9e65e31a6a24fc26ac9fc3a935f3ddf49bff072795dca0c90dad03e760a19e0,0,False
cold,job,oracle,20a,2,1039.0,1095.206349156797,312197120,0,312197120,c9e65e31a6a24fc26ac9fc3a935f3ddf49bff072795dca0c90dad03e760a19e0,0,False
cold,job,oracle,20a,3,1028.0,1083.7224815040827,312426496,0,312426496,c9e65e31a6a24fc26ac9fc3a935f3ddf49bff072795dca0c90dad03e760a19e0,0,False
cold,job,oracle,20b,1,677.0,725.1461362466216,157073408,0,157073408,c826f8325b6868f0a8c323bacb3abd3ae7477c2327ea08b458cb23d71938d9c2,0,False
cold,job,oracle,20b,2,673.0,718.2912696152925,157073408,0,157073408,c826f8325b6868f0a8c323bacb3abd3ae7477c2327ea08b458cb23d71938d9c2,0,False
cold,job,oracle,20b,3,673.0,719.3062761798501,157073408,0,157073408,c826f8325b6868f0a8c323bacb3abd3ae7477c2327ea08b458cb23d71938d9c2,0,False
cold,job,oracle,20c,1,1055.0,1112.4387588351965,353353728,0,353353728,f47dd0ede140b6bd1dbb11728a938bd7a90e0d809bca65638635da44e14c32da,0,False
cold,job,oracle,20c,2,1049.0,1107.802739366889,353124352,0,353124352,f47dd0ede140b6bd1dbb11728a938bd7a90e0d809bca65638635da44e14c32da,0,False
cold,job,oracle,20c,3,1055.0,1110.6465002521873,353353728,0,353353728,f47dd0ede140b6bd1dbb11728a938bd7a90e0d809bca65638635da44e14c32da,0,False
cold,job,oracle,21a,1,137.0,177.46387142688036,64303104,0,64303104,b220b434b6646e98101048b3ea2ad64da2f3485fd18cf1c1f83239c47494a1b3,0,False
cold,job,oracle,21a,2,139.0,182.82761611044407,64303104,0,64303104,b220b434b6646e98101048b3ea2ad64da2f3485fd18cf1c1f83239c47494a1b3,0,False
cold,job,oracle,21a,3,138.0,180.53118605166674,64303104,0,64303104,b220b434b6646e98101048b3ea2ad64da2f3485fd18cf1c1f83239c47494a1b3,0,False
cold,job,oracle,21b,1,151.0,193.29511281102896,66662400,0,66662400,6fdabe24b063c3e05d3efffaecfdb8b7b4a1291947821a3285f3aa05934a0ea8,0,False
cold,job,oracle,21b,2,144.0,185.04455126821995,66662400,0,66662400,6fdabe24b063c3e05d3efffaecfdb8b7b4a1291947821a3285f3aa05934a0ea8,0,False
cold,job,oracle,21b,3,145.0,188.1652120500803,66662400,0,66662400,6fdabe24b063c3e05d3efffaecfdb8b7b4a1291947821a3285f3aa05934a0ea8,0,False
cold,job,oracle,21c,1,150.0,190.76422974467278,69283840,0,69283840,75aef14b7b200510998732f66bf24b5eb353a77d15b16d358bff021a433c32ad,0,False
cold,job,oracle,21c,2,145.0,193.61557345837355,69283840,0,69283840,75aef14b7b200510998732f66bf24b5eb353a77d15b16d358bff021a433c32ad,0,False
cold,job,oracle,21c,3,151.0,192.86308344453573,69283840,0,69283840,75aef14b7b200510998732f66bf24b5eb353a77d15b16d358bff021a433c32ad,0,False
cold,job,oracle,22a,1,279.0,321.4233545586467,97370112,0,97370112,49d165dc0eee66dd596a6c56a9654c307563385e859a8174e8214a4eb79829f5,0,False
cold,job,oracle,22a,2,276.0,317.2418558970094,97370112,0,97370112,49d165dc0eee66dd596a6c56a9654c307563385e859a8174e8214a4eb79829f5,0,False
cold,job,oracle,22a,3,279.0,322.6414266973734,97370112,0,97370112,49d165dc0eee66dd596a6c56a9654c307563385e859a8174e8214a4eb79829f5,0,False
cold,job,oracle,22b,1,279.0,322.7504063397646,95535104,0,95535104,c2cf5802dc659bfe123d02dbc80870fc22abf7a3dd789966592efd2a0189223b,0,False
cold,job,oracle,22b,2,271.0,313.6237608268857,95502336,0,95502336,c2cf5802dc659bfe123d02dbc80870fc22abf7a3dd789966592efd2a0189223b,0,False
cold,job,oracle,22b,3,281.0,326.57042518258095,95535104,0,95535104,c2cf5802dc659bfe123d02dbc80870fc22abf7a3dd789966592efd2a0189223b,0,False
cold,job,oracle,22c,1,303.0,344.8499897494912,98418688,0,98418688,ec582ce64fb40f07ac072ab1c979fe8fad6bfd0b711dee98405d16c93c5388bf,0,False
cold,job,oracle,22c,2,299.0,345.10586224496365,98189312,0,98189312,ec582ce64fb40f07ac072ab1c979fe8fad6bfd0b711dee98405d16c93c5388bf,0,False
cold,job,oracle,22c,3,294.0,338.0666831508279,98418688,0,98418688,ec582ce64fb40f07ac072ab1c979fe8fad6bfd0b711dee98405d16c93c5388bf,0,False
cold,job,oracle,22d,1,262.0,303.742965683341,90030080,0,90030080,e53f77190a8d5cc94dc638c6a152324366e9c8775ba34c4ab45d8273097141e1,0,False
cold,job,oracle,22d,2,267.0,311.4372594282031,90259456,0,90259456,e53f77190a8d5cc94dc638c6a152324366e9c8775ba34c4ab45d8273097141e1,0,False
cold,job,oracle,22d,3,262.0,304.28025778383017,90259456,0,90259456,e53f77190a8d5cc94dc638c6a152324366e9c8775ba34c4ab45d8273097141e1,0,False
cold,job,oracle,23a,1,291.0,337.0650801807642,62210048,0,62210048,1638adb7b1e5c1c3fae7cd491d58a339abd218fb0de4747342bc9f4725340967,0,False
cold,job,oracle,23a,2,304.0,358.39226469397545,64569344,0,64569344,1638adb7b1e5c1c3fae7cd491d58a339abd218fb0de4747342bc9f4725340967,0,False
cold,job,oracle,23a,3,349.0,394.7677733376622,64569344,0,64569344,1638adb7b1e5c1c3fae7cd491d58a339abd218fb0de4747342bc9f4725340967,0,False
cold,job,oracle,23b,1,505.0,579.0061131119728,222085120,0,222085120,de0d7c792d956183c4a59443ab2d175cb2efd27b44eaac44274afc65b1ee3ada,0,False
cold,job,oracle,23b,2,501.0,553.1935626640916,222085120,0,222085120,de0d7c792d956183c4a59443ab2d175cb2efd27b44eaac44274afc65b1ee3ada,0,False
cold,job,oracle,23b,3,504.0,556.150009855628,222085120,0,222085120,de0d7c792d956183c4a59443ab2d175cb2efd27b44eaac44274afc65b1ee3ada,0,False
cold,job,oracle,23c,1,411.0,458.3556056022644,127254528,0,127254528,e10fab510282ed90b22716dccfbc19163745b966d49507296786897392685fb6,0,False
cold,job,oracle,23c,2,535.0,583.1107757985592,204816384,0,204816384,e10fab510282ed90b22716dccfbc19163745b966d49507296786897392685fb6,0,False
cold,job,oracle,23c,3,411.0,460.45472752302885,127549440,0,127549440,e10fab510282ed90b22716dccfbc19163745b966d49507296786897392685fb6,0,False
cold,job,oracle,24a,1,613.0,662.2909549623728,215171072,0,215171072,30e1ca86921ccc8248427e9ed99656518436b8c5490b535dd6d34cab98aaf5e7,0,False
cold,job,oracle,24a,2,700.0,753.4725330770016,258191360,0,258191360,30e1ca86921ccc8248427e9ed99656518436b8c5490b535dd6d34cab98aaf5e7,0,False
cold,job,oracle,24a,3,620.0,670.8506532013416,215171072,0,215171072,30e1ca86921ccc8248427e9ed99656518436b8c5490b535dd6d34cab98aaf5e7,0,False
cold,job,oracle,24b,1,501.0,547.0470311120152,153960448,0,153960448,767718d918d9b17aeb7d1b87efbdcedc6b4f6b60133ef3e448e7cf4597b23881,0,False
cold,job,oracle,24b,2,497.0,543.7126019969583,153960448,0,153960448,767718d918d9b17aeb7d1b87efbdcedc6b4f6b60133ef3e448e7cf4597b23881,0,False
cold,job,oracle,24b,3,499.0,546.3822977617383,153960448,0,153960448,767718d918d9b17aeb7d1b87efbdcedc6b4f6b60133ef3e448e7cf4597b23881,0,False
cold,job,oracle,25a,1,1097.0,1151.6438806429505,350830592,0,350830592,d21eaf7ef62fa4e701443b6a2cdc1fe0e176dd5453d5d3ed0bfc40ec5e01b56b,0,False
cold,job,oracle,25a,2,1070.0,1122.6708022877574,350830592,0,350830592,d21eaf7ef62fa4e701443b6a2cdc1fe0e176dd5453d5d3ed0bfc40ec5e01b56b,0,False
cold,job,oracle,25a,3,1071.0,1126.2067407369614,350830592,0,350830592,d21eaf7ef62fa4e701443b6a2cdc1fe0e176dd5453d5d3ed0bfc40ec5e01b56b,0,False
cold,job,oracle,25b,1,561.0,613.7100914493203,246005760,0,246005760,b26c073dc32fce2cb85546b60c8510a32d46c536bcfb2a9e27b0ebbabfbd81fa,0,False
cold,job,oracle,25b,2,556.0,608.9561749249697,245481472,0,245481472,b26c073dc32fce2cb85546b60c8510a32d46c536bcfb2a9e27b0ebbabfbd81fa,0,False
cold,job,oracle,25b,3,554.0,605.6238254532218,245481472,0,245481472,b26c073dc32fce2cb85546b60c8510a32d46c536bcfb2a9e27b0ebbabfbd81fa,0,False
cold,job,oracle,25c,1,1149.0,1204.0572324767709,359481344,0,359481344,956e59b9c5855bea01d2ef1a35073ad2635bb94698b44a53b98dd8c92f141848,0,False
cold,job,oracle,25c,2,1165.0,1223.210479132831,359481344,0,359481344,956e59b9c5855bea01d2ef1a35073ad2635bb94698b44a53b98dd8c92f141848,0,False
cold,job,oracle,25c,3,1139.0,1193.3094402775168,359481344,0,359481344,956e59b9c5855bea01d2ef1a35073ad2635bb94698b44a53b98dd8c92f141848,0,False
cold,job,oracle,26a,1,1060.0,1120.4800829291344,360464384,0,360464384,7f8a02b86273b236f5bb9ba9ac9bae28e25cef4e624a61bc9f8c15e52a14b705,0,False
cold,job,oracle,26a,2,1057.0,1110.788021236658,360693760,0,360693760,7f8a02b86273b236f5bb9ba9ac9bae28e25cef4e624a61bc9f8c15e52a14b705,0,False
cold,job,oracle,26a,3,1061.0,1117.1609284356236,360693760,0,360693760,7f8a02b86273b236f5bb9ba9ac9bae28e25cef4e624a61bc9f8c15e52a14b705,0,False
cold,job,oracle,26b,1,963.0,1019.3334361538291,302530560,0,302530560,7c669de000f60c5ac1b3091bf9ed3a0b3323e57f16d776a5f4517c264be99a5a,0,False
cold,job,oracle,26b,2,946.0,998.2894714921713,302530560,0,302530560,7c669de000f60c5ac1b3091bf9ed3a0b3323e57f16d776a5f4517c264be99a5a,0,False
cold,job,oracle,26b,3,962.0,1028.8213649764657,302530560,0,302530560,7c669de000f60c5ac1b3091bf9ed3a0b3323e57f16d776a5f4517c264be99a5a,0,False
cold,job,oracle,26c,1,1016.9999999999999,1072.2450567409396,319275008,0,319275008,22b8c3533187d30ccb3d865e9faecd1464f965a1ff32abf4e62fb941bf8346c8,0,False
cold,job,oracle,26c,2,1002.9999999999999,1054.3070696294308,319275008,0,319275008,22b8c3533187d30ccb3d865e9faecd1464f965a1ff32abf4e62fb941bf8346c8,0,False
cold,job,oracle,26c,3,1004.9999999999999,1058.836055919528,319275008,0,319275008,22b8c3533187d30ccb3d865e9faecd1464f965a1ff32abf4e62fb941bf8346c8,0,False
cold,job,oracle,27a,1,129.0,172.1500400453806,55128064,0,55128064,ea776b4cb43066a5ee13ee751c614973becdcd37d77ccf979558e12219b8c8ca,0,False
cold,job,oracle,27a,2,130.0,172.10849188268185,55128064,0,55128064,ea776b4cb43066a5ee13ee751c614973becdcd37d77ccf979558e12219b8c8ca,0,False
cold,job,oracle,27a,3,130.0,171.06642574071884,55128064,0,55128064,ea776b4cb43066a5ee13ee751c614973becdcd37d77ccf979558e12219b8c8ca,0,False
cold,job,oracle,27b,1,95.0,144.59210820496082,35467264,0,35467264,2830e9f1def171e0a695b76715594bd362de67d5bba65e8ba8cf250400b716fe,0,False
cold,job,oracle,27b,2,103.0,148.41480273753405,35467264,0,35467264,2830e9f1def171e0a695b76715594bd362de67d5bba65e8ba8cf250400b716fe,0,False
cold,job,oracle,27b,3,99.0,137.7692800015211,35467264,0,35467264,2830e9f1def171e0a695b76715594bd362de67d5bba65e8ba8cf250400b716fe,0,False
cold,job,oracle,27c,1,134.0,175.08292850106955,58535936,0,58535936,ea776b4cb43066a5ee13ee751c614973becdcd37d77ccf979558e12219b8c8ca,0,False
cold,job,oracle,27c,2,132.0,179.43854443728924,58535936,0,58535936,ea776b4cb43066a5ee13ee751c614973becdcd37d77ccf979558e12219b8c8ca,0,False
cold,job,oracle,27c,3,138.0,176.70133989304304,58535936,0,58535936,ea776b4cb43066a5ee13ee751c614973becdcd37d77ccf979558e12219b8c8ca,0,False
cold,job,oracle,28a,1,271.0,314.2168018966913,97173504,0,97173504,f35e15e5ead599b31abf448417f863da86610d3177a787980355ce7404b9206d,0,False
cold,job,oracle,28a,2,245.0,289.5303387194872,96944128,0,96944128,f35e15e5ead599b31abf448417f863da86610d3177a787980355ce7404b9206d,0,False
cold,job,oracle,28a,3,263.0,302.9395779594779,97402880,0,97402880,f35e15e5ead599b31abf448417f863da86610d3177a787980355ce7404b9206d,0,False
cold,job,oracle,28b,1,192.0,232.07053262740374,64274432,0,64274432,834d65c81a3e5f0b36520def841bf2be3131c6e7d132e3719ca307512fda0f14,0,False
cold,job,oracle,28b,2,193.0,234.28038228303194,64274432,0,64274432,834d65c81a3e5f0b36520def841bf2be3131c6e7d132e3719ca307512fda0f14,0,False
cold,job,oracle,28b,3,193.0,234.19354762881994,64274432,0,64274432,834d65c81a3e5f0b36520def841bf2be3131c6e7d132e3719ca307512fda0f14,0,False
cold,job,oracle,28c,1,252.0,294.45833060890436,98648064,0,98648064,f3678553b4c587b6dffa443561fc8a1bbd44a408476201160c0c812b963a0f53,0,False
cold,job,oracle,28c,2,261.0,306.6201126202941,98418688,0,98418688,f3678553b4c587b6dffa443561fc8a1bbd44a408476201160c0c812b963a0f53,0,False
cold,job,oracle,28c,3,264.0,308.1608721986413,98418688,0,98418688,f3678553b4c587b6dffa443561fc8a1bbd44a408476201160c0c812b963a0f53,0,False
cold,job,oracle,29a,1,500.0,548.3115017414093,161824768,0,161824768,512354bf2bc70a0dd2dfc36c81daf6b950b76ab693ed35b4a0c867a43f77368f,0,False
cold,job,oracle,29a,2,499.0,546.1661648005247,161824768,0,161824768,512354bf2bc70a0dd2dfc36c81daf6b950b76ab693ed35b4a0c867a43f77368f,0,False
cold,job,oracle,29a,3,502.0,549.414181150496,161824768,0,161824768,512354bf2bc70a0dd2dfc36c81daf6b950b76ab693ed35b4a0c867a43f77368f,0,False
cold,job,oracle,29b,1,793.0,851.8863758072257,330645504,0,330645504,512354bf2bc70a0dd2dfc36c81daf6b950b76ab693ed35b4a0c867a43f77368f,0,False
cold,job,oracle,29b,2,790.0,849.3259781971574,330645504,0,330645504,512354bf2bc70a0dd2dfc36c81daf6b950b76ab693ed35b4a0c867a43f77368f,0,False
cold,job,oracle,29b,3,791.0,848.6865824088454,330645504,0,330645504,512354bf2bc70a0dd2dfc36c81daf6b950b76ab693ed35b4a0c867a43f77368f,0,False
cold,job,oracle,29c,1,572.0,623.9514807239175,199372800,0,199372800,99eac0225db341ba2d73204cdbd6fef775fbec98308bc4939ee1ebfad1b38c0b,0,False
cold,job,oracle,29c,2,576.0,627.068049274385,199372800,0,199372800,99eac0225db341ba2d73204cdbd6fef775fbec98308bc4939ee1ebfad1b38c0b,0,False
cold,job,oracle,29c,3,576.0,626.1916337534785,199372800,0,199372800,99eac0225db341ba2d73204cdbd6fef775fbec98308bc4939ee1ebfad1b38c0b,0,False
cold,job,oracle,30a,1,979.0,1034.420182928443,360562688,0,360562688,a96523021fefab47fbe2dfbf0141d0a3a300b2a5b78aa2baa14896b37841916e,0,False
cold,job,oracle,30a,2,963.0,1021.201460622251,360562688,0,360562688,a96523021fefab47fbe2dfbf0141d0a3a300b2a5b78aa2baa14896b37841916e,0,False
cold,job,oracle,30a,3,973.0,1030.010980553925,360562688,0,360562688,a96523021fefab47fbe2dfbf0141d0a3a300b2a5b78aa2baa14896b37841916e,0,False
cold,job,oracle,30b,1,742.0,795.782926492393,266158080,0,266158080,c7c3c6257fdb2a3ab79d0def5064b051fe6794274560464f3b7e1eb5187ad7c1,0,False
cold,job,oracle,30b,2,743.0,796.6585801914334,266158080,0,266158080,c7c3c6257fdb2a3ab79d0def5064b051fe6794274560464f3b7e1eb5187ad7c1,0,False
cold,job,oracle,30b,3,741.0,795.1839920133352,266158080,0,266158080,c7c3c6257fdb2a3ab79d0def5064b051fe6794274560464f3b7e1eb5187ad7c1,0,False
cold,job,oracle,30c,1,1102.0,1158.106411807239,357613568,0,357613568,167828a045d6cd466177ce1d400a446f3c819d47293c9c70e4bf17465632821a,0,False
cold,job,oracle,30c,2,1111.0,1168.9606988802552,357613568,0,357613568,167828a045d6cd466177ce1d400a446f3c819d47293c9c70e4bf17465632821a,0,False
cold,job,oracle,30c,3,1097.0,1152.5868587195873,357613568,0,357613568,167828a045d6cd466177ce1d400a446f3c819d47293c9c70e4bf17465632821a,0,False
cold,job,oracle,31a,1,954.0,1014.1029050573707,352993280,0,352993280,255f84793ebb9cc23de0166fb22b6c11cc0520f038d818f21fa8609dd9669ef7,0,False
cold,job,oracle,31a,2,956.0,1012.7757713198662,352993280,0,352993280,255f84793ebb9cc23de0166fb22b6c11cc0520f038d818f21fa8609dd9669ef7,0,False
cold,job,oracle,31a,3,947.0,1005.5119395256042,352993280,0,352993280,255f84793ebb9cc23de0166fb22b6c11cc0520f038d818f21fa8609dd9669ef7,0,False
cold,job,oracle,31b,1,778.0,828.2967396080494,292667392,0,292667392,4dd25675b042522f24ffb936a21cafbaecf66727118a2dd79079326061f7b3e7,0,False
cold,job,oracle,31b,2,772.0,827.0782604813576,292667392,0,292667392,4dd25675b042522f24ffb936a21cafbaecf66727118a2dd79079326061f7b3e7,0,False
cold,job,oracle,31b,3,770.0,825.2798020839691,292667392,0,292667392,4dd25675b042522f24ffb936a21cafbaecf66727118a2dd79079326061f7b3e7,0,False
cold,job,oracle,31c,1,1010.0,1069.436002522707,371376128,0,371376128,77d4bd293175101fcd0e3ae1a25b058d7e5663547f4b50493f546e7358c6bd31,0,False
cold,job,oracle,31c,2,1004.9999999999999,1061.6572489961982,371376128,0,371376128,77d4bd293175101fcd0e3ae1a25b058d7e5663547f4b50493f546e7358c6bd31,0,False
cold,job,oracle,31c,3,1006.0,1062.0579281821847,371376128,0,371376128,77d4bd293175101fcd0e3ae1a25b058d7e5663547f4b50493f546e7358c6bd31,0,False
cold,job,oracle,32a,1,9.0,44.786764308810234,3751936,0,3751936,391e9f7cc58a0915e4240408ec8de3e947b3ed1197141757d94613ddcfeb945b,0,False
cold,job,oracle,32a,2,8.0,44.91213895380497,3751936,0,3751936,391e9f7cc58a0915e4240408ec8de3e947b3ed1197141757d94613ddcfeb945b,0,False
cold,job,oracle,32a,3,8.0,45.78192625194788,3751936,0,3751936,391e9f7cc58a0915e4240408ec8de3e947b3ed1197141757d94613ddcfeb945b,0,False
cold,job,oracle,32b,1,84.0,121.01838178932667,42287104,0,42287104,d463c9a0009b055de45f087a75a3b20a09dcc453647a52733898abe173a47680,0,False
cold,job,oracle,32b,2,83.0,121.59997597336769,42287104,0,42287104,d463c9a0009b055de45f087a75a3b20a09dcc453647a52733898abe173a47680,0,False
cold,job,oracle,32b,3,84.0,122.87784740328789,42287104,0,42287104,d463c9a0009b055de45f087a75a3b20a09dcc453647a52733898abe173a47680,0,False
cold,job,oracle,33a,1,112.0,147.54203893244267,31014912,0,31014912,6aebb009f054fda36f3cf13cb2aed940fcf421e3cd58cd2d573e77d1885334b4,0,False
cold,job,oracle,33a,2,110.0,145.78301180154085,31014912,0,31014912,6aebb009f054fda36f3cf13cb2aed940fcf421e3cd58cd2d573e77d1885334b4,0,False
cold,job,oracle,33a,3,112.0,148.74432515352964,31014912,0,31014912,6aebb009f054fda36f3cf13cb2aed940fcf421e3cd58cd2d573e77d1885334b4,0,False
cold,job,oracle,33b,1,79.0,114.28399197757244,26034176,0,26034176,a8b0343c954c029f8a09e06261c0b4c455a65d03729edeb2d6bbb99afedf6805,0,False
cold,job,oracle,33b,2,79.0,113.77004534006119,26034176,0,26034176,a8b0343c954c029f8a09e06261c0b4c455a65d03729edeb2d6bbb99afedf6805,0,False
cold,job,oracle,33b,3,80.0,117.28950124233961,26034176,0,26034176,a8b0343c954c029f8a09e06261c0b4c455a65d03729edeb2d6bbb99afedf6805,0,False
cold,job,oracle,33c,1,124.0,164.26648758351803,33636352,0,33636352,f2339b2fdfeb22ba2188c6ee4f06f939deb73b2b74ce62eaffd55a01dab45b51,0,False
cold,job,oracle,33c,2,116.0,154.2585799470544,33636352,0,33636352,f2339b2fdfeb22ba2188c6ee4f06f939deb73b2b74ce62eaffd55a01dab45b51,0,False
cold,job,oracle,33c,3,117.0,154.10730708390474,33636352,0,33636352,f2339b2fdfeb22ba2188c6ee4f06f939deb73b2b74ce62eaffd55a01dab45b51,0,False
cold,job,prepared,01a,1,66.0,264.3017116934061,27361280,0,27361280,e7065e4a0485c309ca7ef6b9ad5bc6488a0410e221b5ff5e851d83b076362e8c,0,False
cold,job,prepared,01a,2,63.0,288.42025343328714,27623424,0,27623424,e7065e4a0485c309ca7ef6b9ad5bc6488a0410e221b5ff5e851d83b076362e8c,0,False
cold,job,prepared,01a,3,64.0,260.6129702180624,26836992,0,26836992,e7065e4a0485c309ca7ef6b9ad5bc6488a0410e221b5ff5e851d83b076362e8c,0,False
cold,job,prepared,01b,1,57.0,253.98923456668854,16351232,0,16351232,63e7ff6ca95db01f980f53019064ef5c05abefce36ddc1ae826606d6700e05a2,0,False
cold,job,prepared,01b,2,39.0,240.8813014626503,15826944,0,15826944,63e7ff6ca95db01f980f53019064ef5c05abefce36ddc1ae826606d6700e05a2,0,False
cold,job,prepared,01b,3,41.0,234.7104186192155,15826944,0,15826944,63e7ff6ca95db01f980f53019064ef5c05abefce36ddc1ae826606d6700e05a2,0,False
cold,job,prepared,01c,1,44.0,250.75990241020918,17891328,0,17891328,562ccb4669a9545591e526e12e48425c9d371b97676786de271ff1916bb00975,0,False
cold,job,prepared,01c,2,43.0,261.17343828082085,17104896,0,17104896,562ccb4669a9545591e526e12e48425c9d371b97676786de271ff1916bb00975,0,False
cold,job,prepared,01c,3,42.0,237.39920649677515,16580608,0,16580608,562ccb4669a9545591e526e12e48425c9d371b97676786de271ff1916bb00975,0,False
cold,job,prepared,01d,1,39.0,238.3098267018795,16351232,0,16351232,ebbff3a0d3dd3460834f75c49960fe41522df58d69c7ebf6d21d53f5d2fbd180,0,False
cold,job,prepared,01d,2,42.0,249.00274816900492,17399808,0,17399808,ebbff3a0d3dd3460834f75c49960fe41522df58d69c7ebf6d21d53f5d2fbd180,0,False
cold,job,prepared,01d,3,38.0,247.94003553688526,15826944,0,15826944,ebbff3a0d3dd3460834f75c49960fe41522df58d69c7ebf6d21d53f5d2fbd180,0,False
cold,job,prepared,02a,1,151.0,344.61011085659266,68222976,0,68222976,bc793ee74323079d529abc8c57a719f8d298e62681f5baa03a3ed35e2ff476e1,0,False
cold,job,prepared,02a,2,149.0,383.11094604432583,68452352,0,68452352,bc793ee74323079d529abc8c57a719f8d298e62681f5baa03a3ed35e2ff476e1,0,False
cold,job,prepared,02a,3,149.0,348.5293472185731,68452352,0,68452352,bc793ee74323079d529abc8c57a719f8d298e62681f5baa03a3ed35e2ff476e1,0,False
cold,job,prepared,02b,1,149.0,344.08507123589516,69566464,0,69566464,bc793ee74323079d529abc8c57a719f8d298e62681f5baa03a3ed35e2ff476e1,0,False
cold,job,prepared,02b,2,146.0,360.828323289752,69566464,0,69566464,bc793ee74323079d529abc8c57a719f8d298e62681f5baa03a3ed35e2ff476e1,0,False
cold,job,prepared,02b,3,146.0,342.76457875967026,69566464,0,69566464,bc793ee74323079d529abc8c57a719f8d298e62681f5baa03a3ed35e2ff476e1,0,False
cold,job,prepared,02c,1,46.0,244.91629842668772,19234816,0,19234816,21726c10dcf9e11a1bc65ffab39bb4df9a068d87d16f1946d8f54d44860395a5,0,False
cold,job,prepared,02c,2,42.0,255.1860073581338,18186240,0,18186240,21726c10dcf9e11a1bc65ffab39bb4df9a068d87d16f1946d8f54d44860395a5,0,False
cold,job,prepared,02c,3,46.0,254.4912351295352,18972672,0,18972672,21726c10dcf9e11a1bc65ffab39bb4df9a068d87d16f1946d8f54d44860395a5,0,False
cold,job,prepared,02d,1,166.0,363.6088380590081,68714496,0,68714496,ca9731ea3665f8905a44b12a036069283eaf0b70c50ba26bbb0163a08001d6db,0,False
cold,job,prepared,02d,2,160.0,376.8291287124157,68714496,0,68714496,ca9731ea3665f8905a44b12a036069283eaf0b70c50ba26bbb0163a08001d6db,0,False
cold,job,prepared,02d,3,164.0,356.62762355059385,68714496,0,68714496,ca9731ea3665f8905a44b12a036069283eaf0b70c50ba26bbb0163a08001d6db,0,False
cold,job,prepared,03a,1,718.0,917.7415743470192,475365376,0,475365376,153462472e8905ad14fd53ecd85bab8acf031d7da4d8c472a40a3753c918fe9c,0,False
cold,job,prepared,03a,2,714.0,972.5950174033642,475365376,0,475365376,153462472e8905ad14fd53ecd85bab8acf031d7da4d8c472a40a3753c918fe9c,0,False
cold,job,prepared,03a,3,706.0,908.1689203158021,475365376,0,475365376,153462472e8905ad14fd53ecd85bab8acf031d7da4d8c472a40a3753c918fe9c,0,False
cold,job,prepared,03b,1,842.0,1043.1427070870996,604078080,0,604078080,5823d637688446f6e08446bb34161b73c127c00affc4b476e9b0840a067992ad,0,False
cold,job,prepared,03b,2,821.0,1028.5236183553934,603324416,0,603324416,5823d637688446f6e08446bb34161b73c127c00affc4b476e9b0840a067992ad,0,False
cold,job,prepared,03b,3,823.0,1027.5601502507925,603324416,0,603324416,5823d637688446f6e08446bb34161b73c127c00affc4b476e9b0840a067992ad,0,False
cold,job,prepared,03c,1,843.0,1045.3636338934302,592248832,0,592248832,a712928b5c545c4dd092a8a7bfd6431bb1b54dfa836b7821ff7b5bf8eb89eb8a,0,False
cold,job,prepared,03c,2,831.0,1052.460647188127,592248832,0,592248832,a712928b5c545c4dd092a8a7bfd6431bb1b54dfa836b7821ff7b5bf8eb89eb8a,0,False
cold,job,prepared,03c,3,836.0,1035.8591908589005,592248832,0,592248832,a712928b5c545c4dd092a8a7bfd6431bb1b54dfa836b7821ff7b5bf8eb89eb8a,0,False
cold,job,prepared,04a,1,137.0,333.1562662497163,57769984,0,57769984,ddb80bff6eb2aebdc70be08cc145f28a6cb9ea0e18462e8d7b1baa56d4b5d23b,0,False
cold,job,prepared,04a,2,134.0,363.77203837037086,57769984,0,57769984,ddb80bff6eb2aebdc70be08cc145f28a6cb9ea0e18462e8d7b1baa56d4b5d23b,0,False
cold,job,prepared,04a,3,137.0,339.149484410882,57769984,0,57769984,ddb80bff6eb2aebdc70be08cc145f28a6cb9ea0e18462e8d7b1baa56d4b5d23b,0,False
cold,job,prepared,04b,1,119.0,314.0996918082237,48332800,0,48332800,523538c7776564e7ed390467ce8a7cd0e8389ea9c424d0e1f887da64c739b557,0,False
cold,job,prepared,04b,2,115.0,313.90583980828524,47579136,0,47579136,523538c7776564e7ed390467ce8a7cd0e8389ea9c424d0e1f887da64c739b557,0,False
cold,job,prepared,04b,3,115.0,314.1578137874603,48594944,0,48594944,523538c7776564e7ed390467ce8a7cd0e8389ea9c424d0e1f887da64c739b557,0,False
cold,job,prepared,04c,1,153.0,350.46165622770786,64552960,0,64552960,83f0cda97ee9ccb075b05c9b4132515d93cfafe002ef5baf7e337221f1304565,0,False
cold,job,prepared,04c,2,143.0,370.257412083447,64552960,0,64552960,83f0cda97ee9ccb075b05c9b4132515d93cfafe002ef5baf7e337221f1304565,0,False
cold,job,prepared,04c,3,148.0,345.6205679103732,64552960,0,64552960,83f0cda97ee9ccb075b05c9b4132515d93cfafe002ef5baf7e337221f1304565,0,False
cold,job,prepared,05a,1,43.0,237.53271531313658,7176192,0,7176192,21726c10dcf9e11a1bc65ffab39bb4df9a068d87d16f1946d8f54d44860395a5,0,False
cold,job,prepared,05a,2,42.0,285.3630594909191,7176192,0,7176192,21726c10dcf9e11a1bc65ffab39bb4df9a068d87d16f1946d8f54d44860395a5,0,False
cold,job,prepared,05a,3,43.0,241.23438633978367,7176192,0,7176192,21726c10dcf9e11a1bc65ffab39bb4df9a068d87d16f1946d8f54d44860395a5,0,False
cold,job,prepared,05b,1,43.0,238.08766063302755,7176192,0,7176192,21726c10dcf9e11a1bc65ffab39bb4df9a068d87d16f1946d8f54d44860395a5,0,False
cold,job,prepared,05b,2,42.0,278.2409507781267,7176192,0,7176192,21726c10dcf9e11a1bc65ffab39bb4df9a068d87d16f1946d8f54d44860395a5,0,False
cold,job,prepared,05b,3,42.0,235.08424498140812,7176192,0,7176192,21726c10dcf9e11a1bc65ffab39bb4df9a068d87d16f1946d8f54d44860395a5,0,False
cold,job,prepared,05c,1,658.0,859.6993396058679,394887168,0,394887168,0a44fcc5bef54de451146dd745d4d781a3380418a3c12f5815155dba103852f8,0,False
cold,job,prepared,05c,2,654.0,865.7806115224957,394887168,0,394887168,0a44fcc5bef54de451146dd745d4d781a3380418a3c12f5815155dba103852f8,0,False
cold,job,prepared,05c,3,657.0,854.8149121925235,394887168,0,394887168,0a44fcc5bef54de451146dd745d4d781a3380418a3c12f5815155dba103852f8,0,False
cold,job,prepared,06a,1,311.0,510.04733610898256,83984384,0,83984384,cf310956cc4f000731fef95254b0dfd93426ecd7233b52acdac68b464d3d8145,0,False
cold,job,prepared,06a,2,318.0,567.5979349762201,83722240,0,83722240,cf310956cc4f000731fef95254b0dfd93426ecd7233b52acdac68b464d3d8145,0,False
cold,job,prepared,06a,3,308.0,510.61495020985603,85032960,0,85032960,cf310956cc4f000731fef95254b0dfd93426ecd7233b52acdac68b464d3d8145,0,False
cold,job,prepared,06b,1,330.0,529.3219881132245,96305152,0,96305152,b4a02d69e1c21434a3dfc3acedede1e4dda199f7066ad4c928822e8b7ea60735,0,False
cold,job,prepared,06b,2,328.0,532.6041514053941,98664448,0,98664448,b4a02d69e1c21434a3dfc3acedede1e4dda199f7066ad4c928822e8b7ea60735,0,False
cold,job,prepared,06b,3,323.0,523.6132610589266,97615872,0,97615872,b4a02d69e1c21434a3dfc3acedede1e4dda199f7066ad4c928822e8b7ea60735,0,False
cold,job,prepared,06c,1,365.0,565.8277189359069,108625920,0,108625920,602cf449fd5db5c02abb4d93217cbcfb1a376d067aa2741782059554b327ec66,0,False
cold,job,prepared,06c,2,322.0,544.6640383452177,97615872,0,97615872,602cf449fd5db5c02abb4d93217cbcfb1a376d067aa2741782059554b327ec66,0,False
cold,job,prepared,06c,3,320.0,517.7498152479529,97878016,0,97878016,602cf449fd5db5c02abb4d93217cbcfb1a376d067aa2741782059554b327ec66,0,False
cold,job,prepared,06d,1,346.0,550.282072275877,109150208,0,109150208,9a9ee192e30a2f15657b1e9167674da6b93ad923e9ab1dd4b739d44171396d8e,0,False
cold,job,prepared,06d,2,349.0,578.9869735017419,108625920,0,108625920,9a9ee192e30a2f15657b1e9167674da6b93ad923e9ab1dd4b739d44171396d8e,0,False
cold,job,prepared,06d,3,342.0,556.004524230957,109150208,0,109150208,9a9ee192e30a2f15657b1e9167674da6b93ad923e9ab1dd4b739d44171396d8e,0,False
cold,job,prepared,06e,1,310.0,527.5078387930989,83984384,0,83984384,cf310956cc4f000731fef95254b0dfd93426ecd7233b52acdac68b464d3d8145,0,False
cold,job,prepared,06e,2,309.0,553.5425087437034,84508672,0,84508672,cf310956cc4f000731fef95254b0dfd93426ecd7233b52acdac68b464d3d8145,0,False
cold,job,prepared,06e,3,309.0,508.8682062923908,84246528,0,84246528,cf310956cc4f000731fef95254b0dfd93426ecd7233b52acdac68b464d3d8145,0,False
cold,job,prepared,06f,1,767.0,972.5825544446707,269844480,0,269844480,e4a64849d1f6928d6e8361ed308dae1e3819474d48c3a29a6dfa27d82fff1908,0,False
cold,job,prepared,06f,2,742.0,961.9092093780637,269844480,0,269844480,e4a64849d1f6928d6e8361ed308dae1e3819474d48c3a29a6dfa27d82fff1908,0,False
cold,job,prepared,06f,3,733.0,941.5334155783057,269844480,0,269844480,e4a64849d1f6928d6e8361ed308dae1e3819474d48c3a29a6dfa27d82fff1908,0,False
cold,job,prepared,07a,1,271.0,472.3223093897104,85569536,0,85569536,08741fe3bcce22e88389f67304210ef54b78298b7322a3d34c0133c680a95d2b,0,False
cold,job,prepared,07a,2,262.0,478.85891143232584,84488192,0,84488192,08741fe3bcce22e88389f67304210ef54b78298b7322a3d34c0133c680a95d2b,0,False
cold,job,prepared,07a,3,265.0,463.90785090625286,84488192,0,84488192,08741fe3bcce22e88389f67304210ef54b78298b7322a3d34c0133c680a95d2b,0,False
cold,job,prepared,07b,1,161.0,357.6943315565586,52015104,0,52015104,6a942eeb51fb268cf3508ce35d269c80439e4679fd64d6152670806a1d13b84b,0,False
cold,job,prepared,07b,2,158.0,398.21190293878317,51752960,0,51752960,6a942eeb51fb268cf3508ce35d269c80439e4679fd64d6152670806a1d13b84b,0,False
cold,job,prepared,07b,3,159.0,359.95416436344385,51228672,0,51228672,6a942eeb51fb268cf3508ce35d269c80439e4679fd64d6152670806a1d13b84b,0,False
cold,job,prepared,07c,1,1293.0,1501.53704918921,738963456,0,738963456,ea1d6d27f02203c5685bda10c3e3802698af63bdf664dfdf2bea727c6dd5670c,0,False
cold,job,prepared,07c,2,1286.0,1521.3745888322592,740012032,0,740012032,ea1d6d27f02203c5685bda10c3e3802698af63bdf664dfdf2bea727c6dd5670c,0,False
cold,job,prepared,07c,3,1285.0,1492.4314934760332,743157760,0,743157760,ea1d6d27f02203c5685bda10c3e3802698af63bdf664dfdf2bea727c6dd5670c,0,False
cold,job,prepared,08a,1,406.0,606.1645271256566,127987712,0,127987712,82d80bc79518fce643c8cb8b25066d30449435af2260dd5d5130a84a6fbbf710,0,False
cold,job,prepared,08a,2,392.0,660.0245898589492,127430656,0,127430656,82d80bc79518fce643c8cb8b25066d30449435af2260dd5d5130a84a6fbbf710,0,False
cold,job,prepared,08a,3,389.0,587.4830596148968,125861888,0,125861888,82d80bc79518fce643c8cb8b25066d30449435af2260dd5d5130a84a6fbbf710,0,False
cold,job,prepared,08b,1,309.0,512.7400392666459,96501760,0,96501760,18fc8befbe97194bb0dd0938fccaf37f393f6de2218ebde02f13c90e195d8dd0,0,False
cold,job,prepared,08b,2,302.0,544.7959899902344,97288192,0,97288192,18fc8befbe97194bb0dd0938fccaf37f393f6de2218ebde02f13c90e195d8dd0,0,False
cold,job,prepared,08b,3,320.0,521.4580930769444,99385344,0,99385344,18fc8befbe97194bb0dd0938fccaf37f393f6de2218ebde02f13c90e195d8dd0,0,False
cold,job,prepared,08c,1,813.0,1015.9209808334708,92844032,0,92844032,7465829d867dd355db1eccde557ebf271ae12a72c816573a22efe46278831014,0,False
cold,job,prepared,08c,2,816.0,1048.7448442727327,92844032,0,92844032,7465829d867dd355db1eccde557ebf271ae12a72c816573a22efe46278831014,0,False
cold,job,prepared,08c,3,813.0,1017.8571110591292,92844032,0,92844032,7465829d867dd355db1eccde557ebf271ae12a72c816573a22efe46278831014,0,False
cold,job,prepared,08d,1,265.0,464.3851723521948,78884864,0,78884864,30be15026c3210110c0445cfe84716b68d95bfc15fdf5e032a18f40bc001205a,0,False
cold,job,prepared,08d,2,265.0,542.1997178345919,79147008,0,79147008,30be15026c3210110c0445cfe84716b68d95bfc15fdf5e032a18f40bc001205a,0,False
cold,job,prepared,08d,3,264.0,467.314169742167,79147008,0,79147008,30be15026c3210110c0445cfe84716b68d95bfc15fdf5e032a18f40bc001205a,0,False
cold,job,prepared,09a,1,543.0,748.1190683320165,197898240,0,197898240,2d514cc6a3833e1894724993543e6ce79601fd41a1c3863be4b52e6fbb07849d,0,False
cold,job,prepared,09a,2,543.0,758.1281457096338,198422528,0,198422528,2d514cc6a3833e1894724993543e6ce79601fd41a1c3863be4b52e6fbb07849d,0,False
cold,job,prepared,09a,3,560.0,766.968316398561,197898240,0,197898240,2d514cc6a3833e1894724993543e6ce79601fd41a1c3863be4b52e6fbb07849d,0,False
cold,job,prepared,09b,1,533.0,736.416433006525,162246656,0,162246656,edf89578cbaedd8aef3f84b6a08b2ec20528f53f87d3951a7786bc8a20366c62,0,False
cold,job,prepared,09b,2,487.0,730.383588001132,161755136,0,161755136,edf89578cbaedd8aef3f84b6a08b2ec20528f53f87d3951a7786bc8a20366c62,0,False
cold,job,prepared,09b,3,494.0,700.5438599735498,162279424,0,162279424,edf89578cbaedd8aef3f84b6a08b2ec20528f53f87d3951a7786bc8a20366c62,0,False
cold,job,prepared,09c,1,649.0,852.3946385830641,197505024,0,197505024,dda7dae742f7fc0d1fb9bfc4609eee02da0dbca4760c238b79e66bea0ae1f058,0,False
cold,job,prepared,09c,2,635.0,885.0769847631454,197505024,0,197505024,dda7dae742f7fc0d1fb9bfc4609eee02da0dbca4760c238b79e66bea0ae1f058,0,False
cold,job,prepared,09c,3,628.0,829.5494383201003,197505024,0,197505024,dda7dae742f7fc0d1fb9bfc4609eee02da0dbca4760c238b79e66bea0ae1f058,0,False
cold,job,prepared,09d,1,846.0,1046.6387309134007,197242880,0,197242880,d63b63c0a973d52de0ee2e3fefab4473a0da6db29ef718b8966a02091acf5790,0,False
cold,job,prepared,09d,2,849.0,1084.5696618780494,197242880,0,197242880,d63b63c0a973d52de0ee2e3fefab4473a0da6db29ef718b8966a02091acf5790,0,False
cold,job,prepared,09d,3,847.0,1053.5106658935547,197242880,0,197242880,d63b63c0a973d52de0ee2e3fefab4473a0da6db29ef718b8966a02091acf5790,0,False
cold,job,prepared,10a,1,655.0,855.339128524065,205258752,0,205258752,f2420b69488a1f88d1fc4ce7e4377bdcc29a9d80a23f0f4c6d652867187b4273,0,False
cold,job,prepared,10a,2,649.0,864.1030518338084,205357056,0,205357056,f2420b69488a1f88d1fc4ce7e4377bdcc29a9d80a23f0f4c6d652867187b4273,0,False
cold,job,prepared,10a,3,634.0,835.0167768076062,205520896,0,205520896,f2420b69488a1f88d1fc4ce7e4377bdcc29a9d80a23f0f4c6d652867187b4273,0,False
cold,job,prepared,10b,1,358.0,555.1291881129146,54099968,0,54099968,c8833f4b90af0029c8e3899bd120360cb70a0771d4a3ca840e2a2cd697e07a33,0,False
cold,job,prepared,10b,2,365.0,602.2459184750915,54099968,0,54099968,c8833f4b90af0029c8e3899bd120360cb70a0771d4a3ca840e2a2cd697e07a33,0,False
cold,job,prepared,10b,3,357.0,553.4318098798394,54099968,0,54099968,c8833f4b90af0029c8e3899bd120360cb70a0771d4a3ca840e2a2cd697e07a33,0,False
cold,job,prepared,10c,1,1357.0,1561.6279495880008,272400384,0,272400384,64bec1355ab6fa5d48fd78d86f0a54536c63a290f48b0c34b236b1ab6679b9d9,0,False
cold,job,prepared,10c,2,1315.0,1524.1888538002968,263028736,0,263028736,64bec1355ab6fa5d48fd78d86f0a54536c63a290f48b0c34b236b1ab6679b9d9,0,False
cold,job,prepared,10c,3,1365.0,1577.1726416423917,324894720,0,324894720,64bec1355ab6fa5d48fd78d86f0a54536c63a290f48b0c34b236b1ab6679b9d9,0,False
cold,job,prepared,11a,1,45.0,238.8267545029521,15302656,0,15302656,75aef14b7b200510998732f66bf24b5eb353a77d15b16d358bff021a433c32ad,0,False
cold,job,prepared,11a,2,43.0,240.06539769470692,15040512,0,15040512,75aef14b7b200510998732f66bf24b5eb353a77d15b16d358bff021a433c32ad,0,False
cold,job,prepared,11a,3,42.0,239.1293691471219,15040512,0,15040512,75aef14b7b200510998732f66bf24b5eb353a77d15b16d358bff021a433c32ad,0,False
cold,job,prepared,11b,1,183.0,379.07853350043297,48594944,0,48594944,fcae141de9c9e5fa0f5988e485096c9c00b1640e64fffdfeaa2a7c84c5bde5f6,0,False
cold,job,prepared,11b,2,181.0,373.37765004485846,48594944,0,48594944,fcae141de9c9e5fa0f5988e485096c9c00b1640e64fffdfeaa2a7c84c5bde5f6,0,False
cold,job,prepared,11b,3,178.0,381.9869766011834,49119232,0,49119232,fcae141de9c9e5fa0f5988e485096c9c00b1640e64fffdfeaa2a7c84c5bde5f6,0,False
cold,job,prepared,11c,1,65.0,259.8434016108513,18710528,0,18710528,13579a62e4c5df28771ad00eb6fb65c4f1e9d372b2abbb37fb8dd637b81ee964,0,False
cold,job,prepared,11c,2,66.0,261.9572635740042,18710528,0,18710528,13579a62e4c5df28771ad00eb6fb65c4f1e9d372b2abbb37fb8dd637b81ee964,0,False
cold,job,prepared,11c,3,64.0,259.8458155989647,18710528,0,18710528,13579a62e4c5df28771ad00eb6fb65c4f1e9d372b2abbb37fb8dd637b81ee964,0,False
cold,job,prepared,11d,1,56.0,249.12444688379765,16089088,0,16089088,765a32eeb9d4b8a1e5ddb591407860e7fe93f4d1918d3b1a0f6a3c66fe2e858a,0,False
cold,job,prepared,11d,2,47.0,239.68649934977293,14778368,0,14778368,765a32eeb9d4b8a1e5ddb591407860e7fe93f4d1918d3b1a0f6a3c66fe2e858a,0,False
cold,job,prepared,11d,3,50.0,243.80295164883137,14778368,0,14778368,765a32eeb9d4b8a1e5ddb591407860e7fe93f4d1918d3b1a0f6a3c66fe2e858a,0,False
cold,job,prepared,12a,1,171.0,367.0743787661195,67993600,0,67993600,02c6bcaa6a3333b31881aaacd682070a6fc21572445569086b5e2aab06ca69cf,0,False
cold,job,prepared,12a,2,172.0,385.7729956507683,68255744,0,68255744,02c6bcaa6a3333b31881aaacd682070a6fc21572445569086b5e2aab06ca69cf,0,False
cold,job,prepared,12a,3,170.0,367.74598713964224,68255744,0,68255744,02c6bcaa6a3333b31881aaacd682070a6fc21572445569086b5e2aab06ca69cf,0,False
cold,job,prepared,12b,1,64.0,259.18460078537464,22413312,0,22413312,75049d679134f8dadd2fcb4dd808286ffde11e0cd485eab3f05ede5fe04ba3e9,0,False
cold,job,prepared,12b,2,57.0,255.72466850280762,20545536,0,20545536,75049d679134f8dadd2fcb4dd808286ffde11e0cd485eab3f05ede5fe04ba3e9,0,False
cold,job,prepared,12b,3,57.0,254.61679697036743,21069824,0,21069824,75049d679134f8dadd2fcb4dd808286ffde11e0cd485eab3f05ede5fe04ba3e9,0,False
cold,job,prepared,12c,1,198.0,395.72659507393837,68255744,0,68255744,61c1ba0c98c3c0a6c9ce5f81482b81183a9352a065a407e62323a315acc5c9c4,0,False
cold,job,prepared,12c,2,193.0,390.2976615354419,67993600,0,67993600,61c1ba0c98c3c0a6c9ce5f81482b81183a9352a065a407e62323a315acc5c9c4,0,False
cold,job,prepared,12c,3,191.0,397.5412817671895,68255744,0,68255744,61c1ba0c98c3c0a6c9ce5f81482b81183a9352a065a407e62323a315acc5c9c4,0,False
cold,job,prepared,13a,1,158.0,362.7139125019312,58556416,0,58556416,b7c682bf7a69cc780c482fe1f4cd19a65f7a24b616c366483521e8ca4362fe3f,0,False
cold,job,prepared,13a,2,157.0,351.9000140950084,58556416,0,58556416,b7c682bf7a69cc780c482fe1f4cd19a65f7a24b616c366483521e8ca4362fe3f,0,False
cold,job,prepared,13a,3,158.0,359.9744914099574,58294272,0,58294272,b7c682bf7a69cc780c482fe1f4cd19a65f7a24b616c366483521e8ca4362fe3f,0,False
cold,job,prepared,13b,1,174.0,372.7219458669424,44400640,0,44400640,c564e4ae333be542642c853c5b2d8ba6571ca6f72736d6eee61b7c82162343cf,0,False
cold,job,prepared,13b,2,175.0,373.1322204694152,45711360,0,45711360,c564e4ae333be542642c853c5b2d8ba6571ca6f72736d6eee61b7c82162343cf,0,False
cold,job,prepared,13b,3,171.0,367.32659209519625,44662784,0,44662784,c564e4ae333be542642c853c5b2d8ba6571ca6f72736d6eee61b7c82162343cf,0,False
cold,job,prepared,13c,1,117.0,314.9961857125163,34439168,0,34439168,afdff1d06f6c699a12638dac25850eb84e981ea0edd8098770d7bee393a8237b,0,False
cold,job,prepared,13c,2,121.0,320.4915663227439,35749888,0,35749888,afdff1d06f6c699a12638dac25850eb84e981ea0edd8098770d7bee393a8237b,0,False
cold,job,prepared,13c,3,118.0,315.7447325065732,34701312,0,34701312,afdff1d06f6c699a12638dac25850eb84e981ea0edd8098770d7bee393a8237b,0,False
cold,job,prepared,13d,1,217.0,412.7380959689617,47316992,0,47316992,6dc3ecd52a645ca986b1c68a4a01a9e18efdf4146ed0da1d55adeaac2bd23dc3,0,False
cold,job,prepared,13d,2,220.0,423.157949000597,48365568,0,48365568,6dc3ecd52a645ca986b1c68a4a01a9e18efdf4146ed0da1d55adeaac2bd23dc3,0,False
cold,job,prepared,13d,3,218.0,416.8087774887681,48103424,0,48103424,6dc3ecd52a645ca986b1c68a4a01a9e18efdf4146ed0da1d55adeaac2bd23dc3,0,False
cold,job,prepared,14a,1,139.0,336.6440078243613,50429952,0,50429952,2c66657ce156258fe44f31397c940d51d9ccf529d3c970d1697af21e272246b8,0,False
cold,job,prepared,14a,2,142.0,338.6214254423976,49414144,0,49414144,2c66657ce156258fe44f31397c940d51d9ccf529d3c970d1697af21e272246b8,0,False
cold,job,prepared,14a,3,138.0,337.6906467601657,50397184,0,50397184,2c66657ce156258fe44f31397c940d51d9ccf529d3c970d1697af21e272246b8,0,False
cold,job,prepared,14b,1,130.0,328.81740015000105,40763392,0,40763392,3166468f404e5eafe69cb2483a06d1a5c6fb80e1c21de5391b0ccdafcd854adb,0,False
cold,job,prepared,14b,2,130.0,344.41281761974096,40271872,0,40271872,3166468f404e5eafe69cb2483a06d1a5c6fb80e1c21de5391b0ccdafcd854adb,0,False
cold,job,prepared,14b,3,134.0,334.73501820117235,41582592,0,41582592,3166468f404e5eafe69cb2483a06d1a5c6fb80e1c21de5391b0ccdafcd854adb,0,False
cold,job,prepared,14c,1,192.0,395.27500327676535,72187904,0,72187904,2c66657ce156258fe44f31397c940d51d9ccf529d3c970d1697af21e272246b8,0,False
cold,job,prepared,14c,2,186.0,384.7639970481396,71958528,0,71958528,2c66657ce156258fe44f31397c940d51d9ccf529d3c970d1697af21e272246b8,0,False
cold,job,prepared,14c,3,180.0,378.781720995903,72450048,0,72450048,2c66657ce156258fe44f31397c940d51d9ccf529d3c970d1697af21e272246b8,0,False
cold,job,prepared,15a,1,438.0,634.5128994435072,160366592,0,160366592,f6485a645d13c274907f4443b97500b9116d3d5383a594bba4ad8ddd83248358,0,False
cold,job,prepared,15a,2,457.0,658.5548305884004,178946048,0,178946048,f6485a645d13c274907f4443b97500b9116d3d5383a594bba4ad8ddd83248358,0,False
cold,job,prepared,15a,3,440.0,639.5635055378079,181600256,0,181600256,f6485a645d13c274907f4443b97500b9116d3d5383a594bba4ad8ddd83248358,0,False
cold,job,prepared,15b,1,210.0,413.83613273501396,73990144,0,73990144,5e79daf7a3d7c64aba2fa23d8cceebdecd74606e680509dc349bd07b49d47104,0,False
cold,job,prepared,15b,2,224.0,418.22793055325747,72679424,0,72679424,5e79daf7a3d7c64aba2fa23d8cceebdecd74606e680509dc349bd07b49d47104,0,False
cold,job,prepared,15b,3,449.0,651.5479041263461,178880512,0,178880512,5e79daf7a3d7c64aba2fa23d8cceebdecd74606e680509dc349bd07b49d47104,0,False
cold,job,prepared,15c,1,371.0,569.410840049386,102825984,0,102825984,883f58a0f34091fd3c2bb5971c6c8bcb69f9e7466c9f0b62088e42e16eb1816a,0,False
cold,job,prepared,15c,2,377.0,576.4385322108865,105185280,0,105185280,883f58a0f34091fd3c2bb5971c6c8bcb69f9e7466c9f0b62088e42e16eb1816a,0,False
cold,job,prepared,15c,3,374.0,571.8748942017555,107020288,0,107020288,883f58a0f34091fd3c2bb5971c6c8bcb69f9e7466c9f0b62088e42e16eb1816a,0,False
cold,job,prepared,15d,1,271.0,475.49749352037907,94470144,0,94470144,16c2aeb5e00e4a6aa35b7e486776c3eee7e34cc94c947bbcf0a93921fa8aa6ba,0,False
cold,job,prepared,15d,2,278.0,478.0375873669982,95256576,0,95256576,16c2aeb5e00e4a6aa35b7e486776c3eee7e34cc94c947bbcf0a93921fa8aa6ba,0,False
cold,job,prepared,15d,3,276.0,479.1696211323142,95256576,0,95256576,16c2aeb5e00e4a6aa35b7e486776c3eee7e34cc94c947bbcf0a93921fa8aa6ba,0,False
cold,job,prepared,16a,1,563.0,763.5069051757455,224702464,0,224702464,0c45a9e7b66310b6b11be784beb30c75f4c8eed8661a90cf963d2e4091a7d1c8,0,False
cold,job,prepared,16a,2,558.0,759.7324317321181,224702464,0,224702464,0c45a9e7b66310b6b11be784beb30c75f4c8eed8661a90cf963d2e4091a7d1c8,0,False
cold,job,prepared,16a,3,553.0,756.0900840908289,224702464,0,224702464,0c45a9e7b66310b6b11be784beb30c75f4c8eed8661a90cf963d2e4091a7d1c8,0,False
cold,job,prepared,16b,1,1361.0,1563.5845819488168,255799296,0,255799296,9e2a1c07b046e60cf708259c9243e3fd9632bc8c6f48d9ea589c868f38d28ed7,0,False
cold,job,prepared,16b,2,1372.0,1579.5504683628678,255799296,0,255799296,9e2a1c07b046e60cf708259c9243e3fd9632bc8c6f48d9ea589c868f38d28ed7,0,False
cold,job,prepared,16b,3,1369.0,1572.2565799951553,255799296,0,255799296,9e2a1c07b046e60cf708259c9243e3fd9632bc8c6f48d9ea589c868f38d28ed7,0,False
cold,job,prepared,16c,1,684.0,888.1254065781832,239382528,0,239382528,d0bee8e7de4d68c979f73590c12e8b02a85f2c755a10b3c309488e6dcbfe5740,0,False
cold,job,prepared,16c,2,667.0,865.9381922334433,239382528,0,239382528,d0bee8e7de4d68c979f73590c12e8b02a85f2c755a10b3c309488e6dcbfe5740,0,False
cold,job,prepared,16c,3,653.0,851.5969663858414,239382528,0,239382528,d0bee8e7de4d68c979f73590c12e8b02a85f2c755a10b3c309488e6dcbfe5740,0,False
cold,job,prepared,16d,1,670.0,872.6528426632285,239382528,0,239382528,d0bee8e7de4d68c979f73590c12e8b02a85f2c755a10b3c309488e6dcbfe5740,0,False
cold,job,prepared,16d,2,653.0,851.6140272840858,239382528,0,239382528,d0bee8e7de4d68c979f73590c12e8b02a85f2c755a10b3c309488e6dcbfe5740,0,False
cold,job,prepared,16d,3,643.0,845.6227984279394,239382528,0,239382528,d0bee8e7de4d68c979f73590c12e8b02a85f2c755a10b3c309488e6dcbfe5740,0,False
cold,job,prepared,17a,1,366.0,565.4672291129827,108331008,0,108331008,7fe9c0a6b11f6430f4ae93ba9c5ff48bb030edbb92563715b7c0e707ae2ed161,0,False
cold,job,prepared,17a,2,378.0,576.0785415768623,110690304,0,110690304,7fe9c0a6b11f6430f4ae93ba9c5ff48bb030edbb92563715b7c0e707ae2ed161,0,False
cold,job,prepared,17a,3,382.0,581.2639640644193,115146752,0,115146752,7fe9c0a6b11f6430f4ae93ba9c5ff48bb030edbb92563715b7c0e707ae2ed161,0,False
cold,job,prepared,17b,1,348.0,551.6922594979405,115113984,0,115113984,15d568773ef08f416db819a9a7c2d9a3ea64f7dfe14dd59cb79c3e498a901950,0,False
cold,job,prepared,17b,2,348.0,552.204854786396,114851840,0,114851840,15d568773ef08f416db819a9a7c2d9a3ea64f7dfe14dd59cb79c3e498a901950,0,False
cold,job,prepared,17b,3,356.0,555.8826113119721,115376128,0,115376128,15d568773ef08f416db819a9a7c2d9a3ea64f7dfe14dd59cb79c3e498a901950,0,False
cold,job,prepared,17c,1,337.0,537.5119615346193,116948992,0,116948992,0a884c1a69183318c60d10407f267ae08c3224cb8fcaf81101e8395da797fb76,0,False
cold,job,prepared,17c,2,332.0,530.3394598886371,114065408,0,114065408,0a884c1a69183318c60d10407f267ae08c3224cb8fcaf81101e8395da797fb76,0,False
cold,job,prepared,17c,3,341.0,541.9677859172225,113803264,0,113803264,0a884c1a69183318c60d10407f267ae08c3224cb8fcaf81101e8395da797fb76,0,False
cold,job,prepared,17d,1,682.0,879.7251842916012,251887616,0,251887616,3fdb8c95209ce2ebb49425ec504bd23dc223cf3d516119bccf006b60f0c2f681,0,False
cold,job,prepared,17d,2,679.0,877.8521474450827,252149760,0,252149760,3fdb8c95209ce2ebb49425ec504bd23dc223cf3d516119bccf006b60f0c2f681,0,False
cold,job,prepared,17d,3,680.0,884.7919031977654,251625472,0,251625472,3fdb8c95209ce2ebb49425ec504bd23dc223cf3d516119bccf006b60f0c2f681,0,False
cold,job,prepared,17e,1,864.0,1068.5755126178265,252248064,0,252248064,a2ee465ab850ed008e06898aea4f520f80721dc49d77bee2fbd9642414dc8d32,0,False
cold,job,prepared,17e,2,867.0,1069.901904091239,252510208,0,252510208,a2ee465ab850ed008e06898aea4f520f80721dc49d77bee2fbd9642414dc8d32,0,False
cold,job,prepared,17e,3,863.0,1095.1558277010918,252510208,0,252510208,a2ee465ab850ed008e06898aea4f520f80721dc49d77bee2fbd9642414dc8d32,0,False
cold,job,prepared,17f,1,933.0,1133.4013491868973,251887616,0,251887616,e557f8ea5a5ba7f51aa243f64a576a3a30208bb63763efa120b8a428ee987bce,0,False
cold,job,prepared,17f,2,927.0,1130.5122347548604,251658240,0,251658240,e557f8ea5a5ba7f51aa243f64a576a3a30208bb63763efa120b8a428ee987bce,0,False
cold,job,prepared,17f,3,927.0,1130.2517335861921,251625472,0,251625472,e557f8ea5a5ba7f51aa243f64a576a3a30208bb63763efa120b8a428ee987bce,0,False
cold,job,prepared,18a,1,819.0,1023.8865278661251,294846464,0,294846464,d21acd2aa56a5d8370777029957408dee7173b82774191d7ddd090d823de8a9d,0,False
cold,job,prepared,18a,2,797.0,999.3940470740199,294584320,0,294584320,d21acd2aa56a5d8370777029957408dee7173b82774191d7ddd090d823de8a9d,0,False
cold,job,prepared,18a,3,801.0,1003.9484295994043,294322176,0,294322176,d21acd2aa56a5d8370777029957408dee7173b82774191d7ddd090d823de8a9d,0,False
cold,job,prepared,18b,1,883.0,1087.3021995648742,319127552,0,319127552,5af7d07710dab90620e41e6d23846eaf69924560681748a3e0b9ad6daeea763b,0,False
cold,job,prepared,18b,2,877.0,1082.6636906713247,319389696,0,319389696,5af7d07710dab90620e41e6d23846eaf69924560681748a3e0b9ad6daeea763b,0,False
cold,job,prepared,18b,3,866.0,1066.2645837292075,319913984,0,319913984,5af7d07710dab90620e41e6d23846eaf69924560681748a3e0b9ad6daeea763b,0,False
cold,job,prepared,18c,1,1180.0,1387.5121464952826,328040448,0,328040448,0cd2afcf0fee2a3719202e03505115ac80013017a45bb0e841defa6908280df4,0,False
cold,job,prepared,18c,2,1147.0,1350.8346257731318,328040448,0,328040448,0cd2afcf0fee2a3719202e03505115ac80013017a45bb0e841defa6908280df4,0,False
cold,job,prepared,18c,3,1171.0,1376.765144057572,328040448,0,328040448,0cd2afcf0fee2a3719202e03505115ac80013017a45bb0e841defa6908280df4,0,False
cold,job,prepared,19a,1,512.0,713.0656074732542,192610304,0,192610304,1ae5f1fccd9725d8e9d1d2060c5603cc7cf7115143520ccf703d325148da07dd,0,False
cold,job,prepared,19a,2,468.0,671.2230481207371,166952960,0,166952960,1ae5f1fccd9725d8e9d1d2060c5603cc7cf7115143520ccf703d325148da07dd,0,False
cold,job,prepared,19a,3,488.0,690.1030531153083,171180032,0,171180032,1ae5f1fccd9725d8e9d1d2060c5603cc7cf7115143520ccf703d325148da07dd,0,False
cold,job,prepared,19b,1,385.0,584.0823752805591,116752384,0,116752384,6e5674983d7c62fbdb68f0b116f6c4311e4c77093a2e8cebac29f771a5d03153,0,False
cold,job,prepared,19b,2,403.0,607.845064252615,120160256,0,120160256,6e5674983d7c62fbdb68f0b116f6c4311e4c77093a2e8cebac29f771a5d03153,0,False
cold,job,prepared,19b,3,435.0,636.7556769400835,130383872,0,130383872,6e5674983d7c62fbdb68f0b116f6c4311e4c77093a2e8cebac29f771a5d03153,0,False
cold,job,prepared,19c,1,660.0,863.5328123345971,213581824,0,213581824,77b8f0442dcb79b47184820142d029c0236f5aa25a1ffd3816ba355499f140b8,0,False
cold,job,prepared,19c,2,711.0,917.515579611063,193921024,0,193921024,77b8f0442dcb79b47184820142d029c0236f5aa25a1ffd3816ba355499f140b8,0,False
cold,job,prepared,19c,3,611.0,815.8164257183671,192086016,0,192086016,77b8f0442dcb79b47184820142d029c0236f5aa25a1ffd3816ba355499f140b8,0,False
cold,job,prepared,19d,1,842.0,1042.865687981248,162988032,0,162988032,4144ae8243c6cb654983fd1c4e6c0dd1d7f2d913f583f4c499207ead79d69b54,0,False
cold,job,prepared,19d,2,842.0,1048.5893953591585,162463744,0,162463744,4144ae8243c6cb654983fd1c4e6c0dd1d7f2d913f583f4c499207ead79d69b54,0,False
cold,job,prepared,19d,3,843.0,1046.9751749187708,162463744,0,162463744,4144ae8243c6cb654983fd1c4e6c0dd1d7f2d913f583f4c499207ead79d69b54,0,False
cold,job,prepared,20a,1,986.0,1186.5534959360957,312934400,0,312934400,c9e65e31a6a24fc26ac9fc3a935f3ddf49bff072795dca0c90dad03e760a19e0,0,False
cold,job,prepared,20a,2,977.0,1182.1920843794942,312705024,0,312705024,c9e65e31a6a24fc26ac9fc3a935f3ddf49bff072795dca0c90dad03e760a19e0,0,False
cold,job,prepared,20a,3,967.0,1169.6347845718265,312967168,0,312967168,c9e65e31a6a24fc26ac9fc3a935f3ddf49bff072795dca0c90dad03e760a19e0,0,False
cold,job,prepared,20b,1,548.0,747.4014824256301,125960192,0,125960192,c826f8325b6868f0a8c323bacb3abd3ae7477c2327ea08b458cb23d71938d9c2,0,False
cold,job,prepared,20b,2,554.0,752.728309482336,127533056,0,127533056,c826f8325b6868f0a8c323bacb3abd3ae7477c2327ea08b458cb23d71938d9c2,0,False
cold,job,prepared,20b,3,561.0,761.3676311448216,126222336,0,126222336,c826f8325b6868f0a8c323bacb3abd3ae7477c2327ea08b458cb23d71938d9c2,0,False
cold,job,prepared,20c,1,1054.0,1256.6674798727036,353107968,0,353107968,f47dd0ede140b6bd1dbb11728a938bd7a90e0d809bca65638635da44e14c32da,0,False
cold,job,prepared,20c,2,1058.0,1259.5664355903864,353894400,0,353894400,f47dd0ede140b6bd1dbb11728a938bd7a90e0d809bca65638635da44e14c32da,0,False
cold,job,prepared,20c,3,1053.0,1255.1089730113745,353140736,0,353140736,f47dd0ede140b6bd1dbb11728a938bd7a90e0d809bca65638635da44e14c32da,0,False
cold,job,prepared,21a,1,116.0,317.13423877954483,47542272,0,47542272,b220b434b6646e98101048b3ea2ad64da2f3485fd18cf1c1f83239c47494a1b3,0,False
cold,job,prepared,21a,2,112.0,313.7021781876683,46755840,0,46755840,b220b434b6646e98101048b3ea2ad64da2f3485fd18cf1c1f83239c47494a1b3,0,False
cold,job,prepared,21a,3,111.0,308.48396848887205,47280128,0,47280128,b220b434b6646e98101048b3ea2ad64da2f3485fd18cf1c1f83239c47494a1b3,0,False
cold,job,prepared,21b,1,94.0,294.819213449955,31817728,0,31817728,6fdabe24b063c3e05d3efffaecfdb8b7b4a1291947821a3285f3aa05934a0ea8,0,False
cold,job,prepared,21b,2,95.0,288.1820425391197,31555584,0,31555584,6fdabe24b063c3e05d3efffaecfdb8b7b4a1291947821a3285f3aa05934a0ea8,0,False
cold,job,prepared,21b,3,94.0,295.6847632303834,31555584,0,31555584,6fdabe24b063c3e05d3efffaecfdb8b7b4a1291947821a3285f3aa05934a0ea8,0,False
cold,job,prepared,21c,1,116.0,313.55774588882923,48066560,0,48066560,75aef14b7b200510998732f66bf24b5eb353a77d15b16d358bff021a433c32ad,0,False
cold,job,prepared,21c,2,117.0,349.5391868054867,48066560,0,48066560,75aef14b7b200510998732f66bf24b5eb353a77d15b16d358bff021a433c32ad,0,False
cold,job,prepared,21c,3,117.0,315.9324238076806,48066560,0,48066560,75aef14b7b200510998732f66bf24b5eb353a77d15b16d358bff021a433c32ad,0,False
cold,job,prepared,22a,1,289.0,485.6857378035784,97419264,0,97419264,49d165dc0eee66dd596a6c56a9654c307563385e859a8174e8214a4eb79829f5,0,False
cold,job,prepared,22a,2,277.0,478.0797688290477,97386496,0,97386496,49d165dc0eee66dd596a6c56a9654c307563385e859a8174e8214a4eb79829f5,0,False
cold,job,prepared,22a,3,269.0,468.9266895875335,97386496,0,97386496,49d165dc0eee66dd596a6c56a9654c307563385e859a8174e8214a4eb79829f5,0,False
cold,job,prepared,22b,1,260.0,463.8992650434375,95289344,0,95289344,c2cf5802dc659bfe123d02dbc80870fc22abf7a3dd789966592efd2a0189223b,0,False
cold,job,prepared,22b,2,299.0,499.5998749509454,95256576,0,95256576,c2cf5802dc659bfe123d02dbc80870fc22abf7a3dd789966592efd2a0189223b,0,False
cold,job,prepared,22b,3,273.0,473.11031352728605,95518720,0,95518720,c2cf5802dc659bfe123d02dbc80870fc22abf7a3dd789966592efd2a0189223b,0,False
cold,job,prepared,22c,1,290.0,488.34939394146204,97386496,0,97386496,ec582ce64fb40f07ac072ab1c979fe8fad6bfd0b711dee98405d16c93c5388bf,0,False
cold,job,prepared,22c,2,293.0,494.9266714975238,97910784,0,97910784,ec582ce64fb40f07ac072ab1c979fe8fad6bfd0b711dee98405d16c93c5388bf,0,False
cold,job,prepared,22c,3,305.0,505.7734092697501,97157120,0,97157120,ec582ce64fb40f07ac072ab1c979fe8fad6bfd0b711dee98405d16c93c5388bf,0,False
cold,job,prepared,22d,1,242.0,443.08455288410187,89194496,0,89194496,e53f77190a8d5cc94dc638c6a152324366e9c8775ba34c4ab45d8273097141e1,0,False
cold,job,prepared,22d,2,253.0,459.7031185403466,88997888,0,88997888,e53f77190a8d5cc94dc638c6a152324366e9c8775ba34c4ab45d8273097141e1,0,False
cold,job,prepared,22d,3,249.0,452.4862878024578,88997888,0,88997888,e53f77190a8d5cc94dc638c6a152324366e9c8775ba34c4ab45d8273097141e1,0,False
cold,job,prepared,23a,1,384.0,582.0111418142915,113868800,0,113868800,1638adb7b1e5c1c3fae7cd491d58a339abd218fb0de4747342bc9f4725340967,0,False
cold,job,prepared,23a,2,322.0,518.2683644816279,66191360,0,66191360,1638adb7b1e5c1c3fae7cd491d58a339abd218fb0de4747342bc9f4725340967,0,False
cold,job,prepared,23a,3,381.0,579.1235500946641,126222336,0,126222336,1638adb7b1e5c1c3fae7cd491d58a339abd218fb0de4747342bc9f4725340967,0,False
cold,job,prepared,23b,1,285.0,486.0662668943405,65142784,0,65142784,de0d7c792d956183c4a59443ab2d175cb2efd27b44eaac44274afc65b1ee3ada,0,False
cold,job,prepared,23b,2,381.0,582.8493162989616,146374656,0,146374656,de0d7c792d956183c4a59443ab2d175cb2efd27b44eaac44274afc65b1ee3ada,0,False
cold,job,prepared,23b,3,296.0,497.33394384384155,67239936,0,67239936,de0d7c792d956183c4a59443ab2d175cb2efd27b44eaac44274afc65b1ee3ada,0,False
cold,job,prepared,23c,1,330.0,532.551871612668,69566464,0,69566464,e10fab510282ed90b22716dccfbc19163745b966d49507296786897392685fb6,0,False
cold,job,prepared,23c,2,316.0,514.606200158596,67731456,0,67731456,e10fab510282ed90b22716dccfbc19163745b966d49507296786897392685fb6,0,False
cold,job,prepared,23c,3,321.0,518.9203256741166,67469312,0,67469312,e10fab510282ed90b22716dccfbc19163745b966d49507296786897392685fb6,0,False
cold,job,prepared,24a,1,676.0,879.7183809801936,246382592,0,246382592,30e1ca86921ccc8248427e9ed99656518436b8c5490b535dd6d34cab98aaf5e7,0,False
cold,job,prepared,24a,2,721.0,924.282731488347,289112064,0,289112064,30e1ca86921ccc8248427e9ed99656518436b8c5490b535dd6d34cab98aaf5e7,0,False
cold,job,prepared,24a,3,686.0,906.4050056040287,264208384,0,264208384,30e1ca86921ccc8248427e9ed99656518436b8c5490b535dd6d34cab98aaf5e7,0,False
cold,job,prepared,24b,1,487.0,690.4123509302735,159252480,0,159252480,767718d918d9b17aeb7d1b87efbdcedc6b4f6b60133ef3e448e7cf4597b23881,0,False
cold,job,prepared,24b,2,550.0,760.9686991199851,167608320,0,167608320,767718d918d9b17aeb7d1b87efbdcedc6b4f6b60133ef3e448e7cf4597b23881,0,False
cold,job,prepared,24b,3,498.0,709.6137888729572,163938304,0,163938304,767718d918d9b17aeb7d1b87efbdcedc6b4f6b60133ef3e448e7cf4597b23881,0,False
cold,job,prepared,25a,1,1097.0,1297.8427857160568,345079808,0,345079808,d21eaf7ef62fa4e701443b6a2cdc1fe0e176dd5453d5d3ed0bfc40ec5e01b56b,0,False
cold,job,prepared,25a,2,1094.0,1298.4203360974789,344817664,0,344817664,d21eaf7ef62fa4e701443b6a2cdc1fe0e176dd5453d5d3ed0bfc40ec5e01b56b,0,False
cold,job,prepared,25a,3,1096.0,1298.634517006576,344817664,0,344817664,d21eaf7ef62fa4e701443b6a2cdc1fe0e176dd5453d5d3ed0bfc40ec5e01b56b,0,False
cold,job,prepared,25b,1,604.0,807.222574017942,237961216,0,237961216,b26c073dc32fce2cb85546b60c8510a32d46c536bcfb2a9e27b0ebbabfbd81fa,0,False
cold,job,prepared,25b,2,606.0,805.3664956241846,240582656,0,240582656,b26c073dc32fce2cb85546b60c8510a32d46c536bcfb2a9e27b0ebbabfbd81fa,0,False
cold,job,prepared,25b,3,607.0,810.0411640480161,241631232,0,241631232,b26c073dc32fce2cb85546b60c8510a32d46c536bcfb2a9e27b0ebbabfbd81fa,0,False
cold,job,prepared,25c,1,1187.0,1419.2337170243263,359235584,0,359235584,956e59b9c5855bea01d2ef1a35073ad2635bb94698b44a53b98dd8c92f141848,0,False
cold,job,prepared,25c,2,1173.0,1381.8470994010568,358973440,0,358973440,956e59b9c5855bea01d2ef1a35073ad2635bb94698b44a53b98dd8c92f141848,0,False
cold,job,prepared,25c,3,1174.0,1383.0135986208916,358973440,0,358973440,956e59b9c5855bea01d2ef1a35073ad2635bb94698b44a53b98dd8c92f141848,0,False
cold,job,prepared,26a,1,1063.0,1325.4564078524709,360972288,0,360972288,7f8a02b86273b236f5bb9ba9ac9bae28e25cef4e624a61bc9f8c15e52a14b705,0,False
cold,job,prepared,26a,2,1051.0,1257.509551011026,360972288,0,360972288,7f8a02b86273b236f5bb9ba9ac9bae28e25cef4e624a61bc9f8c15e52a14b705,0,False
cold,job,prepared,26a,3,1053.0,1255.7211685925722,360972288,0,360972288,7f8a02b86273b236f5bb9ba9ac9bae28e25cef4e624a61bc9f8c15e52a14b705,0,False
cold,job,prepared,26b,1,925.0,1163.0069566890597,298876928,0,298876928,7c669de000f60c5ac1b3091bf9ed3a0b3323e57f16d776a5f4517c264be99a5a,0,False
cold,job,prepared,26b,2,914.0,1116.4208501577377,298385408,0,298385408,7c669de000f60c5ac1b3091bf9ed3a0b3323e57f16d776a5f4517c264be99a5a,0,False
cold,job,prepared,26b,3,914.0,1117.1174319460988,298876928,0,298876928,7c669de000f60c5ac1b3091bf9ed3a0b3323e57f16d776a5f4517c264be99a5a,0,False
cold,job,prepared,26c,1,1025.0,1310.2187467738986,319782912,0,319782912,22b8c3533187d30ccb3d865e9faecd1464f965a1ff32abf4e62fb941bf8346c8,0,False
cold,job,prepared,26c,2,1006.9999999999999,1212.1169036254287,319520768,0,319520768,22b8c3533187d30ccb3d865e9faecd1464f965a1ff32abf4e62fb941bf8346c8,0,False
cold,job,prepared,26c,3,1002.0,1203.691783361137,320012288,0,320012288,22b8c3533187d30ccb3d865e9faecd1464f965a1ff32abf4e62fb941bf8346c8,0,False
cold,job,prepared,27a,1,104.0,362.61314433068037,36270080,0,36270080,ea776b4cb43066a5ee13ee751c614973becdcd37d77ccf979558e12219b8c8ca,0,False
cold,job,prepared,27a,2,99.0,299.05377607792616,36270080,0,36270080,ea776b4cb43066a5ee13ee751c614973becdcd37d77ccf979558e12219b8c8ca,0,False
cold,job,prepared,27a,3,100.0,330.09914495050907,36270080,0,36270080,ea776b4cb43066a5ee13ee751c614973becdcd37d77ccf979558e12219b8c8ca,0,False
cold,job,prepared,27b,1,94.0,303.1182875856757,33124352,0,33124352,2830e9f1def171e0a695b76715594bd362de67d5bba65e8ba8cf250400b716fe,0,False
cold,job,prepared,27b,2,96.0,296.0105137899518,33124352,0,33124352,2830e9f1def171e0a695b76715594bd362de67d5bba65e8ba8cf250400b716fe,0,False
cold,job,prepared,27b,3,95.0,290.35581555217505,33910784,0,33910784,2830e9f1def171e0a695b76715594bd362de67d5bba65e8ba8cf250400b716fe,0,False
cold,job,prepared,27c,1,112.0,359.0372195467353,36270080,0,36270080,ea776b4cb43066a5ee13ee751c614973becdcd37d77ccf979558e12219b8c8ca,0,False
cold,job,prepared,27c,2,103.0,302.34990175813437,36270080,0,36270080,ea776b4cb43066a5ee13ee751c614973becdcd37d77ccf979558e12219b8c8ca,0,False
cold,job,prepared,27c,3,104.0,301.5609309077263,36270080,0,36270080,ea776b4cb43066a5ee13ee751c614973becdcd37d77ccf979558e12219b8c8ca,0,False
cold,job,prepared,28a,1,242.0,474.84779078513384,96108544,0,96108544,f35e15e5ead599b31abf448417f863da86610d3177a787980355ce7404b9206d,0,False
cold,job,prepared,28a,2,246.0,457.9306123778224,96174080,0,96174080,f35e15e5ead599b31abf448417f863da86610d3177a787980355ce7404b9206d,0,False
cold,job,prepared,28a,3,265.0,466.4364727213979,96403456,0,96403456,f35e15e5ead599b31abf448417f863da86610d3177a787980355ce7404b9206d,0,False
cold,job,prepared,28b,1,213.0,481.0555884614587,85094400,0,85094400,834d65c81a3e5f0b36520def841bf2be3131c6e7d132e3719ca307512fda0f14,0,False
cold,job,prepared,28b,2,213.0,414.47432059794664,83787776,0,83787776,834d65c81a3e5f0b36520def841bf2be3131c6e7d132e3719ca307512fda0f14,0,False
cold,job,prepared,28b,3,210.0,407.68435411155224,86441984,0,86441984,834d65c81a3e5f0b36520def841bf2be3131c6e7d132e3719ca307512fda0f14,0,False
cold,job,prepared,28c,1,251.0,453.0608244240284,97353728,0,97353728,f3678553b4c587b6dffa443561fc8a1bbd44a408476201160c0c812b963a0f53,0,False
cold,job,prepared,28c,2,262.0,466.53854474425316,97386496,0,97386496,f3678553b4c587b6dffa443561fc8a1bbd44a408476201160c0c812b963a0f53,0,False
cold,job,prepared,28c,3,266.0,469.2274099215865,97419264,0,97419264,f3678553b4c587b6dffa443561fc8a1bbd44a408476201160c0c812b963a0f53,0,False
cold,job,prepared,29a,1,491.0,722.3055697977543,158695424,0,158695424,512354bf2bc70a0dd2dfc36c81daf6b950b76ab693ed35b4a0c867a43f77368f,0,False
cold,job,prepared,29a,2,519.0,721.4555311948061,164986880,0,164986880,512354bf2bc70a0dd2dfc36c81daf6b950b76ab693ed35b4a0c867a43f77368f,0,False
cold,job,prepared,29a,3,512.0,712.3588360846043,162627584,0,162627584,512354bf2bc70a0dd2dfc36c81daf6b950b76ab693ed35b4a0c867a43f77368f,0,False
cold,job,prepared,29b,1,492.0,699.3755381554365,160006144,0,160006144,512354bf2bc70a0dd2dfc36c81daf6b950b76ab693ed35b4a0c867a43f77368f,0,False
cold,job,prepared,29b,2,494.0,697.3753189668059,161316864,0,161316864,512354bf2bc70a0dd2dfc36c81daf6b950b76ab693ed35b4a0c867a43f77368f,0,False
cold,job,prepared,29b,3,484.0,685.6638137251139,159481856,0,159481856,512354bf2bc70a0dd2dfc36c81daf6b950b76ab693ed35b4a0c867a43f77368f,0,False
cold,job,prepared,29c,1,593.0,796.8396125361323,219115520,0,219115520,99eac0225db341ba2d73204cdbd6fef775fbec98308bc4939ee1ebfad1b38c0b,0,False
cold,job,prepared,29c,2,572.0,783.1286117434502,204402688,0,204402688,99eac0225db341ba2d73204cdbd6fef775fbec98308bc4939ee1ebfad1b38c0b,0,False
cold,job,prepared,29c,3,611.0,819.9113076552749,207810560,0,207810560,99eac0225db341ba2d73204cdbd6fef775fbec98308bc4939ee1ebfad1b38c0b,0,False
cold,job,prepared,30a,1,981.0,1188.1182631477714,362151936,0,362151936,a96523021fefab47fbe2dfbf0141d0a3a300b2a5b78aa2baa14896b37841916e,0,False
cold,job,prepared,30a,2,970.0,1172.8329183533788,361889792,0,361889792,a96523021fefab47fbe2dfbf0141d0a3a300b2a5b78aa2baa14896b37841916e,0,False
cold,job,prepared,30a,3,979.0,1181.5210953354836,361627648,0,361627648,a96523021fefab47fbe2dfbf0141d0a3a300b2a5b78aa2baa14896b37841916e,0,False
cold,job,prepared,30b,1,737.0,946.469321846962,262242304,0,262242304,c7c3c6257fdb2a3ab79d0def5064b051fe6794274560464f3b7e1eb5187ad7c1,0,False
cold,job,prepared,30b,2,730.0,933.9702920988202,262242304,0,262242304,c7c3c6257fdb2a3ab79d0def5064b051fe6794274560464f3b7e1eb5187ad7c1,0,False
cold,job,prepared,30b,3,719.0,922.730715945363,261455872,0,261455872,c7c3c6257fdb2a3ab79d0def5064b051fe6794274560464f3b7e1eb5187ad7c1,0,False
cold,job,prepared,30c,1,1147.0,1367.2391837462783,355074048,0,355074048,167828a045d6cd466177ce1d400a446f3c819d47293c9c70e4bf17465632821a,0,False
cold,job,prepared,30c,2,1144.0,1357.2725411504507,355336192,0,355336192,167828a045d6cd466177ce1d400a446f3c819d47293c9c70e4bf17465632821a,0,False
cold,job,prepared,30c,3,1142.0,1357.6047103852034,355074048,0,355074048,167828a045d6cd466177ce1d400a446f3c819d47293c9c70e4bf17465632821a,0,False
cold,job,prepared,31a,1,981.0,1215.198876336217,365854720,0,365854720,255f84793ebb9cc23de0166fb22b6c11cc0520f038d818f21fa8609dd9669ef7,0,False
cold,job,prepared,31a,2,972.0,1177.0705189555883,365592576,0,365592576,255f84793ebb9cc23de0166fb22b6c11cc0520f038d818f21fa8609dd9669ef7,0,False
cold,job,prepared,31a,3,970.0,1175.1651000231504,365854720,0,365854720,255f84793ebb9cc23de0166fb22b6c11cc0520f038d818f21fa8609dd9669ef7,0,False
cold,job,prepared,31b,1,703.0,950.1339877024293,284557312,0,284557312,4dd25675b042522f24ffb936a21cafbaecf66727118a2dd79079326061f7b3e7,0,False
cold,job,prepared,31b,2,695.0,897.861703298986,284819456,0,284819456,4dd25675b042522f24ffb936a21cafbaecf66727118a2dd79079326061f7b3e7,0,False
cold,job,prepared,31b,3,701.0,904.5079564675689,285868032,0,285868032,4dd25675b042522f24ffb936a21cafbaecf66727118a2dd79079326061f7b3e7,0,False
cold,job,prepared,31c,1,1010.9999999999999,1259.6957916393876,378208256,0,378208256,77d4bd293175101fcd0e3ae1a25b058d7e5663547f4b50493f546e7358c6bd31,0,False
cold,job,prepared,31c,2,1012.9999999999999,1215.9460494294763,377946112,0,377946112,77d4bd293175101fcd0e3ae1a25b058d7e5663547f4b50493f546e7358c6bd31,0,False
cold,job,prepared,31c,3,1008.0,1212.2218031436205,378732544,0,378732544,77d4bd293175101fcd0e3ae1a25b058d7e5663547f4b50493f546e7358c6bd31,0,False
cold,job,prepared,32a,1,11.0,235.60103867202997,4030464,0,4030464,391e9f7cc58a0915e4240408ec8de3e947b3ed1197141757d94613ddcfeb945b,0,False
cold,job,prepared,32a,2,11.0,225.18068365752697,4030464,0,4030464,391e9f7cc58a0915e4240408ec8de3e947b3ed1197141757d94613ddcfeb945b,0,False
cold,job,prepared,32a,3,11.0,207.11657125502825,4030464,0,4030464,391e9f7cc58a0915e4240408ec8de3e947b3ed1197141757d94613ddcfeb945b,0,False
cold,job,prepared,32b,1,84.0,311.32782623171806,42303488,0,42303488,d463c9a0009b055de45f087a75a3b20a09dcc453647a52733898abe173a47680,0,False
cold,job,prepared,32b,2,87.0,290.5731778591871,42303488,0,42303488,d463c9a0009b055de45f087a75a3b20a09dcc453647a52733898abe173a47680,0,False
cold,job,prepared,32b,3,87.0,284.11216009408236,42303488,0,42303488,d463c9a0009b055de45f087a75a3b20a09dcc453647a52733898abe173a47680,0,False
cold,job,prepared,33a,1,97.0,350.8864250034094,29196288,0,29196288,6aebb009f054fda36f3cf13cb2aed940fcf421e3cd58cd2d573e77d1885334b4,0,False
cold,job,prepared,33a,2,89.0,281.95394668728113,28672000,0,28672000,6aebb009f054fda36f3cf13cb2aed940fcf421e3cd58cd2d573e77d1885334b4,0,False
cold,job,prepared,33a,3,92.0,291.1021150648594,27623424,0,27623424,6aebb009f054fda36f3cf13cb2aed940fcf421e3cd58cd2d573e77d1885334b4,0,False
cold,job,prepared,33b,1,96.0,311.8641059845686,27361280,0,27361280,a8b0343c954c029f8a09e06261c0b4c455a65d03729edeb2d6bbb99afedf6805,0,False
cold,job,prepared,33b,2,86.0,287.1182467788458,27066368,0,27066368,a8b0343c954c029f8a09e06261c0b4c455a65d03729edeb2d6bbb99afedf6805,0,False
cold,job,prepared,33b,3,88.0,285.2914370596409,25821184,0,25821184,a8b0343c954c029f8a09e06261c0b4c455a65d03729edeb2d6bbb99afedf6805,0,False
cold,job,prepared,33c,1,102.0,337.56960928440094,31293440,0,31293440,f2339b2fdfeb22ba2188c6ee4f06f939deb73b2b74ce62eaffd55a01dab45b51,0,False
cold,job,prepared,33c,2,102.0,302.09882464259863,32112640,0,32112640,f2339b2fdfeb22ba2188c6ee4f06f939deb73b2b74ce62eaffd55a01dab45b51,0,False
cold,job,prepared,33c,3,101.0,313.86470422148705,33423360,0,33423360,f2339b2fdfeb22ba2188c6ee4f06f939deb73b2b74ce62eaffd55a01dab45b51,0,False
cold,job,instant,01a,1,69.0,147.36020471900702,43089920,0,43089920,e7065e4a0485c309ca7ef6b9ad5bc6488a0410e221b5ff5e851d83b076362e8c,0,False
cold,job,instant,01a,2,72.0,151.71278826892376,43352064,0,43352064,e7065e4a0485c309ca7ef6b9ad5bc6488a0410e221b5ff5e851d83b076362e8c,0,False
cold,job,instant,01a,3,70.0,144.43605113774538,43089920,0,43089920,e7065e4a0485c309ca7ef6b9ad5bc6488a0410e221b5ff5e851d83b076362e8c,0,False
cold,job,instant,01b,1,52.0,127.2168243303895,31817728,0,31817728,63e7ff6ca95db01f980f53019064ef5c05abefce36ddc1ae826606d6700e05a2,0,False
cold,job,instant,01b,2,49.0,119.48934011161327,31817728,0,31817728,63e7ff6ca95db01f980f53019064ef5c05abefce36ddc1ae826606d6700e05a2,0,False
cold,job,instant,01b,3,53.0,125.19082706421614,31817728,0,31817728,63e7ff6ca95db01f980f53019064ef5c05abefce36ddc1ae826606d6700e05a2,0,False
cold,job,instant,01c,1,48.0,121.72024883329868,33652736,0,33652736,562ccb4669a9545591e526e12e48425c9d371b97676786de271ff1916bb00975,0,False
cold,job,instant,01c,2,51.0,125.69620832800865,34177024,0,34177024,562ccb4669a9545591e526e12e48425c9d371b97676786de271ff1916bb00975,0,False
cold,job,instant,01c,3,53.0,131.5896874293685,33914880,0,33914880,562ccb4669a9545591e526e12e48425c9d371b97676786de271ff1916bb00975,0,False
cold,job,instant,01d,1,48.0,122.0138045027852,31817728,0,31817728,ebbff3a0d3dd3460834f75c49960fe41522df58d69c7ebf6d21d53f5d2fbd180,0,False
cold,job,instant,01d,2,50.0,129.7168768942356,31817728,0,31817728,ebbff3a0d3dd3460834f75c49960fe41522df58d69c7ebf6d21d53f5d2fbd180,0,False
cold,job,instant,01d,3,50.0,126.23166106641293,32079872,0,32079872,ebbff3a0d3dd3460834f75c49960fe41522df58d69c7ebf6d21d53f5d2fbd180,0,False
cold,job,instant,02a,1,138.0,215.60701727867126,68812800,0,68812800,bc793ee74323079d529abc8c57a719f8d298e62681f5baa03a3ed35e2ff476e1,0,False
cold,job,instant,02a,2,158.0,233.02167560905218,68812800,0,68812800,bc793ee74323079d529abc8c57a719f8d298e62681f5baa03a3ed35e2ff476e1,0,False
cold,job,instant,02a,3,133.0,206.2155893072486,68550656,0,68550656,bc793ee74323079d529abc8c57a719f8d298e62681f5baa03a3ed35e2ff476e1,0,False
cold,job,instant,02b,1,140.0,217.43095479905605,68812800,0,68812800,bc793ee74323079d529abc8c57a719f8d298e62681f5baa03a3ed35e2ff476e1,0,False
cold,job,instant,02b,2,135.0,212.2276034206152,68812800,0,68812800,bc793ee74323079d529abc8c57a719f8d298e62681f5baa03a3ed35e2ff476e1,0,False
cold,job,instant,02b,3,138.0,214.01793509721756,68812800,0,68812800,bc793ee74323079d529abc8c57a719f8d298e62681f5baa03a3ed35e2ff476e1,0,False
cold,job,instant,02c,1,57.0,131.4686145633459,34209792,0,34209792,21726c10dcf9e11a1bc65ffab39bb4df9a068d87d16f1946d8f54d44860395a5,0,False
cold,job,instant,02c,2,57.0,131.56977389007807,34471936,0,34471936,21726c10dcf9e11a1bc65ffab39bb4df9a068d87d16f1946d8f54d44860395a5,0,False
cold,job,instant,02c,3,53.0,126.46090798079967,34177024,0,34177024,21726c10dcf9e11a1bc65ffab39bb4df9a068d87d16f1946d8f54d44860395a5,0,False
cold,job,instant,02d,1,154.0,230.61475344002247,68812800,0,68812800,ca9731ea3665f8905a44b12a036069283eaf0b70c50ba26bbb0163a08001d6db,0,False
cold,job,instant,02d,2,176.0,255.11451438069344,68812800,0,68812800,ca9731ea3665f8905a44b12a036069283eaf0b70c50ba26bbb0163a08001d6db,0,False
cold,job,instant,02d,3,146.0,224.44766946136951,68812800,0,68812800,ca9731ea3665f8905a44b12a036069283eaf0b70c50ba26bbb0163a08001d6db,0,False
cold,job,instant,03a,1,709.0,791.4861422032118,475660288,0,475660288,153462472e8905ad14fd53ecd85bab8acf031d7da4d8c472a40a3753c918fe9c,0,False
cold,job,instant,03a,2,748.0,823.6099313944578,475660288,0,475660288,153462472e8905ad14fd53ecd85bab8acf031d7da4d8c472a40a3753c918fe9c,0,False
cold,job,instant,03a,3,694.0,771.936715580523,475660288,0,475660288,153462472e8905ad14fd53ecd85bab8acf031d7da4d8c472a40a3753c918fe9c,0,False
cold,job,instant,03b,1,841.0,922.3856003955007,607748096,0,607748096,5823d637688446f6e08446bb34161b73c127c00affc4b476e9b0840a067992ad,0,False
cold,job,instant,03b,2,836.0,914.6568728610873,607748096,0,607748096,5823d637688446f6e08446bb34161b73c127c00affc4b476e9b0840a067992ad,0,False
cold,job,instant,03b,3,820.0,901.7833825200796,607748096,0,607748096,5823d637688446f6e08446bb34161b73c127c00affc4b476e9b0840a067992ad,0,False
cold,job,instant,03c,1,848.0,928.1592508777976,592838656,0,592838656,a712928b5c545c4dd092a8a7bfd6431bb1b54dfa836b7821ff7b5bf8eb89eb8a,0,False
cold,job,instant,03c,2,843.0,926.2095633894205,592838656,0,592838656,a712928b5c545c4dd092a8a7bfd6431bb1b54dfa836b7821ff7b5bf8eb89eb8a,0,False
cold,job,instant,03c,3,836.0,919.3547386676073,592838656,0,592838656,a712928b5c545c4dd092a8a7bfd6431bb1b54dfa836b7821ff7b5bf8eb89eb8a,0,False
cold,job,instant,04a,1,132.0,208.42729229480028,57769984,0,57769984,ddb80bff6eb2aebdc70be08cc145f28a6cb9ea0e18462e8d7b1baa56d4b5d23b,0,False
cold,job,instant,04a,2,124.0,200.99541917443275,57769984,0,57769984,ddb80bff6eb2aebdc70be08cc145f28a6cb9ea0e18462e8d7b1baa56d4b5d23b,0,False
cold,job,instant,04a,3,122.0,203.10220960527658,57769984,0,57769984,ddb80bff6eb2aebdc70be08cc145f28a6cb9ea0e18462e8d7b1baa56d4b5d23b,0,False
cold,job,instant,04b,1,110.0,187.29311507195234,49938432,0,49938432,523538c7776564e7ed390467ce8a7cd0e8389ea9c424d0e1f887da64c739b557,0,False
cold,job,instant,04b,2,109.0,184.05064102262259,50397184,0,50397184,523538c7776564e7ed390467ce8a7cd0e8389ea9c424d0e1f887da64c739b557,0,False
cold,job,instant,04b,3,107.0,182.88791924715042,49938432,0,49938432,523538c7776564e7ed390467ce8a7cd0e8389ea9c424d0e1f887da64c739b557,0,False
cold,job,instant,04c,1,143.0,220.59911768883467,65110016,0,65110016,83f0cda97ee9ccb075b05c9b4132515d93cfafe002ef5baf7e337221f1304565,0,False
cold,job,instant,04c,2,144.0,222.16497734189034,65110016,0,65110016,83f0cda97ee9ccb075b05c9b4132515d93cfafe002ef5baf7e337221f1304565,0,False
cold,job,instant,04c,3,137.0,214.67578783631325,65110016,0,65110016,83f0cda97ee9ccb075b05c9b4132515d93cfafe002ef5baf7e337221f1304565,0,False
cold,job,instant,05a,1,73.0,151.69344563037157,36798464,0,36798464,21726c10dcf9e11a1bc65ffab39bb4df9a068d87d16f1946d8f54d44860395a5,0,False
cold,job,instant,05a,2,73.0,149.10867530852556,36798464,0,36798464,21726c10dcf9e11a1bc65ffab39bb4df9a068d87d16f1946d8f54d44860395a5,0,False
cold,job,instant,05a,3,72.0,150.34859627485275,36798464,0,36798464,21726c10dcf9e11a1bc65ffab39bb4df9a068d87d16f1946d8f54d44860395a5,0,False
cold,job,instant,05b,1,73.0,149.8497575521469,36798464,0,36798464,21726c10dcf9e11a1bc65ffab39bb4df9a068d87d16f1946d8f54d44860395a5,0,False
cold,job,instant,05b,2,73.0,156.0864094644785,36798464,0,36798464,21726c10dcf9e11a1bc65ffab39bb4df9a068d87d16f1946d8f54d44860395a5,0,False
cold,job,instant,05b,3,70.0,143.4364067390561,36798464,0,36798464,21726c10dcf9e11a1bc65ffab39bb4df9a068d87d16f1946d8f54d44860395a5,0,False
cold,job,instant,05c,1,658.0,736.6397129371762,401997824,0,401997824,0a44fcc5bef54de451146dd745d4d781a3380418a3c12f5815155dba103852f8,0,False
cold,job,instant,05c,2,654.0,739.9009466171265,401997824,0,401997824,0a44fcc5bef54de451146dd745d4d781a3380418a3c12f5815155dba103852f8,0,False
cold,job,instant,05c,3,648.0,731.0683066025376,401997824,0,401997824,0a44fcc5bef54de451146dd745d4d781a3380418a3c12f5815155dba103852f8,0,False
cold,job,instant,06a,1,338.0,417.9217042401433,102596608,0,102596608,cf310956cc4f000731fef95254b0dfd93426ecd7233b52acdac68b464d3d8145,0,False
cold,job,instant,06a,2,332.0,414.2103921622038,102334464,0,102334464,cf310956cc4f000731fef95254b0dfd93426ecd7233b52acdac68b464d3d8145,0,False
cold,job,instant,06a,3,332.0,410.9384370967746,102596608,0,102596608,cf310956cc4f000731fef95254b0dfd93426ecd7233b52acdac68b464d3d8145,0,False
cold,job,instant,06b,1,346.0,430.06216175854206,113344512,0,113344512,b4a02d69e1c21434a3dfc3acedede1e4dda199f7066ad4c928822e8b7ea60735,0,False
cold,job,instant,06b,2,341.0,425.67048221826553,112558080,0,112558080,b4a02d69e1c21434a3dfc3acedede1e4dda199f7066ad4c928822e8b7ea60735,0,False
cold,job,instant,06b,3,347.0,424.83490612357855,115179520,0,115179520,b4a02d69e1c21434a3dfc3acedede1e4dda199f7066ad4c928822e8b7ea60735,0,False
cold,job,instant,06c,1,329.0,407.8433169052005,99975168,0,99975168,602cf449fd5db5c02abb4d93217cbcfb1a376d067aa2741782059554b327ec66,0,False
cold,job,instant,06c,2,329.0,415.8741254359484,99713024,0,99713024,602cf449fd5db5c02abb4d93217cbcfb1a376d067aa2741782059554b327ec66,0,False
cold,job,instant,06c,3,326.0,409.63996946811676,99450880,0,99450880,602cf449fd5db5c02abb4d93217cbcfb1a376d067aa2741782059554b327ec66,0,False
cold,job,instant,06d,1,368.0,448.3684031292796,121995264,0,121995264,9a9ee192e30a2f15657b1e9167674da6b93ad923e9ab1dd4b739d44171396d8e,0,False
cold,job,instant,06d,2,364.0,443.1768720969558,120422400,0,120422400,9a9ee192e30a2f15657b1e9167674da6b93ad923e9ab1dd4b739d44171396d8e,0,False
cold,job,instant,06d,3,357.0,464.02855683118105,120422400,0,120422400,9a9ee192e30a2f15657b1e9167674da6b93ad923e9ab1dd4b739d44171396d8e,0,False
cold,job,instant,06e,1,334.0,416.6179187595844,103645184,0,103645184,cf310956cc4f000731fef95254b0dfd93426ecd7233b52acdac68b464d3d8145,0,False
cold,job,instant,06e,2,335.0,414.45158328861,102334464,0,102334464,cf310956cc4f000731fef95254b0dfd93426ecd7233b52acdac68b464d3d8145,0,False
cold,job,instant,06e,3,328.0,406.88248723745346,102072320,0,102072320,cf310956cc4f000731fef95254b0dfd93426ecd7233b52acdac68b464d3d8145,0,False
cold,job,instant,06f,1,734.0,816.3053430616856,267452416,0,267452416,e4a64849d1f6928d6e8361ed308dae1e3819474d48c3a29a6dfa27d82fff1908,0,False
cold,job,instant,06f,2,718.0,796.7582950368524,267452416,0,267452416,e4a64849d1f6928d6e8361ed308dae1e3819474d48c3a29a6dfa27d82fff1908,0,False
cold,job,instant,06f,3,717.0,792.4371669068933,267452416,0,267452416,e4a64849d1f6928d6e8361ed308dae1e3819474d48c3a29a6dfa27d82fff1908,0,False
cold,job,instant,07a,1,267.0,347.91115671396255,112766976,0,112766976,08741fe3bcce22e88389f67304210ef54b78298b7322a3d34c0133c680a95d2b,0,False
cold,job,instant,07a,2,267.0,348.0227943509817,113029120,0,113029120,08741fe3bcce22e88389f67304210ef54b78298b7322a3d34c0133c680a95d2b,0,False
cold,job,instant,07a,3,265.0,345.658166334033,113029120,0,113029120,08741fe3bcce22e88389f67304210ef54b78298b7322a3d34c0133c680a95d2b,0,False
cold,job,instant,07b,1,181.0,259.2465002089739,84422656,0,84422656,6a942eeb51fb268cf3508ce35d269c80439e4679fd64d6152670806a1d13b84b,0,False
cold,job,instant,07b,2,170.0,250.1125419512391,84422656,0,84422656,6a942eeb51fb268cf3508ce35d269c80439e4679fd64d6152670806a1d13b84b,0,False
cold,job,instant,07b,3,170.0,247.96987231820822,84422656,0,84422656,6a942eeb51fb268cf3508ce35d269c80439e4679fd64d6152670806a1d13b84b,0,False
cold,job,instant,07c,1,1250.0,1336.4955484867096,759701504,0,759701504,ea1d6d27f02203c5685bda10c3e3802698af63bdf664dfdf2bea727c6dd5670c,0,False
cold,job,instant,07c,2,1304.0,1393.1217407807708,757084160,0,757084160,ea1d6d27f02203c5685bda10c3e3802698af63bdf664dfdf2bea727c6dd5670c,0,False
cold,job,instant,07c,3,1275.0,1360.7283607125282,757342208,0,757342208,ea1d6d27f02203c5685bda10c3e3802698af63bdf664dfdf2bea727c6dd5670c,0,False
cold,job,instant,08a,1,452.0,533.5836512967944,155234304,0,155234304,82d80bc79518fce643c8cb8b25066d30449435af2260dd5d5130a84a6fbbf710,0,False
cold,job,instant,08a,2,485.0,564.9244757369161,153890816,0,153890816,82d80bc79518fce643c8cb8b25066d30449435af2260dd5d5130a84a6fbbf710,0,False
cold,job,instant,08a,3,473.0,555.5264800786972,155758592,0,155758592,82d80bc79518fce643c8cb8b25066d30449435af2260dd5d5130a84a6fbbf710,0,False
cold,job,instant,08b,1,333.0,416.687254793942,134426624,0,134426624,18fc8befbe97194bb0dd0938fccaf37f393f6de2218ebde02f13c90e195d8dd0,0,False
cold,job,instant,08b,2,337.0,417.66998264938593,135507968,0,135507968,18fc8befbe97194bb0dd0938fccaf37f393f6de2218ebde02f13c90e195d8dd0,0,False
cold,job,instant,08b,3,346.0,427.7541134506464,134983680,0,134983680,18fc8befbe97194bb0dd0938fccaf37f393f6de2218ebde02f13c90e195d8dd0,0,False
cold,job,instant,08c,1,803.0,882.8555187210441,99921920,0,99921920,7465829d867dd355db1eccde557ebf271ae12a72c816573a22efe46278831014,0,False
cold,job,instant,08c,2,816.0,899.3393154814839,99430400,0,99430400,7465829d867dd355db1eccde557ebf271ae12a72c816573a22efe46278831014,0,False
cold,job,instant,08c,3,837.0,926.0199246928096,99692544,0,99692544,7465829d867dd355db1eccde557ebf271ae12a72c816573a22efe46278831014,0,False
cold,job,instant,08d,1,267.0,345.87901178747416,88158208,0,88158208,30be15026c3210110c0445cfe84716b68d95bfc15fdf5e032a18f40bc001205a,0,False
cold,job,instant,08d,2,283.0,364.3900668248534,88158208,0,88158208,30be15026c3210110c0445cfe84716b68d95bfc15fdf5e032a18f40bc001205a,0,False
cold,job,instant,08d,3,285.0,375.89129246771336,88879104,0,88879104,30be15026c3210110c0445cfe84716b68d95bfc15fdf5e032a18f40bc001205a,0,False
cold,job,instant,09a,1,546.0,627.3955889046192,216412160,0,216412160,2d514cc6a3833e1894724993543e6ce79601fd41a1c3863be4b52e6fbb07849d,0,False
cold,job,instant,09a,2,589.0,675.1309372484684,215887872,0,215887872,2d514cc6a3833e1894724993543e6ce79601fd41a1c3863be4b52e6fbb07849d,0,False
cold,job,instant,09a,3,599.0,683.8889429345727,215887872,0,215887872,2d514cc6a3833e1894724993543e6ce79601fd41a1c3863be4b52e6fbb07849d,0,False
cold,job,instant,09b,1,484.0,565.226067788899,184037376,0,184037376,edf89578cbaedd8aef3f84b6a08b2ec20528f53f87d3951a7786bc8a20366c62,0,False
cold,job,instant,09b,2,512.0,593.6134550720453,183742464,0,183742464,edf89578cbaedd8aef3f84b6a08b2ec20528f53f87d3951a7786bc8a20366c62,0,False
cold,job,instant,09b,3,474.0,553.8546741008759,183742464,0,183742464,edf89578cbaedd8aef3f84b6a08b2ec20528f53f87d3951a7786bc8a20366c62,0,False
cold,job,instant,09c,1,617.0,697.8717669844627,216182784,0,216182784,dda7dae742f7fc0d1fb9bfc4609eee02da0dbca4760c238b79e66bea0ae1f058,0,False
cold,job,instant,09c,2,650.0,728.6311583593488,216182784,0,216182784,dda7dae742f7fc0d1fb9bfc4609eee02da0dbca4760c238b79e66bea0ae1f058,0,False
cold,job,instant,09c,3,592.0,673.5795894637704,216182784,0,216182784,dda7dae742f7fc0d1fb9bfc4609eee02da0dbca4760c238b79e66bea0ae1f058,0,False
cold,job,instant,09d,1,845.0,927.2828614339232,216444928,0,216444928,d63b63c0a973d52de0ee2e3fefab4473a0da6db29ef718b8966a02091acf5790,0,False
cold,job,instant,09d,2,886.0,967.228164896369,216936448,0,216936448,d63b63c0a973d52de0ee2e3fefab4473a0da6db29ef718b8966a02091acf5790,0,False
cold,job,instant,09d,3,839.0,921.2071932852268,216444928,0,216444928,d63b63c0a973d52de0ee2e3fefab4473a0da6db29ef718b8966a02091acf5790,0,False
cold,job,instant,10a,1,737.0,817.282416857779,206077952,0,206077952,f2420b69488a1f88d1fc4ce7e4377bdcc29a9d80a23f0f4c6d652867187b4273,0,False
cold,job,instant,10a,2,769.0,848.759108223021,206077952,0,206077952,f2420b69488a1f88d1fc4ce7e4377bdcc29a9d80a23f0f4c6d652867187b4273,0,False
cold,job,instant,10a,3,729.0,810.3996720165014,206077952,0,206077952,f2420b69488a1f88d1fc4ce7e4377bdcc29a9d80a23f0f4c6d652867187b4273,0,False
cold,job,instant,10b,1,386.0,465.2157947421074,92667904,0,92667904,c8833f4b90af0029c8e3899bd120360cb70a0771d4a3ca840e2a2cd697e07a33,0,False
cold,job,instant,10b,2,389.0,464.90348782390356,92667904,0,92667904,c8833f4b90af0029c8e3899bd120360cb70a0771d4a3ca840e2a2cd697e07a33,0,False
cold,job,instant,10b,3,385.0,465.63700027763844,92667904,0,92667904,c8833f4b90af0029c8e3899bd120360cb70a0771d4a3ca840e2a2cd697e07a33,0,False
cold,job,instant,10c,1,1341.0,1426.3350404798985,351862784,0,351862784,64bec1355ab6fa5d48fd78d86f0a54536c63a290f48b0c34b236b1ab6679b9d9,0,False
cold,job,instant,10c,2,1350.0,1436.3164929673076,351993856,0,351993856,64bec1355ab6fa5d48fd78d86f0a54536c63a290f48b0c34b236b1ab6679b9d9,0,False
cold,job,instant,10c,3,1332.0,1412.4681139364839,316932096,0,316932096,64bec1355ab6fa5d48fd78d86f0a54536c63a290f48b0c34b236b1ab6679b9d9,0,False
cold,job,instant,11a,1,99.0,178.05813997983932,49905664,0,49905664,75aef14b7b200510998732f66bf24b5eb353a77d15b16d358bff021a433c32ad,0,False
cold,job,instant,11a,2,96.0,173.10671415179968,49905664,0,49905664,75aef14b7b200510998732f66bf24b5eb353a77d15b16d358bff021a433c32ad,0,False
cold,job,instant,11a,3,98.0,188.85962292551994,49905664,0,49905664,75aef14b7b200510998732f66bf24b5eb353a77d15b16d358bff021a433c32ad,0,False
cold,job,instant,11b,1,201.0,277.71968208253384,73236480,0,73236480,fcae141de9c9e5fa0f5988e485096c9c00b1640e64fffdfeaa2a7c84c5bde5f6,0,False
cold,job,instant,11b,2,192.0,268.81695818156004,73236480,0,73236480,fcae141de9c9e5fa0f5988e485096c9c00b1640e64fffdfeaa2a7c84c5bde5f6,0,False
cold,job,instant,11b,3,193.0,268.0432954803109,73498624,0,73498624,fcae141de9c9e5fa0f5988e485096c9c00b1640e64fffdfeaa2a7c84c5bde5f6,0,False
cold,job,instant,11c,1,126.0,203.61697301268578,53837824,0,53837824,13579a62e4c5df28771ad00eb6fb65c4f1e9d372b2abbb37fb8dd637b81ee964,0,False
cold,job,instant,11c,2,126.0,204.46029491722584,53837824,0,53837824,13579a62e4c5df28771ad00eb6fb65c4f1e9d372b2abbb37fb8dd637b81ee964,0,False
cold,job,instant,11c,3,124.0,201.1266965419054,53837824,0,53837824,13579a62e4c5df28771ad00eb6fb65c4f1e9d372b2abbb37fb8dd637b81ee964,0,False
cold,job,instant,11d,1,122.0,199.38319455832243,53870592,0,53870592,765a32eeb9d4b8a1e5ddb591407860e7fe93f4d1918d3b1a0f6a3c66fe2e858a,0,False
cold,job,instant,11d,2,126.0,201.18185598403215,54362112,0,54362112,765a32eeb9d4b8a1e5ddb591407860e7fe93f4d1918d3b1a0f6a3c66fe2e858a,0,False
cold,job,instant,11d,3,142.0,217.68992207944393,54099968,0,54099968,765a32eeb9d4b8a1e5ddb591407860e7fe93f4d1918d3b1a0f6a3c66fe2e858a,0,False
cold,job,instant,12a,1,167.0,244.52722072601318,77201408,0,77201408,02c6bcaa6a3333b31881aaacd682070a6fc21572445569086b5e2aab06ca69cf,0,False
cold,job,instant,12a,2,205.0,299.2442147806287,77987840,0,77987840,02c6bcaa6a3333b31881aaacd682070a6fc21572445569086b5e2aab06ca69cf,0,False
cold,job,instant,12a,3,187.0,261.9661530479789,77725696,0,77725696,02c6bcaa6a3333b31881aaacd682070a6fc21572445569086b5e2aab06ca69cf,0,False
cold,job,instant,12b,1,82.0,158.66928175091743,48103424,0,48103424,75049d679134f8dadd2fcb4dd808286ffde11e0cd485eab3f05ede5fe04ba3e9,0,False
cold,job,instant,12b,2,77.0,152.79417019337416,47579136,0,47579136,75049d679134f8dadd2fcb4dd808286ffde11e0cd485eab3f05ede5fe04ba3e9,0,False
cold,job,instant,12b,3,87.0,163.9725686982274,48627712,0,48627712,75049d679134f8dadd2fcb4dd808286ffde11e0cd485eab3f05ede5fe04ba3e9,0,False
cold,job,instant,12c,1,197.0,274.010649882257,84017152,0,84017152,61c1ba0c98c3c0a6c9ce5f81482b81183a9352a065a407e62323a315acc5c9c4,0,False
cold,job,instant,12c,2,199.0,284.05521158128977,84017152,0,84017152,61c1ba0c98c3c0a6c9ce5f81482b81183a9352a065a407e62323a315acc5c9c4,0,False
cold,job,instant,12c,3,227.0,305.47753255814314,84279296,0,84279296,61c1ba0c98c3c0a6c9ce5f81482b81183a9352a065a407e62323a315acc5c9c4,0,False
cold,job,instant,13a,1,172.0,251.39684323221445,78774272,0,78774272,b7c682bf7a69cc780c482fe1f4cd19a65f7a24b616c366483521e8ca4362fe3f,0,False
cold,job,instant,13a,2,173.0,252.45634373277426,78774272,0,78774272,b7c682bf7a69cc780c482fe1f4cd19a65f7a24b616c366483521e8ca4362fe3f,0,False
cold,job,instant,13a,3,176.0,254.39863186329603,77725696,0,77725696,b7c682bf7a69cc780c482fe1f4cd19a65f7a24b616c366483521e8ca4362fe3f,0,False
cold,job,instant,13b,1,183.0,260.5723366141319,61472768,0,61472768,c564e4ae333be542642c853c5b2d8ba6571ca6f72736d6eee61b7c82162343cf,0,False
cold,job,instant,13b,2,189.0,264.6985054016113,63569920,0,63569920,c564e4ae333be542642c853c5b2d8ba6571ca6f72736d6eee61b7c82162343cf,0,False
cold,job,instant,13b,3,179.0,256.1667840927839,62259200,0,62259200,c564e4ae333be542642c853c5b2d8ba6571ca6f72736d6eee61b7c82162343cf,0,False
cold,job,instant,13c,1,140.0,213.26050255447626,58851328,0,58851328,afdff1d06f6c699a12638dac25850eb84e981ea0edd8098770d7bee393a8237b,0,False
cold,job,instant,13c,2,137.0,218.72879564762115,57016320,0,57016320,afdff1d06f6c699a12638dac25850eb84e981ea0edd8098770d7bee393a8237b,0,False
cold,job,instant,13c,3,129.0,208.01154617220163,57016320,0,57016320,afdff1d06f6c699a12638dac25850eb84e981ea0edd8098770d7bee393a8237b,0,False
cold,job,instant,13d,1,281.0,359.8063671961427,61734912,0,61734912,6dc3ecd52a645ca986b1c68a4a01a9e18efdf4146ed0da1d55adeaac2bd23dc3,0,False
cold,job,instant,13d,2,225.0,304.7213535755873,62783488,0,62783488,6dc3ecd52a645ca986b1c68a4a01a9e18efdf4146ed0da1d55adeaac2bd23dc3,0,False
cold,job,instant,13d,3,221.0,299.1153374314308,61734912,0,61734912,6dc3ecd52a645ca986b1c68a4a01a9e18efdf4146ed0da1d55adeaac2bd23dc3,0,False
cold,job,instant,14a,1,176.0,256.4071323722601,69304320,0,69304320,2c66657ce156258fe44f31397c940d51d9ccf529d3c970d1697af21e272246b8,0,False
cold,job,instant,14a,2,152.0,231.15750309079885,68780032,0,68780032,2c66657ce156258fe44f31397c940d51d9ccf529d3c970d1697af21e272246b8,0,False
cold,job,instant,14a,3,148.0,228.82592864334583,69042176,0,69042176,2c66657ce156258fe44f31397c940d51d9ccf529d3c970d1697af21e272246b8,0,False
cold,job,instant,14b,1,182.0,261.2240435555577,65896448,0,65896448,3166468f404e5eafe69cb2483a06d1a5c6fb80e1c21de5391b0ccdafcd854adb,0,False
cold,job,instant,14b,2,147.0,224.51597172766924,64585728,0,64585728,3166468f404e5eafe69cb2483a06d1a5c6fb80e1c21de5391b0ccdafcd854adb,0,False
cold,job,instant,14b,3,152.0,229.8295572400093,65372160,0,65372160,3166468f404e5eafe69cb2483a06d1a5c6fb80e1c21de5391b0ccdafcd854adb,0,False
cold,job,instant,14c,1,201.0,280.2037261426449,84246528,0,84246528,2c66657ce156258fe44f31397c940d51d9ccf529d3c970d1697af21e272246b8,0,False
cold,job,instant,14c,2,184.0,270.43620217591524,84246528,0,84246528,2c66657ce156258fe44f31397c940d51d9ccf529d3c970d1697af21e272246b8,0,False
cold,job,instant,14c,3,179.0,258.2990834489465,84246528,0,84246528,2c66657ce156258fe44f31397c940d51d9ccf529d3c970d1697af21e272246b8,0,False
cold,job,instant,15a,1,395.0,477.06568893045187,123863040,0,123863040,f6485a645d13c274907f4443b97500b9116d3d5383a594bba4ad8ddd83248358,0,False
cold,job,instant,15a,2,358.0,436.6640141233802,123076608,0,123076608,f6485a645d13c274907f4443b97500b9116d3d5383a594bba4ad8ddd83248358,0,False
cold,job,instant,15a,3,446.0,528.7429466843605,196706304,0,196706304,f6485a645d13c274907f4443b97500b9116d3d5383a594bba4ad8ddd83248358,0,False
cold,job,instant,15b,1,241.0,321.29401341080666,97615872,0,97615872,5e79daf7a3d7c64aba2fa23d8cceebdecd74606e680509dc349bd07b49d47104,0,False
cold,job,instant,15b,2,210.0,291.9349707663059,95780864,0,95780864,5e79daf7a3d7c64aba2fa23d8cceebdecd74606e680509dc349bd07b49d47104,0,False
cold,job,instant,15b,3,282.0,364.7502679377794,111247360,0,111247360,5e79daf7a3d7c64aba2fa23d8cceebdecd74606e680509dc349bd07b49d47104,0,False
cold,job,instant,15c,1,361.0,441.0358415916562,117342208,0,117342208,883f58a0f34091fd3c2bb5971c6c8bcb69f9e7466c9f0b62088e42e16eb1816a,0,False
cold,job,instant,15c,2,359.0,437.1845815330744,117866496,0,117866496,883f58a0f34091fd3c2bb5971c6c8bcb69f9e7466c9f0b62088e42e16eb1816a,0,False
cold,job,instant,15c,3,407.0,485.30606739223003,119439360,0,119439360,883f58a0f34091fd3c2bb5971c6c8bcb69f9e7466c9f0b62088e42e16eb1816a,0,False
cold,job,instant,15d,1,342.0,421.4414721354842,104202240,0,104202240,16c2aeb5e00e4a6aa35b7e486776c3eee7e34cc94c947bbcf0a93921fa8aa6ba,0,False
cold,job,instant,15d,2,269.0,347.9416333138943,103940096,0,103940096,16c2aeb5e00e4a6aa35b7e486776c3eee7e34cc94c947bbcf0a93921fa8aa6ba,0,False
cold,job,instant,15d,3,256.0,333.54743104428053,102367232,0,102367232,16c2aeb5e00e4a6aa35b7e486776c3eee7e34cc94c947bbcf0a93921fa8aa6ba,0,False
cold,job,instant,16a,1,601.0,682.9087100923061,231550976,0,231550976,0c45a9e7b66310b6b11be784beb30c75f4c8eed8661a90cf963d2e4091a7d1c8,0,False
cold,job,instant,16a,2,541.0,621.3482171297073,231780352,0,231780352,0c45a9e7b66310b6b11be784beb30c75f4c8eed8661a90cf963d2e4091a7d1c8,0,False
cold,job,instant,16a,3,545.0,623.2086336240172,231550976,0,231550976,0c45a9e7b66310b6b11be784beb30c75f4c8eed8661a90cf963d2e4091a7d1c8,0,False
cold,job,instant,16b,1,1337.0,1420.1538497582078,253276160,0,253276160,9e2a1c07b046e60cf708259c9243e3fd9632bc8c6f48d9ea589c868f38d28ed7,0,False
cold,job,instant,16b,2,1318.0,1411.7588633671403,253276160,0,253276160,9e2a1c07b046e60cf708259c9243e3fd9632bc8c6f48d9ea589c868f38d28ed7,0,False
cold,job,instant,16b,3,1330.0,1411.7329325526953,253505536,0,253505536,9e2a1c07b046e60cf708259c9243e3fd9632bc8c6f48d9ea589c868f38d28ed7,0,False
cold,job,instant,16c,1,661.0,744.9838742613792,244625408,0,244625408,d0bee8e7de4d68c979f73590c12e8b02a85f2c755a10b3c309488e6dcbfe5740,0,False
cold,job,instant,16c,2,651.0,731.294022873044,244396032,0,244396032,d0bee8e7de4d68c979f73590c12e8b02a85f2c755a10b3c309488e6dcbfe5740,0,False
cold,job,instant,16c,3,647.0,726.4534290879965,244396032,0,244396032,d0bee8e7de4d68c979f73590c12e8b02a85f2c755a10b3c309488e6dcbfe5740,0,False
cold,job,instant,16d,1,660.0,746.7440515756607,244854784,0,244854784,d0bee8e7de4d68c979f73590c12e8b02a85f2c755a10b3c309488e6dcbfe5740,0,False
cold,job,instant,16d,2,632.0,711.3283611834049,244396032,0,244396032,d0bee8e7de4d68c979f73590c12e8b02a85f2c755a10b3c309488e6dcbfe5740,0,False
cold,job,instant,16d,3,624.0,701.9821461290121,244396032,0,244396032,d0bee8e7de4d68c979f73590c12e8b02a85f2c755a10b3c309488e6dcbfe5740,0,False
cold,job,instant,17a,1,371.0,452.2751970216632,116523008,0,116523008,7fe9c0a6b11f6430f4ae93ba9c5ff48bb030edbb92563715b7c0e707ae2ed161,0,False
cold,job,instant,17a,2,355.0,435.4985076934099,116260864,0,116260864,7fe9c0a6b11f6430f4ae93ba9c5ff48bb030edbb92563715b7c0e707ae2ed161,0,False
cold,job,instant,17a,3,352.0,431.03803507983685,115736576,0,115736576,7fe9c0a6b11f6430f4ae93ba9c5ff48bb030edbb92563715b7c0e707ae2ed161,0,False
cold,job,instant,17b,1,348.0,430.1373502239585,119701504,0,119701504,15d568773ef08f416db819a9a7c2d9a3ea64f7dfe14dd59cb79c3e498a901950,0,False
cold,job,instant,17b,2,350.0,433.4010686725378,120193024,0,120193024,15d568773ef08f416db819a9a7c2d9a3ea64f7dfe14dd59cb79c3e498a901950,0,False
cold,job,instant,17b,3,349.0,429.61088567972183,120455168,0,120455168,15d568773ef08f416db819a9a7c2d9a3ea64f7dfe14dd59cb79c3e498a901950,0,False
cold,job,instant,17c,1,340.0,418.0032713338733,120193024,0,120193024,0a884c1a69183318c60d10407f267ae08c3224cb8fcaf81101e8395da797fb76,0,False
cold,job,instant,17c,2,331.0,412.993255071342,120455168,0,120455168,0a884c1a69183318c60d10407f267ae08c3224cb8fcaf81101e8395da797fb76,0,False
cold,job,instant,17c,3,329.0,408.84695667773485,120455168,0,120455168,0a884c1a69183318c60d10407f267ae08c3224cb8fcaf81101e8395da797fb76,0,False
cold,job,instant,17d,1,658.0,736.8817776441574,247955456,0,247955456,3fdb8c95209ce2ebb49425ec504bd23dc223cf3d516119bccf006b60f0c2f681,0,False
cold,job,instant,17d,2,653.0,732.9592080786824,248217600,0,248217600,3fdb8c95209ce2ebb49425ec504bd23dc223cf3d516119bccf006b60f0c2f681,0,False
cold,job,instant,17d,3,649.0,734.1466676443815,248184832,0,248184832,3fdb8c95209ce2ebb49425ec504bd23dc223cf3d516119bccf006b60f0c2f681,0,False
cold,job,instant,17e,1,859.0,941.5805600583553,247824384,0,247824384,a2ee465ab850ed008e06898aea4f520f80721dc49d77bee2fbd9642414dc8d32,0,False
cold,job,instant,17e,2,853.0,931.4764151349664,247824384,0,247824384,a2ee465ab850ed008e06898aea4f520f80721dc49d77bee2fbd9642414dc8d32,0,False
cold,job,instant,17e,3,841.0,920.3610215336084,247824384,0,247824384,a2ee465ab850ed008e06898aea4f520f80721dc49d77bee2fbd9642414dc8d32,0,False
cold,job,instant,17f,1,899.0,981.8700104951859,247234560,0,247234560,e557f8ea5a5ba7f51aa243f64a576a3a30208bb63763efa120b8a428ee987bce,0,False
cold,job,instant,17f,2,893.0,971.8159707263112,246153216,0,246153216,e557f8ea5a5ba7f51aa243f64a576a3a30208bb63763efa120b8a428ee987bce,0,False
cold,job,instant,17f,3,862.0,941.6732285171747,246415360,0,246415360,e557f8ea5a5ba7f51aa243f64a576a3a30208bb63763efa120b8a428ee987bce,0,False
cold,job,instant,18a,1,787.0,870.9547324106097,335249408,0,335249408,d21acd2aa56a5d8370777029957408dee7173b82774191d7ddd090d823de8a9d,0,False
cold,job,instant,18a,2,776.0,857.0286547765136,326598656,0,326598656,d21acd2aa56a5d8370777029957408dee7173b82774191d7ddd090d823de8a9d,0,False
cold,job,instant,18a,3,774.0,855.0428347662091,328433664,0,328433664,d21acd2aa56a5d8370777029957408dee7173b82774191d7ddd090d823de8a9d,0,False
cold,job,instant,18b,1,853.0,938.4142234921455,336199680,0,336199680,5af7d07710dab90620e41e6d23846eaf69924560681748a3e0b9ad6daeea763b,0,False
cold,job,instant,18b,2,865.0,946.9454688951373,336986112,0,336986112,5af7d07710dab90620e41e6d23846eaf69924560681748a3e0b9ad6daeea763b,0,False
cold,job,instant,18b,3,838.0,919.6316953748465,336199680,0,336199680,5af7d07710dab90620e41e6d23846eaf69924560681748a3e0b9ad6daeea763b,0,False
cold,job,instant,18c,1,1149.0,1251.38951651752,337510400,0,337510400,0cd2afcf0fee2a3719202e03505115ac80013017a45bb0e841defa6908280df4,0,False
cold,job,instant,18c,2,1146.0,1227.5085654109716,337510400,0,337510400,0cd2afcf0fee2a3719202e03505115ac80013017a45bb0e841defa6908280df4,0,False
cold,job,instant,18c,3,1131.0,1224.72492326051,337510400,0,337510400,0cd2afcf0fee2a3719202e03505115ac80013017a45bb0e841defa6908280df4,0,False
cold,job,instant,19a,1,473.0,559.5264192670584,204877824,0,204877824,1ae5f1fccd9725d8e9d1d2060c5603cc7cf7115143520ccf703d325148da07dd,0,False
cold,job,instant,19a,2,475.0,556.3283832743764,195964928,0,195964928,1ae5f1fccd9725d8e9d1d2060c5603cc7cf7115143520ccf703d325148da07dd,0,False
cold,job,instant,19a,3,448.0,529.783277772367,198586368,0,198586368,1ae5f1fccd9725d8e9d1d2060c5603cc7cf7115143520ccf703d325148da07dd,0,False
cold,job,instant,19b,1,407.0,492.88574885576963,156073984,0,156073984,6e5674983d7c62fbdb68f0b116f6c4311e4c77093a2e8cebac29f771a5d03153,0,False
cold,job,instant,19b,2,405.0,487.10580356419086,162627584,0,162627584,6e5674983d7c62fbdb68f0b116f6c4311e4c77093a2e8cebac29f771a5d03153,0,False
cold,job,instant,19b,3,407.0,489.8150647059083,161284096,0,161284096,6e5674983d7c62fbdb68f0b116f6c4311e4c77093a2e8cebac29f771a5d03153,0,False
cold,job,instant,19c,1,605.0,691.3564885035157,219971584,0,219971584,77b8f0442dcb79b47184820142d029c0236f5aa25a1ffd3816ba355499f140b8,0,False
cold,job,instant,19c,2,770.0,849.6390143409371,356024320,0,356024320,77b8f0442dcb79b47184820142d029c0236f5aa25a1ffd3816ba355499f140b8,0,False
cold,job,instant,19c,3,641.0,721.4861586689949,225390592,0,225390592,77b8f0442dcb79b47184820142d029c0236f5aa25a1ffd3816ba355499f140b8,0,False
cold,job,instant,19d,1,847.0,941.4374958723783,185335808,0,185335808,4144ae8243c6cb654983fd1c4e6c0dd1d7f2d913f583f4c499207ead79d69b54,0,False
cold,job,instant,19d,2,858.0,941.2132361903787,186613760,0,186613760,4144ae8243c6cb654983fd1c4e6c0dd1d7f2d913f583f4c499207ead79d69b54,0,False
cold,job,instant,19d,3,832.0,913.7355703860521,185511936,0,185511936,4144ae8243c6cb654983fd1c4e6c0dd1d7f2d913f583f4c499207ead79d69b54,0,False
cold,job,instant,20a,1,969.0,1049.77363999933,318394368,0,318394368,c9e65e31a6a24fc26ac9fc3a935f3ddf49bff072795dca0c90dad03e760a19e0,0,False
cold,job,instant,20a,2,973.0,1055.5818304419518,318394368,0,318394368,c9e65e31a6a24fc26ac9fc3a935f3ddf49bff072795dca0c90dad03e760a19e0,0,False
cold,job,instant,20a,3,955.0,1039.529019035399,318394368,0,318394368,c9e65e31a6a24fc26ac9fc3a935f3ddf49bff072795dca0c90dad03e760a19e0,0,False
cold,job,instant,20b,1,584.0,664.8203963413835,151093248,0,151093248,c826f8325b6868f0a8c323bacb3abd3ae7477c2327ea08b458cb23d71938d9c2,0,False
cold,job,instant,20b,2,595.0,676.1921104043722,152928256,0,152928256,c826f8325b6868f0a8c323bacb3abd3ae7477c2327ea08b458cb23d71938d9c2,0,False
cold,job,instant,20b,3,581.0,659.7177386283875,151879680,0,151879680,c826f8325b6868f0a8c323bacb3abd3ae7477c2327ea08b458cb23d71938d9c2,0,False
cold,job,instant,20c,1,1061.0,1142.0480767264962,357683200,0,357683200,f47dd0ede140b6bd1dbb11728a938bd7a90e0d809bca65638635da44e14c32da,0,False
cold,job,instant,20c,2,1048.0,1135.4904752224684,357683200,0,357683200,f47dd0ede140b6bd1dbb11728a938bd7a90e0d809bca65638635da44e14c32da,0,False
cold,job,instant,20c,3,1035.0,1114.3357325345278,357683200,0,357683200,f47dd0ede140b6bd1dbb11728a938bd7a90e0d809bca65638635da44e14c32da,0,False
cold,job,instant,21a,1,177.0,256.2363753095269,91058176,0,91058176,b220b434b6646e98101048b3ea2ad64da2f3485fd18cf1c1f83239c47494a1b3,0,False
cold,job,instant,21a,2,179.0,254.698664881289,91058176,0,91058176,b220b434b6646e98101048b3ea2ad64da2f3485fd18cf1c1f83239c47494a1b3,0,False
cold,job,instant,21a,3,173.0,255.55990543216467,91058176,0,91058176,b220b434b6646e98101048b3ea2ad64da2f3485fd18cf1c1f83239c47494a1b3,0,False
cold,job,instant,21b,1,162.0,241.05507414788008,76120064,0,76120064,6fdabe24b063c3e05d3efffaecfdb8b7b4a1291947821a3285f3aa05934a0ea8,0,False
cold,job,instant,21b,2,161.0,244.29823737591505,76120064,0,76120064,6fdabe24b063c3e05d3efffaecfdb8b7b4a1291947821a3285f3aa05934a0ea8,0,False
cold,job,instant,21b,3,157.0,239.42428268492222,76120064,0,76120064,6fdabe24b063c3e05d3efffaecfdb8b7b4a1291947821a3285f3aa05934a0ea8,0,False
cold,job,instant,21c,1,177.0,255.28272427618504,91844608,0,91844608,75aef14b7b200510998732f66bf24b5eb353a77d15b16d358bff021a433c32ad,0,False
cold,job,instant,21c,2,175.0,251.1157626286149,91844608,0,91844608,75aef14b7b200510998732f66bf24b5eb353a77d15b16d358bff021a433c32ad,0,False
cold,job,instant,21c,3,176.0,252.8662085533142,91844608,0,91844608,75aef14b7b200510998732f66bf24b5eb353a77d15b16d358bff021a433c32ad,0,False
cold,job,instant,22a,1,272.0,351.03194508701563,110985216,0,110985216,49d165dc0eee66dd596a6c56a9654c307563385e859a8174e8214a4eb79829f5,0,False
cold,job,instant,22a,2,275.0,356.3265101984143,110985216,0,110985216,49d165dc0eee66dd596a6c56a9654c307563385e859a8174e8214a4eb79829f5,0,False
cold,job,instant,22a,3,264.0,345.9499040618539,110985216,0,110985216,49d165dc0eee66dd596a6c56a9654c307563385e859a8174e8214a4eb79829f5,0,False
cold,job,instant,22b,1,259.0,339.29475769400597,110198784,0,110198784,c2cf5802dc659bfe123d02dbc80870fc22abf7a3dd789966592efd2a0189223b,0,False
cold,job,instant,22b,2,262.0,354.8536179587245,110460928,0,110460928,c2cf5802dc659bfe123d02dbc80870fc22abf7a3dd789966592efd2a0189223b,0,False
cold,job,instant,22b,3,255.0,338.9142816886306,110198784,0,110198784,c2cf5802dc659bfe123d02dbc80870fc22abf7a3dd789966592efd2a0189223b,0,False
cold,job,instant,22c,1,286.0,366.21386371552944,111247360,0,111247360,ec582ce64fb40f07ac072ab1c979fe8fad6bfd0b711dee98405d16c93c5388bf,0,False
cold,job,instant,22c,2,292.0,372.75686487555504,111247360,0,111247360,ec582ce64fb40f07ac072ab1c979fe8fad6bfd0b711dee98405d16c93c5388bf,0,False
cold,job,instant,22c,3,283.0,362.21826635301113,111509504,0,111509504,ec582ce64fb40f07ac072ab1c979fe8fad6bfd0b711dee98405d16c93c5388bf,0,False
cold,job,instant,22d,1,274.0,351.6960274428129,101318656,0,101318656,e53f77190a8d5cc94dc638c6a152324366e9c8775ba34c4ab45d8273097141e1,0,False
cold,job,instant,22d,2,238.0,316.2818606942892,101318656,0,101318656,e53f77190a8d5cc94dc638c6a152324366e9c8775ba34c4ab45d8273097141e1,0,False
cold,job,instant,22d,3,243.0,324.38076473772526,101842944,0,101842944,e53f77190a8d5cc94dc638c6a152324366e9c8775ba34c4ab45d8273097141e1,0,False
cold,job,instant,23a,1,365.0,448.2282279059291,115769344,0,115769344,1638adb7b1e5c1c3fae7cd491d58a339abd218fb0de4747342bc9f4725340967,0,False
cold,job,instant,23a,2,316.0,395.83515748381615,96894976,0,96894976,1638adb7b1e5c1c3fae7cd491d58a339abd218fb0de4747342bc9f4725340967,0,False
cold,job,instant,23a,3,307.0,384.02341213077307,99516416,0,99516416,1638adb7b1e5c1c3fae7cd491d58a339abd218fb0de4747342bc9f4725340967,0,False
cold,job,instant,23b,1,252.0,331.9539623335004,101056512,0,101056512,de0d7c792d956183c4a59443ab2d175cb2efd27b44eaac44274afc65b1ee3ada,0,False
cold,job,instant,23b,2,197.0,277.29331608861685,95551488,0,95551488,de0d7c792d956183c4a59443ab2d175cb2efd27b44eaac44274afc65b1ee3ada,0,False
cold,job,instant,23b,3,210.0,290.155210532248,100270080,0,100270080,de0d7c792d956183c4a59443ab2d175cb2efd27b44eaac44274afc65b1ee3ada,0,False
cold,job,instant,23c,1,426.0,508.92233941704035,177635328,0,177635328,e10fab510282ed90b22716dccfbc19163745b966d49507296786897392685fb6,0,False
cold,job,instant,23c,2,334.0,412.77647111564875,98500608,0,98500608,e10fab510282ed90b22716dccfbc19163745b966d49507296786897392685fb6,0,False
cold,job,instant,23c,3,323.0,409.1777168214321,99254272,0,99254272,e10fab510282ed90b22716dccfbc19163745b966d49507296786897392685fb6,0,False
cold,job,instant,24a,1,875.0,959.0699281543493,375336960,0,375336960,30e1ca86921ccc8248427e9ed99656518436b8c5490b535dd6d34cab98aaf5e7,0,False
cold,job,instant,24a,2,710.0,790.5692355707288,282537984,0,282537984,30e1ca86921ccc8248427e9ed99656518436b8c5490b535dd6d34cab98aaf5e7,0,False
cold,job,instant,24a,3,641.0,722.6798869669437,261566464,0,261566464,30e1ca86921ccc8248427e9ed99656518436b8c5490b535dd6d34cab98aaf5e7,0,False
cold,job,instant,24b,1,554.0,636.716540902853,210284544,0,210284544,767718d918d9b17aeb7d1b87efbdcedc6b4f6b60133ef3e448e7cf4597b23881,0,False
cold,job,instant,24b,2,528.0,606.1774371191859,211857408,0,211857408,767718d918d9b17aeb7d1b87efbdcedc6b4f6b60133ef3e448e7cf4597b23881,0,False
cold,job,instant,24b,3,509.0,592.8130568936467,207663104,0,207663104,767718d918d9b17aeb7d1b87efbdcedc6b4f6b60133ef3e448e7cf4597b23881,0,False
cold,job,instant,25a,1,1115.0,1199.5659423992038,363200512,0,363200512,d21eaf7ef62fa4e701443b6a2cdc1fe0e176dd5453d5d3ed0bfc40ec5e01b56b,0,False
cold,job,instant,25a,2,1098.0,1175.4355784505606,363986944,0,363986944,d21eaf7ef62fa4e701443b6a2cdc1fe0e176dd5453d5d3ed0bfc40ec5e01b56b,0,False
cold,job,instant,25a,3,1104.0,1229.051728732884,363200512,0,363200512,d21eaf7ef62fa4e701443b6a2cdc1fe0e176dd5453d5d3ed0bfc40ec5e01b56b,0,False
cold,job,instant,25b,1,618.0,701.6873937100172,269844480,0,269844480,b26c073dc32fce2cb85546b60c8510a32d46c536bcfb2a9e27b0ebbabfbd81fa,0,False
cold,job,instant,25b,2,606.0,689.1946950927377,269320192,0,269320192,b26c073dc32fce2cb85546b60c8510a32d46c536bcfb2a9e27b0ebbabfbd81fa,0,False
cold,job,instant,25b,3,614.0,698.5931349918246,270368768,0,270368768,b26c073dc32fce2cb85546b60c8510a32d46c536bcfb2a9e27b0ebbabfbd81fa,0,False
cold,job,instant,25c,1,1177.0,1261.9627434760332,372113408,0,372113408,956e59b9c5855bea01d2ef1a35073ad2635bb94698b44a53b98dd8c92f141848,0,False
cold,job,instant,25c,2,1187.0,1269.927435554564,371326976,0,371326976,956e59b9c5855bea01d2ef1a35073ad2635bb94698b44a53b98dd8c92f141848,0,False
cold,job,instant,25c,3,1166.0,1253.769830800593,371326976,0,371326976,956e59b9c5855bea01d2ef1a35073ad2635bb94698b44a53b98dd8c92f141848,0,False
cold,job,instant,26a,1,1046.0,1128.4311031922698,364761088,0,364761088,7f8a02b86273b236f5bb9ba9ac9bae28e25cef4e624a61bc9f8c15e52a14b705,0,False
cold,job,instant,26a,2,1034.0,1117.099929600954,364761088,0,364761088,7f8a02b86273b236f5bb9ba9ac9bae28e25cef4e624a61bc9f8c15e52a14b705,0,False
cold,job,instant,26a,3,1030.0,1112.544140778482,364761088,0,364761088,7f8a02b86273b236f5bb9ba9ac9bae28e25cef4e624a61bc9f8c15e52a14b705,0,False
cold,job,instant,26b,1,910.0,991.2274172529578,305950720,0,305950720,7c669de000f60c5ac1b3091bf9ed3a0b3323e57f16d776a5f4517c264be99a5a,0,False
cold,job,instant,26b,2,902.0,982.4591530486941,305950720,0,305950720,7c669de000f60c5ac1b3091bf9ed3a0b3323e57f16d776a5f4517c264be99a5a,0,False
cold,job,instant,26b,3,891.0,972.5970160216093,305950720,0,305950720,7c669de000f60c5ac1b3091bf9ed3a0b3323e57f16d776a5f4517c264be99a5a,0,False
cold,job,instant,26c,1,1004.0,1095.9287378937006,326520832,0,326520832,22b8c3533187d30ccb3d865e9faecd1464f965a1ff32abf4e62fb941bf8346c8,0,False
cold,job,instant,26c,2,1000.9999999999999,1084.6556266769767,326520832,0,326520832,22b8c3533187d30ccb3d865e9faecd1464f965a1ff32abf4e62fb941bf8346c8,0,False
cold,job,instant,26c,3,983.0,1066.2876265123487,326520832,0,326520832,22b8c3533187d30ccb3d865e9faecd1464f965a1ff32abf4e62fb941bf8346c8,0,False
cold,job,instant,27a,1,168.0,248.48157074302435,79785984,0,79785984,ea776b4cb43066a5ee13ee751c614973becdcd37d77ccf979558e12219b8c8ca,0,False
cold,job,instant,27a,2,162.0,241.45572260022163,79785984,0,79785984,ea776b4cb43066a5ee13ee751c614973becdcd37d77ccf979558e12219b8c8ca,0,False
cold,job,instant,27a,3,162.0,240.67703261971474,79785984,0,79785984,ea776b4cb43066a5ee13ee751c614973becdcd37d77ccf979558e12219b8c8ca,0,False
cold,job,instant,27b,1,170.0,248.488730750978,79261696,0,79261696,2830e9f1def171e0a695b76715594bd362de67d5bba65e8ba8cf250400b716fe,0,False
cold,job,instant,27b,2,167.0,247.00319673866034,79523840,0,79523840,2830e9f1def171e0a695b76715594bd362de67d5bba65e8ba8cf250400b716fe,0,False
cold,job,instant,27b,3,164.0,245.10995391756296,79523840,0,79523840,2830e9f1def171e0a695b76715594bd362de67d5bba65e8ba8cf250400b716fe,0,False
cold,job,instant,27c,1,164.0,244.3169467151165,79785984,0,79785984,ea776b4cb43066a5ee13ee751c614973becdcd37d77ccf979558e12219b8c8ca,0,False
cold,job,instant,27c,2,168.0,245.49446161836386,79785984,0,79785984,ea776b4cb43066a5ee13ee751c614973becdcd37d77ccf979558e12219b8c8ca,0,False
cold,job,instant,27c,3,170.0,249.06977638602257,79785984,0,79785984,ea776b4cb43066a5ee13ee751c614973becdcd37d77ccf979558e12219b8c8ca,0,False
cold,job,instant,28a,1,261.0,339.2880419269204,108888064,0,108888064,f35e15e5ead599b31abf448417f863da86610d3177a787980355ce7404b9206d,0,False
cold,job,instant,28a,2,237.0,316.62799697369337,109150208,0,109150208,f35e15e5ead599b31abf448417f863da86610d3177a787980355ce7404b9206d,0,False
cold,job,instant,28a,3,237.0,316.41932390630245,110198784,0,110198784,f35e15e5ead599b31abf448417f863da86610d3177a787980355ce7404b9206d,0,False
cold,job,instant,28b,1,233.0,316.2624416872859,82411520,0,82411520,834d65c81a3e5f0b36520def841bf2be3131c6e7d132e3719ca307512fda0f14,0,False
cold,job,instant,28b,2,181.0,260.2987978607416,82149376,0,82149376,834d65c81a3e5f0b36520def841bf2be3131c6e7d132e3719ca307512fda0f14,0,False
cold,job,instant,28b,3,183.0,262.547611258924,82149376,0,82149376,834d65c81a3e5f0b36520def841bf2be3131c6e7d132e3719ca307512fda0f14,0,False
cold,job,instant,28c,1,275.0,355.0045685842633,110985216,0,110985216,f3678553b4c587b6dffa443561fc8a1bbd44a408476201160c0c812b963a0f53,0,False
cold,job,instant,28c,2,256.0,337.2342102229595,111509504,0,111509504,f3678553b4c587b6dffa443561fc8a1bbd44a408476201160c0c812b963a0f53,0,False
cold,job,instant,28c,3,254.0,349.03916623443365,111509504,0,111509504,f3678553b4c587b6dffa443561fc8a1bbd44a408476201160c0c812b963a0f53,0,False
cold,job,instant,29a,1,534.0,614.8381242528558,211103744,0,211103744,512354bf2bc70a0dd2dfc36c81daf6b950b76ab693ed35b4a0c867a43f77368f,0,False
cold,job,instant,29a,2,521.0,602.1790467202663,211890176,0,211890176,512354bf2bc70a0dd2dfc36c81daf6b950b76ab693ed35b4a0c867a43f77368f,0,False
cold,job,instant,29a,3,529.0,610.4309381917119,214773760,0,214773760,512354bf2bc70a0dd2dfc36c81daf6b950b76ab693ed35b4a0c867a43f77368f,0,False
cold,job,instant,29b,1,549.0,633.6380066350102,209006592,0,209006592,512354bf2bc70a0dd2dfc36c81daf6b950b76ab693ed35b4a0c867a43f77368f,0,False
cold,job,instant,29b,2,538.0,620.3107973560691,218476544,0,218476544,512354bf2bc70a0dd2dfc36c81daf6b950b76ab693ed35b4a0c867a43f77368f,0,False
cold,job,instant,29b,3,513.0,602.0043538883328,207138816,0,207138816,512354bf2bc70a0dd2dfc36c81daf6b950b76ab693ed35b4a0c867a43f77368f,0,False
cold,job,instant,29c,1,622.0,704.1448671370745,245243904,0,245243904,99eac0225db341ba2d73204cdbd6fef775fbec98308bc4939ee1ebfad1b38c0b,0,False
cold,job,instant,29c,2,610.0,692.0974580571055,260972544,0,260972544,99eac0225db341ba2d73204cdbd6fef775fbec98308bc4939ee1ebfad1b38c0b,0,False
cold,job,instant,29c,3,576.0,659.7003927454352,240787456,0,240787456,99eac0225db341ba2d73204cdbd6fef775fbec98308bc4939ee1ebfad1b38c0b,0,False
cold,job,instant,30a,1,955.0,1036.998175084591,362151936,0,362151936,a96523021fefab47fbe2dfbf0141d0a3a300b2a5b78aa2baa14896b37841916e,0,False
cold,job,instant,30a,2,939.0,1022.6473985239863,361627648,0,361627648,a96523021fefab47fbe2dfbf0141d0a3a300b2a5b78aa2baa14896b37841916e,0,False
cold,job,instant,30a,3,949.0,1031.522142700851,362414080,0,362414080,a96523021fefab47fbe2dfbf0141d0a3a300b2a5b78aa2baa14896b37841916e,0,False
cold,job,instant,30b,1,739.0,820.4897465184331,291340288,0,291340288,c7c3c6257fdb2a3ab79d0def5064b051fe6794274560464f3b7e1eb5187ad7c1,0,False
cold,job,instant,30b,2,738.0,822.9250470176339,292388864,0,292388864,c7c3c6257fdb2a3ab79d0def5064b051fe6794274560464f3b7e1eb5187ad7c1,0,False
cold,job,instant,30b,3,726.0,808.2934254780412,292651008,0,292651008,c7c3c6257fdb2a3ab79d0def5064b051fe6794274560464f3b7e1eb5187ad7c1,0,False
cold,job,instant,30c,1,1116.0,1200.5599634721875,360579072,0,360579072,167828a045d6cd466177ce1d400a446f3c819d47293c9c70e4bf17465632821a,0,False
cold,job,instant,30c,2,1108.0,1190.5093789100647,361627648,0,361627648,167828a045d6cd466177ce1d400a446f3c819d47293c9c70e4bf17465632821a,0,False
cold,job,instant,30c,3,1107.0,1186.9724737480283,361627648,0,361627648,167828a045d6cd466177ce1d400a446f3c819d47293c9c70e4bf17465632821a,0,False
cold,job,instant,31a,1,970.0,1053.0181154608727,383418368,0,383418368,255f84793ebb9cc23de0166fb22b6c11cc0520f038d818f21fa8609dd9669ef7,0,False
cold,job,instant,31a,2,947.0,1029.0227364748716,384204800,0,384204800,255f84793ebb9cc23de0166fb22b6c11cc0520f038d818f21fa8609dd9669ef7,0,False
cold,job,instant,31a,3,966.0,1048.7349638715386,384204800,0,384204800,255f84793ebb9cc23de0166fb22b6c11cc0520f038d818f21fa8609dd9669ef7,0,False
cold,job,instant,31b,1,828.0,910.8820669353008,330366976,0,330366976,4dd25675b042522f24ffb936a21cafbaecf66727118a2dd79079326061f7b3e7,0,False
cold,job,instant,31b,2,818.0,900.1269666478038,332234752,0,332234752,4dd25675b042522f24ffb936a21cafbaecf66727118a2dd79079326061f7b3e7,0,False
cold,job,instant,31b,3,804.0,888.2106328383088,330629120,0,330629120,4dd25675b042522f24ffb936a21cafbaecf66727118a2dd79079326061f7b3e7,0,False
cold,job,instant,31c,1,997.0,1079.4385625049472,394428416,0,394428416,77d4bd293175101fcd0e3ae1a25b058d7e5663547f4b50493f546e7358c6bd31,0,False
cold,job,instant,31c,2,992.0,1073.4924795106053,393904128,0,393904128,77d4bd293175101fcd0e3ae1a25b058d7e5663547f4b50493f546e7358c6bd31,0,False
cold,job,instant,31c,3,1004.9999999999999,1091.3821356371045,393674752,0,393674752,77d4bd293175101fcd0e3ae1a25b058d7e5663547f4b50493f546e7358c6bd31,0,False
cold,job,instant,32a,1,32.0,107.7113002538681,20545536,0,20545536,391e9f7cc58a0915e4240408ec8de3e947b3ed1197141757d94613ddcfeb945b,0,False
cold,job,instant,32a,2,33.0,107.6155612245202,20545536,0,20545536,391e9f7cc58a0915e4240408ec8de3e947b3ed1197141757d94613ddcfeb945b,0,False
cold,job,instant,32a,3,31.0,107.20258392393589,20545536,0,20545536,391e9f7cc58a0915e4240408ec8de3e947b3ed1197141757d94613ddcfeb945b,0,False
cold,job,instant,32b,1,97.0,172.85794205963612,50167808,0,50167808,d463c9a0009b055de45f087a75a3b20a09dcc453647a52733898abe173a47680,0,False
cold,job,instant,32b,2,92.0,170.19576486200094,50167808,0,50167808,d463c9a0009b055de45f087a75a3b20a09dcc453647a52733898abe173a47680,0,False
cold,job,instant,32b,3,90.0,163.84888533502817,50167808,0,50167808,d463c9a0009b055de45f087a75a3b20a09dcc453647a52733898abe173a47680,0,False
cold,job,instant,33a,1,91.0,167.04530641436577,40239104,0,40239104,6aebb009f054fda36f3cf13cb2aed940fcf421e3cd58cd2d573e77d1885334b4,0,False
cold,job,instant,33a,2,95.0,174.95249956846237,40239104,0,40239104,6aebb009f054fda36f3cf13cb2aed940fcf421e3cd58cd2d573e77d1885334b4,0,False
cold,job,instant,33a,3,100.0,177.62327380478382,40239104,0,40239104,6aebb009f054fda36f3cf13cb2aed940fcf421e3cd58cd2d573e77d1885334b4,0,False
cold,job,instant,33b,1,90.0,169.89885922521353,41025536,0,41025536,a8b0343c954c029f8a09e06261c0b4c455a65d03729edeb2d6bbb99afedf6805,0,False
cold,job,instant,33b,2,90.0,164.40485510975122,40763392,0,40763392,a8b0343c954c029f8a09e06261c0b4c455a65d03729edeb2d6bbb99afedf6805,0,False
cold,job,instant,33b,3,93.0,169.1042548045516,40501248,0,40501248,a8b0343c954c029f8a09e06261c0b4c455a65d03729edeb2d6bbb99afedf6805,0,False
cold,job,instant,33c,1,109.0,195.59927750378847,46006272,0,46006272,f2339b2fdfeb22ba2188c6ee4f06f939deb73b2b74ce62eaffd55a01dab45b51,0,False
cold,job,instant,33c,2,112.0,190.30715059489012,45744128,0,45744128,f2339b2fdfeb22ba2188c6ee4f06f939deb73b2b74ce62eaffd55a01dab45b51,0,False
cold,job,instant,33c,3,106.0,180.6471310555935,46006272,0,46006272,f2339b2fdfeb22ba2188c6ee4f06f939deb73b2b74ce62eaffd55a01dab45b51,0,False
cold,tpch_sf10,oracle,q01,1,2449.0,2517.3120759427547,616153088,0,616153088,87526bc855b8be14cfbe592c1930b7782e550df76fc61ac89ff651c012cc83df,0,False
cold,tpch_sf10,oracle,q01,2,2454.0,2520.3982181847095,616153088,0,616153088,87526bc855b8be14cfbe592c1930b7782e550df76fc61ac89ff651c012cc83df,0,False
cold,tpch_sf10,oracle,q01,3,2464.0,2533.264190889895,616153088,0,616153088,87526bc855b8be14cfbe592c1930b7782e550df76fc61ac89ff651c012cc83df,0,False
cold,tpch_sf10,oracle,q02,1,288.0,332.44837261736393,79085568,0,79085568,bf41b62217f6365f5d275641c5c29b1b3ddbe3ffdec88fb0e9fcaa5644109f9f,0,False
cold,tpch_sf10,oracle,q02,2,290.0,334.06281750649214,80035840,0,80035840,bf41b62217f6365f5d275641c5c29b1b3ddbe3ffdec88fb0e9fcaa5644109f9f,0,False
cold,tpch_sf10,oracle,q02,3,290.0,348.718605004251,78954496,0,78954496,bf41b62217f6365f5d275641c5c29b1b3ddbe3ffdec88fb0e9fcaa5644109f9f,0,False
cold,tpch_sf10,oracle,q03,1,1912.0,1979.8182528465986,783556608,0,783556608,ab250cea0813f18255d007786af114ae3a1ac93b7214bcd6ef4a101db5a13168,0,False
cold,tpch_sf10,oracle,q03,2,1899.0,1968.727346509695,783032320,0,783032320,ab250cea0813f18255d007786af114ae3a1ac93b7214bcd6ef4a101db5a13168,0,False
cold,tpch_sf10,oracle,q03,3,1898.0,1967.1456506475806,783556608,0,783556608,ab250cea0813f18255d007786af114ae3a1ac93b7214bcd6ef4a101db5a13168,0,False
cold,tpch_sf10,oracle,q04,1,1788.0,1853.9307536557317,577257472,0,577257472,466f36f54fb9ad16f5c23ee9e3cb09ece90ee32a4cb561df5f5f276ca44fb19f,0,False
cold,tpch_sf10,oracle,q04,2,1766.0,1828.9450462907553,577257472,0,577257472,466f36f54fb9ad16f5c23ee9e3cb09ece90ee32a4cb561df5f5f276ca44fb19f,0,False
cold,tpch_sf10,oracle,q04,3,1771.0,1835.9364680945873,577257472,0,577257472,466f36f54fb9ad16f5c23ee9e3cb09ece90ee32a4cb561df5f5f276ca44fb19f,0,False
cold,tpch_sf10,oracle,q05,1,2003.0,2078.5858491435647,733487104,0,733487104,902ebba727979467756178b19ed7cee8a1df80328c7660a38c8d110b925353c0,0,False
cold,tpch_sf10,oracle,q05,2,2021.0,2096.4761981740594,733224960,0,733224960,902ebba727979467756178b19ed7cee8a1df80328c7660a38c8d110b925353c0,0,False
cold,tpch_sf10,oracle,q05,3,2017.9999999999998,2100.8852003142238,733224960,0,733224960,902ebba727979467756178b19ed7cee8a1df80328c7660a38c8d110b925353c0,0,False
cold,tpch_sf10,oracle,q06,1,1441.0,1507.677061483264,614809600,0,614809600,085140a4231b076ae984bfc445b85a8b4b0deb0c4315eb893f354cf768752734,0,False
cold,tpch_sf10,oracle,q06,2,1389.0,1455.2172208204865,615071744,0,615071744,085140a4231b076ae984bfc445b85a8b4b0deb0c4315eb893f354cf768752734,0,False
cold,tpch_sf10,oracle,q06,3,1385.0,1453.3883314579725,614809600,0,614809600,085140a4231b076ae984bfc445b85a8b4b0deb0c4315eb893f354cf768752734,0,False
cold,tpch_sf10,oracle,q07,1,2087.0,2161.822837777436,894181376,0,894181376,9b3e6dfd5d1e101c35351837b3eeb67cb89c70ae011d76ff23f4ef22dc623663,0,False
cold,tpch_sf10,oracle,q07,2,2077.0,2150.811331346631,894181376,0,894181376,9b3e6dfd5d1e101c35351837b3eeb67cb89c70ae011d76ff23f4ef22dc623663,0,False
cold,tpch_sf10,oracle,q07,3,2111.0,2186.225298792124,894181376,0,894181376,9b3e6dfd5d1e101c35351837b3eeb67cb89c70ae011d76ff23f4ef22dc623663,0,False
cold,tpch_sf10,oracle,q08,1,2259.0,2338.2303528487682,929112064,0,929112064,b486fb0460847b2410b9b658b6b93c7855fd71eba7ce9c609937840ee08e1012,0,False
cold,tpch_sf10,oracle,q08,2,2256.0,2338.5302862152457,929144832,0,929144832,b486fb0460847b2410b9b658b6b93c7855fd71eba7ce9c609937840ee08e1012,0,False
cold,tpch_sf10,oracle,q08,3,2282.0,2361.748327501118,929636352,0,929636352,b486fb0460847b2410b9b658b6b93c7855fd71eba7ce9c609937840ee08e1012,0,False
cold,tpch_sf10,oracle,q09,1,3631.0,3725.833209231496,1145126912,0,1145126912,5f699bf8b4dda5aeb686b2bbdd9aa7e91c27e88bfaf2983aeb90f46272a9b024,0,False
cold,tpch_sf10,oracle,q09,2,3634.0,3726.223741658032,1145126912,0,1145126912,5f699bf8b4dda5aeb686b2bbdd9aa7e91c27e88bfaf2983aeb90f46272a9b024,0,False
cold,tpch_sf10,oracle,q09,3,3633.0,3737.349142320454,1145126912,0,1145126912,5f699bf8b4dda5aeb686b2bbdd9aa7e91c27e88bfaf2983aeb90f46272a9b024,0,False
cold,tpch_sf10,oracle,q10,1,2692.0,2787.349614314735,861409280,0,861409280,8c1e8ac9fa6b922a55adea1e42db2b0c5fbb628875b247d321495f46aaef27bf,0,False
cold,tpch_sf10,oracle,q10,2,2630.0,2714.7209029644728,861409280,0,861409280,8c1e8ac9fa6b922a55adea1e42db2b0c5fbb628875b247d321495f46aaef27bf,0,False
cold,tpch_sf10,oracle,q10,3,2625.0,2708.0971244722605,861409280,0,861409280,8c1e8ac9fa6b922a55adea1e42db2b0c5fbb628875b247d321495f46aaef27bf,0,False
cold,tpch_sf10,oracle,q11,1,255.0,297.0067514106631,71286784,0,71286784,01ba4719c80b6fe911b091a7c05124b64eeece964e09c058ef8f9805daca546b,0,False
cold,tpch_sf10,oracle,q11,2,248.0,290.3573112562299,71286784,0,71286784,01ba4719c80b6fe911b091a7c05124b64eeece964e09c058ef8f9805daca546b,0,False
cold,tpch_sf10,oracle,q11,3,265.0,309.640945866704,71286784,0,71286784,01ba4719c80b6fe911b091a7c05124b64eeece964e09c058ef8f9805daca546b,0,False
cold,tpch_sf10,oracle,q12,1,2007.0000000000002,2072.943522594869,705970176,0,705970176,afd723efe5928ef3f3c8b2f4815ecb0774698064a9710402eda6e706b6653663,0,False
cold,tpch_sf10,oracle,q12,2,2017.0,2084.095299243927,705970176,0,705970176,afd723efe5928ef3f3c8b2f4815ecb0774698064a9710402eda6e706b6653663,0,False
cold,tpch_sf10,oracle,q12,3,2025.0,2099.5611771941185,706068480,0,706068480,afd723efe5928ef3f3c8b2f4815ecb0774698064a9710402eda6e706b6653663,0,False
cold,tpch_sf10,oracle,q13,1,2732.0,2792.7889320999384,341848064,0,341848064,de9be9f23b9d32891c7d4c0b977de68261c8c8135cd55b1cfcd6047495c6cc60,0,False
cold,tpch_sf10,oracle,q13,2,2757.0,2817.3916675150394,341848064,0,341848064,de9be9f23b9d32891c7d4c0b977de68261c8c8135cd55b1cfcd6047495c6cc60,0,False
cold,tpch_sf10,oracle,q13,3,2723.0,2779.800971969962,341848064,0,341848064,de9be9f23b9d32891c7d4c0b977de68261c8c8135cd55b1cfcd6047495c6cc60,0,False
cold,tpch_sf10,oracle,q14,1,1694.0,1766.0083025693893,793853952,0,793853952,ada69c57ebb07c4be175dcfa3b1acab32957969874c42aeaf7937b0d375fdcb6,0,False
cold,tpch_sf10,oracle,q14,2,1708.0,1793.1985286995769,793853952,0,793853952,ada69c57ebb07c4be175dcfa3b1acab32957969874c42aeaf7937b0d375fdcb6,0,False
cold,tpch_sf10,oracle,q14,3,1690.0,1765.9081751480699,793853952,0,793853952,ada69c57ebb07c4be175dcfa3b1acab32957969874c42aeaf7937b0d375fdcb6,0,False
cold,tpch_sf10,oracle,q15,1,1518.0,1582.442719489336,633454592,0,633454592,a6b4beb0686071a002a93690a28d295ff71920962fa915bea882a313bd5be3f5,0,False
cold,tpch_sf10,oracle,q15,2,1561.0,1627.807218581438,633454592,0,633454592,a6b4beb0686071a002a93690a28d295ff71920962fa915bea882a313bd5be3f5,0,False
cold,tpch_sf10,oracle,q15,3,1531.0,1596.9030726701021,633454592,0,633454592,a6b4beb0686071a002a93690a28d295ff71920962fa915bea882a313bd5be3f5,0,False
cold,tpch_sf10,oracle,q16,1,435.0,488.49192913621664,46743552,0,46743552,0be12c4f87e0d7d979745bbdd9931dfa200723da97e437f7998e239b85265500,0,False
cold,tpch_sf10,oracle,q16,2,437.0,486.35801300406456,46743552,0,46743552,0be12c4f87e0d7d979745bbdd9931dfa200723da97e437f7998e239b85265500,0,False
cold,tpch_sf10,oracle,q16,3,438.0,483.60559437423944,46743552,0,46743552,0be12c4f87e0d7d979745bbdd9931dfa200723da97e437f7998e239b85265500,0,False
cold,tpch_sf10,oracle,q17,1,1665.0,1733.913904055953,774684672,0,774684672,80ece3eb71e9582fbdb9648f54938aac3348c8ac574ea496d887da9d470528ce,0,False
cold,tpch_sf10,oracle,q17,2,1649.0,1715.1217442005873,774684672,0,774684672,80ece3eb71e9582fbdb9648f54938aac3348c8ac574ea496d887da9d470528ce,0,False
cold,tpch_sf10,oracle,q17,3,1655.0,1729.7104373574257,774684672,0,774684672,80ece3eb71e9582fbdb9648f54938aac3348c8ac574ea496d887da9d470528ce,0,False
cold,tpch_sf10,oracle,q18,1,3270.0,3343.7701798975468,569360384,0,569360384,836476a75e3e834142808170094a4941e2776ed7e71b6b0ace94eb7b13f25a8e,0,False
cold,tpch_sf10,oracle,q18,2,3226.0,3298.104169778526,569360384,0,569360384,836476a75e3e834142808170094a4941e2776ed7e71b6b0ace94eb7b13f25a8e,0,False
cold,tpch_sf10,oracle,q18,3,3246.0,3320.8132376894355,569360384,0,569360384,836476a75e3e834142808170094a4941e2776ed7e71b6b0ace94eb7b13f25a8e,0,False
cold,tpch_sf10,oracle,q19,1,2772.0,2851.58933699131,1094565888,0,1094565888,9f58bd0331b4048c0c8830ae415e993916c8097e662b4eb3adde5680fdc82c62,0,False
cold,tpch_sf10,oracle,q19,2,2794.0,2877.2098999470472,1095024640,0,1095024640,9f58bd0331b4048c0c8830ae415e993916c8097e662b4eb3adde5680fdc82c62,0,False
cold,tpch_sf10,oracle,q19,3,2533.0,2615.431091748178,1096400896,0,1096400896,9f58bd0331b4048c0c8830ae415e993916c8097e662b4eb3adde5680fdc82c62,0,False
cold,tpch_sf10,oracle,q20,1,1870.0,1945.8518587052822,896921600,0,896921600,55d95cef949d06ab99c591ddb23e2d59e12c6d842c4e1644a8d4ff2b0fd37e4c,0,False
cold,tpch_sf10,oracle,q20,2,1895.0,1970.375295728445,896921600,0,896921600,55d95cef949d06ab99c591ddb23e2d59e12c6d842c4e1644a8d4ff2b0fd37e4c,0,False
cold,tpch_sf10,oracle,q20,3,1928.0,2005.2906582131982,897376256,0,897376256,55d95cef949d06ab99c591ddb23e2d59e12c6d842c4e1644a8d4ff2b0fd37e4c,0,False
cold,tpch_sf10,oracle,q21,1,3245.0,3323.560617864132,735883264,0,735883264,958be20bb3302948a96fcba0887fd40d7db16300a7599d18cfb5c50e5eefc501,0,False
cold,tpch_sf10,oracle,q21,2,3298.0,3377.403032965958,735621120,0,735621120,958be20bb3302948a96fcba0887fd40d7db16300a7599d18cfb5c50e5eefc501,0,False
cold,tpch_sf10,oracle,q21,3,3286.0,3364.043327048421,735621120,0,735621120,958be20bb3302948a96fcba0887fd40d7db16300a7599d18cfb5c50e5eefc501,0,False
cold,tpch_sf10,oracle,q22,1,488.0,531.2391594052315,88457216,0,88457216,53454ae4dda6a856f19b960eb45c2adf3e325a4f94587699c56e521dd6d3be6a,0,False
cold,tpch_sf10,oracle,q22,2,496.0,539.5780578255653,88457216,0,88457216,53454ae4dda6a856f19b960eb45c2adf3e325a4f94587699c56e521dd6d3be6a,0,False
cold,tpch_sf10,oracle,q22,3,492.0,535.3679722175002,88457216,0,88457216,53454ae4dda6a856f19b960eb45c2adf3e325a4f94587699c56e521dd6d3be6a,0,False
cold,tpch_sf10,prepared,q01,1,2301.0,2498.29987809062,616169472,0,616169472,87526bc855b8be14cfbe592c1930b7782e550df76fc61ac89ff651c012cc83df,0,False
cold,tpch_sf10,prepared,q01,2,2308.0,2518.1339336559176,616169472,0,616169472,87526bc855b8be14cfbe592c1930b7782e550df76fc61ac89ff651c012cc83df,0,False
cold,tpch_sf10,prepared,q01,3,2300.0,2500.316041521728,616169472,0,616169472,87526bc855b8be14cfbe592c1930b7782e550df76fc61ac89ff651c012cc83df,0,False
cold,tpch_sf10,prepared,q02,1,259.0,451.6253126785159,78970880,0,78970880,bf41b62217f6365f5d275641c5c29b1b3ddbe3ffdec88fb0e9fcaa5644109f9f,0,False
cold,tpch_sf10,prepared,q02,2,259.0,459.3944437801838,78970880,0,78970880,bf41b62217f6365f5d275641c5c29b1b3ddbe3ffdec88fb0e9fcaa5644109f9f,0,False
cold,tpch_sf10,prepared,q02,3,262.0,454.7593332827091,78970880,0,78970880,bf41b62217f6365f5d275641c5c29b1b3ddbe3ffdec88fb0e9fcaa5644109f9f,0,False
cold,tpch_sf10,prepared,q03,1,1804.0,2004.328048788011,783900672,0,783900672,ab250cea0813f18255d007786af114ae3a1ac93b7214bcd6ef4a101db5a13168,0,False
cold,tpch_sf10,prepared,q03,2,1792.0,1994.0118817612529,783867904,0,783867904,ab250cea0813f18255d007786af114ae3a1ac93b7214bcd6ef4a101db5a13168,0,False
cold,tpch_sf10,prepared,q03,3,1801.0,2000.7341923192143,783835136,0,783835136,ab250cea0813f18255d007786af114ae3a1ac93b7214bcd6ef4a101db5a13168,0,False
cold,tpch_sf10,prepared,q04,1,1575.0,1777.2409953176975,577273856,0,577273856,466f36f54fb9ad16f5c23ee9e3cb09ece90ee32a4cb561df5f5f276ca44fb19f,0,False
cold,tpch_sf10,prepared,q04,2,1592.0,1788.1964342668653,577273856,0,577273856,466f36f54fb9ad16f5c23ee9e3cb09ece90ee32a4cb561df5f5f276ca44fb19f,0,False
cold,tpch_sf10,prepared,q04,3,1583.0,1781.9786667823792,577273856,0,577273856,466f36f54fb9ad16f5c23ee9e3cb09ece90ee32a4cb561df5f5f276ca44fb19f,0,False
cold,tpch_sf10,prepared,q05,1,1909.0,2107.810003682971,733503488,0,733503488,902ebba727979467756178b19ed7cee8a1df80328c7660a38c8d110b925353c0,0,False
cold,tpch_sf10,prepared,q05,2,1902.0,2101.937244646251,733241344,0,733241344,902ebba727979467756178b19ed7cee8a1df80328c7660a38c8d110b925353c0,0,False
cold,tpch_sf10,prepared,q05,3,1932.0,2131.7211128771305,733503488,0,733503488,902ebba727979467756178b19ed7cee8a1df80328c7660a38c8d110b925353c0,0,False
cold,tpch_sf10,prepared,q06,1,1274.0,1472.0101645216346,615088128,0,615088128,085140a4231b076ae984bfc445b85a8b4b0deb0c4315eb893f354cf768752734,0,False
cold,tpch_sf10,prepared,q06,2,1260.0,1457.0126226171851,615088128,0,615088128,085140a4231b076ae984bfc445b85a8b4b0deb0c4315eb893f354cf768752734,0,False
cold,tpch_sf10,prepared,q06,3,1268.0,1463.9474507421255,615088128,0,615088128,085140a4231b076ae984bfc445b85a8b4b0deb0c4315eb893f354cf768752734,0,False
cold,tpch_sf10,prepared,q07,1,1998.0,2198.770297691226,894197760,0,894197760,9b3e6dfd5d1e101c35351837b3eeb67cb89c70ae011d76ff23f4ef22dc623663,0,False
cold,tpch_sf10,prepared,q07,2,2021.9999999999998,2224.897116422653,894197760,0,894197760,9b3e6dfd5d1e101c35351837b3eeb67cb89c70ae011d76ff23f4ef22dc623663,0,False
cold,tpch_sf10,prepared,q07,3,1993.0,2196.260274387896,894197760,0,894197760,9b3e6dfd5d1e101c35351837b3eeb67cb89c70ae011d76ff23f4ef22dc623663,0,False
cold,tpch_sf10,prepared,q08,1,2238.0,2438.1481828168035,928931840,0,928931840,b486fb0460847b2410b9b658b6b93c7855fd71eba7ce9c609937840ee08e1012,0,False
cold,tpch_sf10,prepared,q08,2,2224.0,2427.8657231479883,929685504,0,929685504,b486fb0460847b2410b9b658b6b93c7855fd71eba7ce9c609937840ee08e1012,0,False
cold,tpch_sf10,prepared,q08,3,2198.0,2403.372822329402,929624064,0,929624064,b486fb0460847b2410b9b658b6b93c7855fd71eba7ce9c609937840ee08e1012,0,False
cold,tpch_sf10,prepared,q09,1,3426.0,3644.9308693408966,1145143296,0,1145143296,5f699bf8b4dda5aeb686b2bbdd9aa7e91c27e88bfaf2983aeb90f46272a9b024,0,False
cold,tpch_sf10,prepared,q09,2,3392.0,3596.834002994001,1145143296,0,1145143296,5f699bf8b4dda5aeb686b2bbdd9aa7e91c27e88bfaf2983aeb90f46272a9b024,0,False
cold,tpch_sf10,prepared,q09,3,3367.0,3579.7858526930213,1145143296,0,1145143296,5f699bf8b4dda5aeb686b2bbdd9aa7e91c27e88bfaf2983aeb90f46272a9b024,0,False
cold,tpch_sf10,prepared,q10,1,2640.0,2850.837767124176,861409280,0,861409280,8c1e8ac9fa6b922a55adea1e42db2b0c5fbb628875b247d321495f46aaef27bf,0,False
cold,tpch_sf10,prepared,q10,2,2676.0,2890.6483594328165,861409280,0,861409280,8c1e8ac9fa6b922a55adea1e42db2b0c5fbb628875b247d321495f46aaef27bf,0,False
cold,tpch_sf10,prepared,q10,3,2653.0,2865.0717195123434,861409280,0,861409280,8c1e8ac9fa6b922a55adea1e42db2b0c5fbb628875b247d321495f46aaef27bf,0,False
cold,tpch_sf10,prepared,q11,1,236.0,428.77415008842945,71303168,0,71303168,01ba4719c80b6fe911b091a7c05124b64eeece964e09c058ef8f9805daca546b,0,False
cold,tpch_sf10,prepared,q11,2,238.0,433.8773423805833,71303168,0,71303168,01ba4719c80b6fe911b091a7c05124b64eeece964e09c058ef8f9805daca546b,0,False
cold,tpch_sf10,prepared,q11,3,236.0,429.92254719138145,71303168,0,71303168,01ba4719c80b6fe911b091a7c05124b64eeece964e09c058ef8f9805daca546b,0,False
cold,tpch_sf10,prepared,q12,1,1974.0,2173.151860013604,706084864,0,706084864,afd723efe5928ef3f3c8b2f4815ecb0774698064a9710402eda6e706b6653663,0,False
cold,tpch_sf10,prepared,q12,2,2001.9999999999998,2210.278758779168,705986560,0,705986560,afd723efe5928ef3f3c8b2f4815ecb0774698064a9710402eda6e706b6653663,0,False
cold,tpch_sf10,prepared,q12,3,2037.9999999999998,2239.4645558670163,706052096,0,706052096,afd723efe5928ef3f3c8b2f4815ecb0774698064a9710402eda6e706b6653663,0,False
cold,tpch_sf10,prepared,q13,1,2840.0,3035.738934762776,342618112,0,342618112,de9be9f23b9d32891c7d4c0b977de68261c8c8135cd55b1cfcd6047495c6cc60,0,False
cold,tpch_sf10,prepared,q13,2,2843.0,3042.805471457541,341864448,0,341864448,de9be9f23b9d32891c7d4c0b977de68261c8c8135cd55b1cfcd6047495c6cc60,0,False
cold,tpch_sf10,prepared,q13,3,2830.0,3027.3275868967175,342388736,0,342388736,de9be9f23b9d32891c7d4c0b977de68261c8c8135cd55b1cfcd6047495c6cc60,0,False
cold,tpch_sf10,prepared,q14,1,1580.0,1782.9346470534801,793870336,0,793870336,ada69c57ebb07c4be175dcfa3b1acab32957969874c42aeaf7937b0d375fdcb6,0,False
cold,tpch_sf10,prepared,q14,2,1576.0,1777.5296876206994,793870336,0,793870336,ada69c57ebb07c4be175dcfa3b1acab32957969874c42aeaf7937b0d375fdcb6,0,False
cold,tpch_sf10,prepared,q14,3,1557.0,1760.0000090897083,793870336,0,793870336,ada69c57ebb07c4be175dcfa3b1acab32957969874c42aeaf7937b0d375fdcb6,0,False
cold,tpch_sf10,prepared,q15,1,1482.0,1681.4124789088964,633470976,0,633470976,a6b4beb0686071a002a93690a28d295ff71920962fa915bea882a313bd5be3f5,0,False
cold,tpch_sf10,prepared,q15,2,1479.0,1693.4063509106636,633470976,0,633470976,a6b4beb0686071a002a93690a28d295ff71920962fa915bea882a313bd5be3f5,0,False
cold,tpch_sf10,prepared,q15,3,1442.0,1639.9146551266313,633470976,0,633470976,a6b4beb0686071a002a93690a28d295ff71920962fa915bea882a313bd5be3f5,0,False
cold,tpch_sf10,prepared,q16,1,458.0,651.5434365719557,46759936,0,46759936,0be12c4f87e0d7d979745bbdd9931dfa200723da97e437f7998e239b85265500,0,False
cold,tpch_sf10,prepared,q16,2,464.0,657.891090027988,46497792,0,46497792,0be12c4f87e0d7d979745bbdd9931dfa200723da97e437f7998e239b85265500,0,False
cold,tpch_sf10,prepared,q16,3,462.0,658.1448502838612,46759936,0,46759936,0be12c4f87e0d7d979745bbdd9931dfa200723da97e437f7998e239b85265500,0,False
cold,tpch_sf10,prepared,q17,1,1688.0,1901.1908797547221,774701056,0,774701056,80ece3eb71e9582fbdb9648f54938aac3348c8ac574ea496d887da9d470528ce,0,False
cold,tpch_sf10,prepared,q17,2,1694.0,1892.8238525986671,774701056,0,774701056,80ece3eb71e9582fbdb9648f54938aac3348c8ac574ea496d887da9d470528ce,0,False
cold,tpch_sf10,prepared,q17,3,1694.0,1890.184560790658,774701056,0,774701056,80ece3eb71e9582fbdb9648f54938aac3348c8ac574ea496d887da9d470528ce,0,False
cold,tpch_sf10,prepared,q18,1,3381.0,3601.4003036543727,567017472,0,567017472,836476a75e3e834142808170094a4941e2776ed7e71b6b0ace94eb7b13f25a8e,0,False
cold,tpch_sf10,prepared,q18,2,3332.0,3548.3646718785167,567017472,0,567017472,836476a75e3e834142808170094a4941e2776ed7e71b6b0ace94eb7b13f25a8e,0,False
cold,tpch_sf10,prepared,q18,3,3378.0,3618.058211170137,567640064,0,567640064,836476a75e3e834142808170094a4941e2776ed7e71b6b0ace94eb7b13f25a8e,0,False
cold,tpch_sf10,prepared,q19,1,2386.0,2589.1252625733614,1095139328,0,1095139328,9f58bd0331b4048c0c8830ae415e993916c8097e662b4eb3adde5680fdc82c62,0,False
cold,tpch_sf10,prepared,q19,2,2364.0,2573.068195953965,1095073792,0,1095073792,9f58bd0331b4048c0c8830ae415e993916c8097e662b4eb3adde5680fdc82c62,0,False
cold,tpch_sf10,prepared,q19,3,2327.0,2527.6965675875545,1094582272,0,1094582272,9f58bd0331b4048c0c8830ae415e993916c8097e662b4eb3adde5680fdc82c62,0,False
cold,tpch_sf10,prepared,q20,1,1950.0,2150.000429712236,897622016,0,897622016,55d95cef949d06ab99c591ddb23e2d59e12c6d842c4e1644a8d4ff2b0fd37e4c,0,False
cold,tpch_sf10,prepared,q20,2,1955.0,2159.9005991593003,897622016,0,897622016,55d95cef949d06ab99c591ddb23e2d59e12c6d842c4e1644a8d4ff2b0fd37e4c,0,False
cold,tpch_sf10,prepared,q20,3,2074.0,2272.681100293994,897622016,0,897622016,55d95cef949d06ab99c591ddb23e2d59e12c6d842c4e1644a8d4ff2b0fd37e4c,0,False
cold,tpch_sf10,prepared,q21,1,2671.0,2871.180959045887,735670272,0,735670272,958be20bb3302948a96fcba0887fd40d7db16300a7599d18cfb5c50e5eefc501,0,False
cold,tpch_sf10,prepared,q21,2,2709.0,2912.1723659336567,735637504,0,735637504,958be20bb3302948a96fcba0887fd40d7db16300a7599d18cfb5c50e5eefc501,0,False
cold,tpch_sf10,prepared,q21,3,2685.0,2884.8450649529696,735342592,0,735342592,958be20bb3302948a96fcba0887fd40d7db16300a7599d18cfb5c50e5eefc501,0,False
cold,tpch_sf10,prepared,q22,1,531.0,725.1864736899734,87490560,0,87490560,53454ae4dda6a856f19b960eb45c2adf3e325a4f94587699c56e521dd6d3be6a,0,False
cold,tpch_sf10,prepared,q22,2,518.0,710.006320849061,88473600,0,88473600,53454ae4dda6a856f19b960eb45c2adf3e325a4f94587699c56e521dd6d3be6a,0,False
cold,tpch_sf10,prepared,q22,3,526.0,725.206040777266,88473600,0,88473600,53454ae4dda6a856f19b960eb45c2adf3e325a4f94587699c56e521dd6d3be6a,0,False
cold,tpch_sf10,instant,q01,1,2306.0,2397.61505369097,616169472,0,616169472,87526bc855b8be14cfbe592c1930b7782e550df76fc61ac89ff651c012cc83df,0,False
cold,tpch_sf10,instant,q01,2,2279.0,2359.9984208121896,616169472,0,616169472,87526bc855b8be14cfbe592c1930b7782e550df76fc61ac89ff651c012cc83df,0,False
cold,tpch_sf10,instant,q01,3,2292.0,2374.4920156896114,616169472,0,616169472,87526bc855b8be14cfbe592c1930b7782e550df76fc61ac89ff651c012cc83df,0,False
cold,tpch_sf10,instant,q02,1,255.0,332.5051832944155,78970880,0,78970880,bf41b62217f6365f5d275641c5c29b1b3ddbe3ffdec88fb0e9fcaa5644109f9f,0,False
cold,tpch_sf10,instant,q02,2,255.0,336.2477021291852,78970880,0,78970880,bf41b62217f6365f5d275641c5c29b1b3ddbe3ffdec88fb0e9fcaa5644109f9f,0,False
cold,tpch_sf10,instant,q02,3,258.0,335.58184187859297,79331328,0,79331328,bf41b62217f6365f5d275641c5c29b1b3ddbe3ffdec88fb0e9fcaa5644109f9f,0,False
cold,tpch_sf10,instant,q03,1,1797.0,1879.465109668672,772472832,0,772472832,ab250cea0813f18255d007786af114ae3a1ac93b7214bcd6ef4a101db5a13168,0,False
cold,tpch_sf10,instant,q03,2,1767.0,1847.5762736052275,773029888,0,773029888,ab250cea0813f18255d007786af114ae3a1ac93b7214bcd6ef4a101db5a13168,0,False
cold,tpch_sf10,instant,q03,3,1747.0,1847.7513333782554,772734976,0,772734976,ab250cea0813f18255d007786af114ae3a1ac93b7214bcd6ef4a101db5a13168,0,False
cold,tpch_sf10,instant,q04,1,1597.0,1676.443936303258,577273856,0,577273856,466f36f54fb9ad16f5c23ee9e3cb09ece90ee32a4cb561df5f5f276ca44fb19f,0,False
cold,tpch_sf10,instant,q04,2,1575.0,1654.4892294332385,577273856,0,577273856,466f36f54fb9ad16f5c23ee9e3cb09ece90ee32a4cb561df5f5f276ca44fb19f,0,False
cold,tpch_sf10,instant,q04,3,1564.0,1642.0677807182074,577273856,0,577273856,466f36f54fb9ad16f5c23ee9e3cb09ece90ee32a4cb561df5f5f276ca44fb19f,0,False
cold,tpch_sf10,instant,q05,1,1907.0,1992.6912588998675,727318528,0,727318528,902ebba727979467756178b19ed7cee8a1df80328c7660a38c8d110b925353c0,0,False
cold,tpch_sf10,instant,q05,2,1857.0,1941.1017009988427,727613440,0,727613440,902ebba727979467756178b19ed7cee8a1df80328c7660a38c8d110b925353c0,0,False
cold,tpch_sf10,instant,q05,3,1839.0,1923.958657309413,727318528,0,727318528,902ebba727979467756178b19ed7cee8a1df80328c7660a38c8d110b925353c0,0,False
cold,tpch_sf10,instant,q06,1,1252.0,1332.6238943263888,615088128,0,615088128,085140a4231b076ae984bfc445b85a8b4b0deb0c4315eb893f354cf768752734,0,False
cold,tpch_sf10,instant,q06,2,1276.0,1354.6674316748977,614825984,0,614825984,085140a4231b076ae984bfc445b85a8b4b0deb0c4315eb893f354cf768752734,0,False
cold,tpch_sf10,instant,q06,3,1349.0,1428.924803622067,614825984,0,614825984,085140a4231b076ae984bfc445b85a8b4b0deb0c4315eb893f354cf768752734,0,False
cold,tpch_sf10,instant,q07,1,1980.0,2064.1214679926634,884899840,0,884899840,9b3e6dfd5d1e101c35351837b3eeb67cb89c70ae011d76ff23f4ef22dc623663,0,False
cold,tpch_sf10,instant,q07,2,1996.0,2081.3533077016473,884899840,0,884899840,9b3e6dfd5d1e101c35351837b3eeb67cb89c70ae011d76ff23f4ef22dc623663,0,False
cold,tpch_sf10,instant,q07,3,1994.0,2080.242706462741,884899840,0,884899840,9b3e6dfd5d1e101c35351837b3eeb67cb89c70ae011d76ff23f4ef22dc623663,0,False
cold,tpch_sf10,instant,q08,1,2167.0,2252.9545379802585,929660928,0,929660928,b486fb0460847b2410b9b658b6b93c7855fd71eba7ce9c609937840ee08e1012,0,False
cold,tpch_sf10,instant,q08,2,2168.0,2250.478775240481,929169408,0,929169408,b486fb0460847b2410b9b658b6b93c7855fd71eba7ce9c609937840ee08e1012,0,False
cold,tpch_sf10,instant,q08,3,2160.0,2246.789605356753,928645120,0,928645120,b486fb0460847b2410b9b658b6b93c7855fd71eba7ce9c609937840ee08e1012,0,False
cold,tpch_sf10,instant,q09,1,3325.0,3415.253675542772,1126563840,0,1126563840,5f699bf8b4dda5aeb686b2bbdd9aa7e91c27e88bfaf2983aeb90f46272a9b024,0,False
cold,tpch_sf10,instant,q09,2,3317.0,3426.038377918303,1126563840,0,1126563840,5f699bf8b4dda5aeb686b2bbdd9aa7e91c27e88bfaf2983aeb90f46272a9b024,0,False
cold,tpch_sf10,instant,q09,3,3321.0,3418.500794097781,1126563840,0,1126563840,5f699bf8b4dda5aeb686b2bbdd9aa7e91c27e88bfaf2983aeb90f46272a9b024,0,False
cold,tpch_sf10,instant,q10,1,2556.0,2644.2463072016835,849391616,0,849391616,8c1e8ac9fa6b922a55adea1e42db2b0c5fbb628875b247d321495f46aaef27bf,0,False
cold,tpch_sf10,instant,q10,2,2608.0,2696.0847536101937,849391616,0,849391616,8c1e8ac9fa6b922a55adea1e42db2b0c5fbb628875b247d321495f46aaef27bf,0,False
cold,tpch_sf10,instant,q10,3,2616.0,2704.6125708147883,849391616,0,849391616,8c1e8ac9fa6b922a55adea1e42db2b0c5fbb628875b247d321495f46aaef27bf,0,False
cold,tpch_sf10,instant,q11,1,232.0,307.22220707684755,66748416,0,66748416,01ba4719c80b6fe911b091a7c05124b64eeece964e09c058ef8f9805daca546b,0,False
cold,tpch_sf10,instant,q11,2,231.0,306.9364111870527,66748416,0,66748416,01ba4719c80b6fe911b091a7c05124b64eeece964e09c058ef8f9805daca546b,0,False
cold,tpch_sf10,instant,q11,3,230.0,305.92761375010014,66748416,0,66748416,01ba4719c80b6fe911b091a7c05124b64eeece964e09c058ef8f9805daca546b,0,False
cold,tpch_sf10,instant,q12,1,1955.0,2038.696532137692,689864704,0,689864704,afd723efe5928ef3f3c8b2f4815ecb0774698064a9710402eda6e706b6653663,0,False
cold,tpch_sf10,instant,q12,2,1936.0,2018.6262940987945,689799168,0,689799168,afd723efe5928ef3f3c8b2f4815ecb0774698064a9710402eda6e706b6653663,0,False
cold,tpch_sf10,instant,q12,3,1970.0,2048.9097805693746,689864704,0,689864704,afd723efe5928ef3f3c8b2f4815ecb0774698064a9710402eda6e706b6653663,0,False
cold,tpch_sf10,instant,q13,1,2821.0,2939.2172005027533,340848640,0,340848640,de9be9f23b9d32891c7d4c0b977de68261c8c8135cd55b1cfcd6047495c6cc60,0,False
cold,tpch_sf10,instant,q13,2,2863.0,2944.56310197711,341110784,0,341110784,de9be9f23b9d32891c7d4c0b977de68261c8c8135cd55b1cfcd6047495c6cc60,0,False
cold,tpch_sf10,instant,q13,3,2871.0,2948.706427589059,341372928,0,341372928,de9be9f23b9d32891c7d4c0b977de68261c8c8135cd55b1cfcd6047495c6cc60,0,False
cold,tpch_sf10,instant,q14,1,1550.0,1631.739204749465,787021824,0,787021824,ada69c57ebb07c4be175dcfa3b1acab32957969874c42aeaf7937b0d375fdcb6,0,False
cold,tpch_sf10,instant,q14,2,1555.0,1635.0821340456605,787021824,0,787021824,ada69c57ebb07c4be175dcfa3b1acab32957969874c42aeaf7937b0d375fdcb6,0,False
cold,tpch_sf10,instant,q14,3,1563.0,1644.4448996335268,787021824,0,787021824,ada69c57ebb07c4be175dcfa3b1acab32957969874c42aeaf7937b0d375fdcb6,0,False
cold,tpch_sf10,instant,q15,1,1481.0,1562.456926330924,633470976,0,633470976,a6b4beb0686071a002a93690a28d295ff71920962fa915bea882a313bd5be3f5,0,False
cold,tpch_sf10,instant,q15,2,1478.0,1555.9378433972597,633470976,0,633470976,a6b4beb0686071a002a93690a28d295ff71920962fa915bea882a313bd5be3f5,0,False
cold,tpch_sf10,instant,q15,3,1475.0,1554.8179307952523,633470976,0,633470976,a6b4beb0686071a002a93690a28d295ff71920962fa915bea882a313bd5be3f5,0,False
cold,tpch_sf10,instant,q16,1,448.0,523.4445882961154,45711360,0,45711360,0be12c4f87e0d7d979745bbdd9931dfa200723da97e437f7998e239b85265500,0,False
cold,tpch_sf10,instant,q16,2,444.0,525.4977587610483,45711360,0,45711360,0be12c4f87e0d7d979745bbdd9931dfa200723da97e437f7998e239b85265500,0,False
cold,tpch_sf10,instant,q16,3,445.0,522.7364860475063,45711360,0,45711360,0be12c4f87e0d7d979745bbdd9931dfa200723da97e437f7998e239b85265500,0,False
cold,tpch_sf10,instant,q17,1,1688.0,1769.604742527008,774701056,0,774701056,80ece3eb71e9582fbdb9648f54938aac3348c8ac574ea496d887da9d470528ce,0,False
cold,tpch_sf10,instant,q17,2,1681.0,1762.0173757895827,774701056,0,774701056,80ece3eb71e9582fbdb9648f54938aac3348c8ac574ea496d887da9d470528ce,0,False
cold,tpch_sf10,instant,q17,3,1680.0,1763.8607053086162,774701056,0,774701056,80ece3eb71e9582fbdb9648f54938aac3348c8ac574ea496d887da9d470528ce,0,False
cold,tpch_sf10,instant,q18,1,3324.0,3456.983116455376,552054784,0,552054784,836476a75e3e834142808170094a4941e2776ed7e71b6b0ace94eb7b13f25a8e,0,False
cold,tpch_sf10,instant,q18,2,3343.0,3445.9614995867014,552284160,0,552284160,836476a75e3e834142808170094a4941e2776ed7e71b6b0ace94eb7b13f25a8e,0,False
cold,tpch_sf10,instant,q18,3,3361.0,3451.1417504400015,552054784,0,552054784,836476a75e3e834142808170094a4941e2776ed7e71b6b0ace94eb7b13f25a8e,0,False
cold,tpch_sf10,instant,q19,1,2440.0,2525.835705921054,1094320128,0,1094320128,9f58bd0331b4048c0c8830ae415e993916c8097e662b4eb3adde5680fdc82c62,0,False
cold,tpch_sf10,instant,q19,2,2531.0,2610.7041649520397,1096646656,0,1096646656,9f58bd0331b4048c0c8830ae415e993916c8097e662b4eb3adde5680fdc82c62,0,False
cold,tpch_sf10,instant,q19,3,2692.0,2777.047572657466,1095696384,0,1095696384,9f58bd0331b4048c0c8830ae415e993916c8097e662b4eb3adde5680fdc82c62,0,False
cold,tpch_sf10,instant,q20,1,1950.0,2033.3440797403455,888938496,0,888938496,55d95cef949d06ab99c591ddb23e2d59e12c6d842c4e1644a8d4ff2b0fd37e4c,0,False
cold,tpch_sf10,instant,q20,2,1955.0,2036.7622654885054,888971264,0,888971264,55d95cef949d06ab99c591ddb23e2d59e12c6d842c4e1644a8d4ff2b0fd37e4c,0,False
cold,tpch_sf10,instant,q20,3,1971.0,2052.3734521120787,888905728,0,888905728,55d95cef949d06ab99c591ddb23e2d59e12c6d842c4e1644a8d4ff2b0fd37e4c,0,False
cold,tpch_sf10,instant,q21,1,2670.0,2757.246369495988,726372352,0,726372352,958be20bb3302948a96fcba0887fd40d7db16300a7599d18cfb5c50e5eefc501,0,False
cold,tpch_sf10,instant,q21,2,2680.0,2761.1352372914553,726372352,0,726372352,958be20bb3302948a96fcba0887fd40d7db16300a7599d18cfb5c50e5eefc501,0,False
cold,tpch_sf10,instant,q21,3,2672.0,2757.423278875649,726634496,0,726634496,958be20bb3302948a96fcba0887fd40d7db16300a7599d18cfb5c50e5eefc501,0,False
cold,tpch_sf10,instant,q22,1,553.0,630.8500887826085,88473600,0,88473600,53454ae4dda6a856f19b960eb45c2adf3e325a4f94587699c56e521dd6d3be6a,0,False
cold,tpch_sf10,instant,q22,2,524.0,599.9624850228429,88473600,0,88473600,53454ae4dda6a856f19b960eb45c2adf3e325a4f94587699c56e521dd6d3be6a,0,False
cold,tpch_sf10,instant,q22,3,518.0,594.6914963424206,88473600,0,88473600,53454ae4dda6a856f19b960eb45c2adf3e325a4f94587699c56e521dd6d3be6a,0,False
cold,appian,oracle,q01,1,1307.0,1364.2844697460532,107298816,0,107298816,717f71f3ae7ab741c265821fdadfe1f49104538b8e508d78f6c6aff64476551a,0,False
cold,appian,oracle,q01,2,1303.0,1354.0221452713013,107298816,0,107298816,717f71f3ae7ab741c265821fdadfe1f49104538b8e508d78f6c6aff64476551a,0,False
cold,appian,oracle,q01,3,1287.0,1340.1337079703808,107298816,0,107298816,717f71f3ae7ab741c265821fdadfe1f49104538b8e508d78f6c6aff64476551a,0,False
cold,appian,oracle,q02,1,3211.0,3286.0534731298685,248365056,0,248365056,0fb6abf32140aec8c216d9fd0cf5d892428e38bea3eccd795ee9598b3dfcf0ee,0,False
cold,appian,oracle,q02,2,3180.0,3254.7453017905354,248365056,0,248365056,0fb6abf32140aec8c216d9fd0cf5d892428e38bea3eccd795ee9598b3dfcf0ee,0,False
cold,appian,oracle,q02,3,3148.0,3220.148521475494,248365056,0,248365056,0fb6abf32140aec8c216d9fd0cf5d892428e38bea3eccd795ee9598b3dfcf0ee,0,False
cold,appian,oracle,q03,1,3052.0,3121.3614214211702,234958848,0,234958848,0b1170e4078a4f09f353871cfded465d2389313d3327b2bab04dcfff5da97ea3,0,False
cold,appian,oracle,q03,2,3036.0,3105.9660399332643,234434560,0,234434560,0b1170e4078a4f09f353871cfded465d2389313d3327b2bab04dcfff5da97ea3,0,False
cold,appian,oracle,q03,3,3036.0,3103.642479516566,234434560,0,234434560,0b1170e4078a4f09f353871cfded465d2389313d3327b2bab04dcfff5da97ea3,0,False
cold,appian,oracle,q04,1,11113.0,11194.51991096139,290799616,0,290799616,6ed54a3f927dbd75357831fcf551cfef3f06ac4383fe42a8ce79246a4fa4ca53,0,False
cold,appian,oracle,q04,2,11409.0,11500.680801458657,290799616,0,290799616,6ed54a3f927dbd75357831fcf551cfef3f06ac4383fe42a8ce79246a4fa4ca53,0,False
cold,appian,oracle,q04,3,11278.0,11361.580781638622,290799616,0,290799616,6ed54a3f927dbd75357831fcf551cfef3f06ac4383fe42a8ce79246a4fa4ca53,0,False
cold,appian,oracle,q05,1,2029.0,2084.241689182818,176504832,0,176504832,235b3c19c2599d2f62b4b8dedf8fafba711051bfa3d12fa101dfc132e7e7fda7,0,False
cold,appian,oracle,q05,2,2031.0000000000002,2088.8426480814815,176504832,0,176504832,235b3c19c2599d2f62b4b8dedf8fafba711051bfa3d12fa101dfc132e7e7fda7,0,False
cold,appian,oracle,q05,3,2037.0,2098.5755687579513,176504832,0,176504832,235b3c19c2599d2f62b4b8dedf8fafba711051bfa3d12fa101dfc132e7e7fda7,0,False
cold,appian,oracle,q06,1,2200.0,2256.5811574459076,115949568,0,115949568,52a117f58d6d7d8103c69f3fde0bac541cb47e949a9b37f4b4d3808169d7b257,0,False
cold,appian,oracle,q06,2,2246.0,2301.3991387560964,115949568,0,115949568,52a117f58d6d7d8103c69f3fde0bac541cb47e949a9b37f4b4d3808169d7b257,0,False
cold,appian,oracle,q06,3,2181.0,2236.431535333395,115949568,0,115949568,52a117f58d6d7d8103c69f3fde0bac541cb47e949a9b37f4b4d3808169d7b257,0,False
cold,appian,oracle,q07,1,2228.0,2311.553006991744,280625152,0,280625152,a23b059732f34729cc522c12376aa2032ca51437878c5d2c364092761345c407,0,False
cold,appian,oracle,q07,2,2174.0,2242.1669298782945,280891392,0,280891392,a23b059732f34729cc522c12376aa2032ca51437878c5d2c364092761345c407,0,False
cold,appian,oracle,q07,3,2163.0,2231.679329648614,281673728,0,281673728,a23b059732f34729cc522c12376aa2032ca51437878c5d2c364092761345c407,0,False
cold,appian,oracle,q08,1,17122.0,17307.747763581574,249475072,0,249475072,42fe5b5bb52ddd786c95a3f85454c8f5901e31c3b71ba551f5d7b6ef1a8fc007,0,False
cold,appian,oracle,q08,2,16999.0,17152.39185281098,249475072,0,249475072,42fe5b5bb52ddd786c95a3f85454c8f5901e31c3b71ba551f5d7b6ef1a8fc007,0,False
cold,appian,oracle,q08,3,16946.0,17122.36509937793,249475072,0,249475072,42fe5b5bb52ddd786c95a3f85454c8f5901e31c3b71ba551f5d7b6ef1a8fc007,0,False
cold,appian,prepared,q01,1,1478.0,1667.1848930418491,107315200,0,107315200,717f71f3ae7ab741c265821fdadfe1f49104538b8e508d78f6c6aff64476551a,0,False
cold,appian,prepared,q01,2,1486.0,1673.2429098337889,107315200,0,107315200,717f71f3ae7ab741c265821fdadfe1f49104538b8e508d78f6c6aff64476551a,0,False
cold,appian,prepared,q01,3,1484.0,1685.4779990389943,107315200,0,107315200,717f71f3ae7ab741c265821fdadfe1f49104538b8e508d78f6c6aff64476551a,0,False
cold,appian,prepared,q02,1,3330.0,3526.7629344016314,250753024,0,250753024,0fb6abf32140aec8c216d9fd0cf5d892428e38bea3eccd795ee9598b3dfcf0ee,0,False
cold,appian,prepared,q02,2,3309.0,3509.02206171304,251277312,0,251277312,0fb6abf32140aec8c216d9fd0cf5d892428e38bea3eccd795ee9598b3dfcf0ee,0,False
cold,appian,prepared,q02,3,3309.0,3509.4489688053727,251277312,0,251277312,0fb6abf32140aec8c216d9fd0cf5d892428e38bea3eccd795ee9598b3dfcf0ee,0,False
cold,appian,prepared,q03,1,2912.0,3119.673589244485,234188800,0,234188800,0b1170e4078a4f09f353871cfded465d2389313d3327b2bab04dcfff5da97ea3,0,False
cold,appian,prepared,q03,2,2871.0,3072.1612880006433,234188800,0,234188800,0b1170e4078a4f09f353871cfded465d2389313d3327b2bab04dcfff5da97ea3,0,False
cold,appian,prepared,q03,3,2860.0,3060.571815818548,234188800,0,234188800,0b1170e4078a4f09f353871cfded465d2389313d3327b2bab04dcfff5da97ea3,0,False
cold,appian,prepared,q04,1,11598.0,11804.00750786066,289239040,0,289239040,6ed54a3f927dbd75357831fcf551cfef3f06ac4383fe42a8ce79246a4fa4ca53,0,False
cold,appian,prepared,q04,2,11161.0,11409.267839044333,289239040,0,289239040,6ed54a3f927dbd75357831fcf551cfef3f06ac4383fe42a8ce79246a4fa4ca53,0,False
cold,appian,prepared,q04,3,11860.0,12072.103757411242,289239040,0,289239040,6ed54a3f927dbd75357831fcf551cfef3f06ac4383fe42a8ce79246a4fa4ca53,0,False
cold,appian,prepared,q05,1,2276.0,2470.374652184546,176521216,0,176521216,0f99fcafca6ba1bce8c993e056648cfd38713f2a335037acc951cf700429d476,0,False
cold,appian,prepared,q05,2,2259.0,2453.76639906317,176521216,0,176521216,0f99fcafca6ba1bce8c993e056648cfd38713f2a335037acc951cf700429d476,0,False
cold,appian,prepared,q05,3,2280.0,2478.847117163241,176521216,0,176521216,0f99fcafca6ba1bce8c993e056648cfd38713f2a335037acc951cf700429d476,0,False
cold,appian,prepared,q06,1,2622.0,2811.610536649823,115965952,0,115965952,52a117f58d6d7d8103c69f3fde0bac541cb47e949a9b37f4b4d3808169d7b257,0,False
cold,appian,prepared,q06,2,2634.0,2825.473653152585,115965952,0,115965952,52a117f58d6d7d8103c69f3fde0bac541cb47e949a9b37f4b4d3808169d7b257,0,False
cold,appian,prepared,q06,3,2677.0,2870.647403411567,115965952,0,115965952,52a117f58d6d7d8103c69f3fde0bac541cb47e949a9b37f4b4d3808169d7b257,0,False
cold,appian,prepared,q07,1,2154.0,2349.932753480971,280379392,0,280379392,a23b059732f34729cc522c12376aa2032ca51437878c5d2c364092761345c407,0,False
cold,appian,prepared,q07,2,2161.0,2355.0691846758127,279855104,0,279855104,a23b059732f34729cc522c12376aa2032ca51437878c5d2c364092761345c407,0,False
cold,appian,prepared,q07,3,2160.0,2354.7462625429034,280641536,0,280641536,a23b059732f34729cc522c12376aa2032ca51437878c5d2c364092761345c407,0,False
cold,appian,prepared,q08,1,16101.0,16331.58032875508,249491456,0,249491456,a7cc32536b439a5b3763fcc2688da9149ef6976d9ddb8f18625eab6c8918d5e9,0,False
cold,appian,prepared,q08,2,16616.0,16852.298490703106,249491456,0,249491456,a7cc32536b439a5b3763fcc2688da9149ef6976d9ddb8f18625eab6c8918d5e9,0,False
cold,appian,prepared,q08,3,15932.0,16152.822367846966,249491456,0,249491456,a7cc32536b439a5b3763fcc2688da9149ef6976d9ddb8f18625eab6c8918d5e9,0,False
cold,appian,instant,q01,1,1473.0,1554.9111757427454,107577344,0,107577344,717f71f3ae7ab741c265821fdadfe1f49104538b8e508d78f6c6aff64476551a,0,False
cold,appian,instant,q01,2,1471.0,1551.9232070073485,107577344,0,107577344,717f71f3ae7ab741c265821fdadfe1f49104538b8e508d78f6c6aff64476551a,0,False
cold,appian,instant,q01,3,1460.0,1549.609499052167,107577344,0,107577344,717f71f3ae7ab741c265821fdadfe1f49104538b8e508d78f6c6aff64476551a,0,False
cold,appian,instant,q02,1,3327.0,3445.9909135475755,244776960,0,244776960,0fb6abf32140aec8c216d9fd0cf5d892428e38bea3eccd795ee9598b3dfcf0ee,0,False
cold,appian,instant,q02,2,3288.0,3378.7919264286757,244514816,0,244514816,0fb6abf32140aec8c216d9fd0cf5d892428e38bea3eccd795ee9598b3dfcf0ee,0,False
cold,appian,instant,q02,3,3271.0,3363.7669710442424,244776960,0,244776960,0fb6abf32140aec8c216d9fd0cf5d892428e38bea3eccd795ee9598b3dfcf0ee,0,False
cold,appian,instant,q03,1,2836.0,2927.626920863986,229961728,0,229961728,0b1170e4078a4f09f353871cfded465d2389313d3327b2bab04dcfff5da97ea3,0,False
cold,appian,instant,q03,2,2837.0,2929.9724996089935,230486016,0,230486016,0b1170e4078a4f09f353871cfded465d2389313d3327b2bab04dcfff5da97ea3,0,False
cold,appian,instant,q03,3,2830.0,2920.470431447029,231010304,0,231010304,0b1170e4078a4f09f353871cfded465d2389313d3327b2bab04dcfff5da97ea3,0,False
cold,appian,instant,q04,1,11162.0,11264.32949025184,283242496,0,283242496,6ed54a3f927dbd75357831fcf551cfef3f06ac4383fe42a8ce79246a4fa4ca53,0,False
cold,appian,instant,q04,2,11112.0,11209.126083180308,283242496,0,283242496,6ed54a3f927dbd75357831fcf551cfef3f06ac4383fe42a8ce79246a4fa4ca53,0,False
cold,appian,instant,q04,3,11167.0,11273.583222180605,283242496,0,283242496,6ed54a3f927dbd75357831fcf551cfef3f06ac4383fe42a8ce79246a4fa4ca53,0,False
cold,appian,instant,q05,1,2239.0,2321.600225754082,174161920,0,174161920,0f99fcafca6ba1bce8c993e056648cfd38713f2a335037acc951cf700429d476,0,False
cold,appian,instant,q05,2,2252.0,2338.247758336365,174161920,0,174161920,0f99fcafca6ba1bce8c993e056648cfd38713f2a335037acc951cf700429d476,0,False
cold,appian,instant,q05,3,2253.0,2341.04201477021,174161920,0,174161920,0f99fcafca6ba1bce8c993e056648cfd38713f2a335037acc951cf700429d476,0,False
cold,appian,instant,q06,1,2627.0,2710.8954591676593,118587392,0,118587392,52a117f58d6d7d8103c69f3fde0bac541cb47e949a9b37f4b4d3808169d7b257,0,False
cold,appian,instant,q06,2,2638.0,2722.3000694066286,118587392,0,118587392,52a117f58d6d7d8103c69f3fde0bac541cb47e949a9b37f4b4d3808169d7b257,0,False
cold,appian,instant,q06,3,2645.0,2729.903057217598,118587392,0,118587392,52a117f58d6d7d8103c69f3fde0bac541cb47e949a9b37f4b4d3808169d7b257,0,False
cold,appian,instant,q07,1,2108.0,2197.4645778536797,278331392,0,278331392,a23b059732f34729cc522c12376aa2032ca51437878c5d2c364092761345c407,0,False
cold,appian,instant,q07,2,2110.0,2193.622895516455,278319104,0,278319104,a23b059732f34729cc522c12376aa2032ca51437878c5d2c364092761345c407,0,False
cold,appian,instant,q07,3,2135.0,2222.626327537,277762048,0,277762048,a23b059732f34729cc522c12376aa2032ca51437878c5d2c364092761345c407,0,False
cold,appian,instant,q08,1,16024.999999999998,16144.319729879498,247099392,0,247099392,a7cc32536b439a5b3763fcc2688da9149ef6976d9ddb8f18625eab6c8918d5e9,0,False
cold,appian,instant,q08,2,16253.0,16392.54864025861,247361536,0,247361536,a7cc32536b439a5b3763fcc2688da9149ef6976d9ddb8f18625eab6c8918d5e9,0,False
cold,appian,instant,q08,3,16248.999999999998,16364.090882241726,247361536,0,247361536,a7cc32536b439a5b3763fcc2688da9149ef6976d9ddb8f18625eab6c8918d5e9,0,False
